-- MySQL dump 10.15  Distrib 10.0.19-MariaDB, for debian-linux-gnu (x86_64)
--
-- Host: localhost    Database: portal_users
-- ------------------------------------------------------
-- Server version	10.0.19-MariaDB-1

/*!40101 SET @OLD_CHARACTER_SET_CLIENT=@@CHARACTER_SET_CLIENT */;
/*!40101 SET @OLD_CHARACTER_SET_RESULTS=@@CHARACTER_SET_RESULTS */;
/*!40101 SET @OLD_COLLATION_CONNECTION=@@COLLATION_CONNECTION */;
/*!40101 SET NAMES utf8 */;
/*!40103 SET @OLD_TIME_ZONE=@@TIME_ZONE */;
/*!40103 SET TIME_ZONE='+00:00' */;
/*!40014 SET @OLD_UNIQUE_CHECKS=@@UNIQUE_CHECKS, UNIQUE_CHECKS=0 */;
/*!40014 SET @OLD_FOREIGN_KEY_CHECKS=@@FOREIGN_KEY_CHECKS, FOREIGN_KEY_CHECKS=0 */;
/*!40101 SET @OLD_SQL_MODE=@@SQL_MODE, SQL_MODE='NO_AUTO_VALUE_ON_ZERO' */;
/*!40111 SET @OLD_SQL_NOTES=@@SQL_NOTES, SQL_NOTES=0 */;

--
-- Current Database: `portal_users`
--

CREATE DATABASE /*!32312 IF NOT EXISTS*/ `portal_users` /*!40100 DEFAULT CHARACTER SET utf8 */;

USE `portal_users`;

--
-- Table structure for table `acos`
--

DROP TABLE IF EXISTS `acos`;
/*!40101 SET @saved_cs_client     = @@character_set_client */;
/*!40101 SET character_set_client = utf8 */;
CREATE TABLE `acos` (
  `id` int(10) NOT NULL AUTO_INCREMENT,
  `parent_id` int(10) DEFAULT NULL,
  `model` varchar(255) DEFAULT NULL,
  `foreign_key` int(10) DEFAULT NULL,
  `alias` varchar(255) DEFAULT NULL,
  `lft` int(10) DEFAULT NULL,
  `rght` int(10) DEFAULT NULL,
  PRIMARY KEY (`id`),
  KEY `idx_acos_lft_rght` (`lft`,`rght`),
  KEY `idx_acos_alias` (`alias`),
  KEY `idx_acos_model_foreign_key` (`model`,`foreign_key`)
) ENGINE=InnoDB AUTO_INCREMENT=1187 DEFAULT CHARSET=latin1;
/*!40101 SET character_set_client = @saved_cs_client */;

--
-- Dumping data for table `acos`
--

LOCK TABLES `acos` WRITE;
/*!40000 ALTER TABLE `acos` DISABLE KEYS */;
INSERT INTO `acos` VALUES (1,NULL,NULL,NULL,'controllers',1,2350),(2,1,NULL,NULL,'Pages',2,17),(3,2,NULL,NULL,'display',3,4),(9,1,NULL,NULL,'Users',18,47),(10,9,NULL,NULL,'index',19,20),(11,9,NULL,NULL,'view',21,22),(12,9,NULL,NULL,'add',23,24),(13,9,NULL,NULL,'edit',25,26),(14,9,NULL,NULL,'delete',27,28),(15,9,NULL,NULL,'login',29,30),(16,9,NULL,NULL,'logout',31,32),(18,1,NULL,NULL,'Posts',48,71),(19,18,NULL,NULL,'index',49,50),(20,18,NULL,NULL,'view',51,52),(21,18,NULL,NULL,'add',53,54),(22,18,NULL,NULL,'edit',55,56),(23,18,NULL,NULL,'delete',57,58),(24,1,NULL,NULL,'Groups',72,95),(25,24,NULL,NULL,'index',73,74),(26,24,NULL,NULL,'view',75,76),(27,24,NULL,NULL,'add',77,78),(28,24,NULL,NULL,'edit',79,80),(29,24,NULL,NULL,'delete',81,82),(30,1,NULL,NULL,'Downloads',96,117),(31,30,NULL,NULL,'index',97,98),(32,30,NULL,NULL,'edit',99,100),(36,1,NULL,NULL,'Policies',118,149),(37,36,NULL,NULL,'index',119,120),(38,36,NULL,NULL,'view',121,122),(39,36,NULL,NULL,'edit',123,124),(42,36,NULL,NULL,'add',125,126),(43,36,NULL,NULL,'delete',127,128),(44,1,NULL,NULL,'Widgets',150,173),(45,44,NULL,NULL,'index',151,152),(46,44,NULL,NULL,'view',153,154),(47,44,NULL,NULL,'add',155,156),(48,44,NULL,NULL,'edit',157,158),(49,44,NULL,NULL,'delete',159,160),(50,1,NULL,NULL,'Companies',174,197),(51,50,NULL,NULL,'index',175,176),(52,50,NULL,NULL,'view',177,178),(53,50,NULL,NULL,'add',179,180),(54,50,NULL,NULL,'edit',181,182),(55,50,NULL,NULL,'delete',183,184),(56,1,NULL,NULL,'Acl',198,265),(57,56,NULL,NULL,'Acos',199,220),(58,57,NULL,NULL,'admin_index',200,201),(59,57,NULL,NULL,'admin_empty_acos',202,203),(60,57,NULL,NULL,'admin_prune_acos',204,205),(61,57,NULL,NULL,'admin_build_acl',206,207),(62,56,NULL,NULL,'Aros',221,264),(63,62,NULL,NULL,'admin_index',222,223),(64,62,NULL,NULL,'admin_check',224,225),(65,62,NULL,NULL,'admin_users',226,227),(66,62,NULL,NULL,'admin_update_user_role',228,229),(67,62,NULL,NULL,'admin_ajax_role_permissions',230,231),(68,62,NULL,NULL,'admin_role_permissions',232,233),(69,62,NULL,NULL,'admin_user_permissions',234,235),(70,62,NULL,NULL,'admin_empty_permissions',236,237),(71,62,NULL,NULL,'admin_grant_all_controllers',238,239),(72,62,NULL,NULL,'admin_deny_all_controllers',240,241),(73,62,NULL,NULL,'admin_get_role_controller_permission',242,243),(74,62,NULL,NULL,'admin_grant_role_permission',244,245),(75,62,NULL,NULL,'admin_deny_role_permission',246,247),(76,62,NULL,NULL,'admin_grant_user_permission',248,249),(77,62,NULL,NULL,'admin_deny_user_permission',250,251),(78,36,NULL,NULL,'filterFiles',129,130),(79,50,NULL,NULL,'checkExternalDb',185,186),(80,30,NULL,NULL,'clock',101,102),(81,30,NULL,NULL,'checkExternalDb',103,104),(82,24,NULL,NULL,'checkExternalDb',83,84),(83,2,NULL,NULL,'checkExternalDb',5,6),(84,1,NULL,NULL,'PoliciesAnexos',266,291),(85,84,NULL,NULL,'index',267,268),(86,84,NULL,NULL,'view',269,270),(87,84,NULL,NULL,'add',271,272),(88,84,NULL,NULL,'edit',273,274),(89,84,NULL,NULL,'delete',275,276),(90,84,NULL,NULL,'checkExternalDb',277,278),(91,36,NULL,NULL,'checkExternalDb',131,132),(92,1,NULL,NULL,'PoliciesFilters',292,315),(93,92,NULL,NULL,'index',293,294),(94,92,NULL,NULL,'view',295,296),(95,92,NULL,NULL,'add',297,298),(96,92,NULL,NULL,'edit',299,300),(97,92,NULL,NULL,'delete',301,302),(98,92,NULL,NULL,'checkExternalDb',303,304),(99,18,NULL,NULL,'checkExternalDb',59,60),(100,9,NULL,NULL,'checkExternalDb',33,34),(101,44,NULL,NULL,'checkExternalDb',161,162),(102,57,NULL,NULL,'checkExternalDb',208,209),(103,62,NULL,NULL,'checkExternalDb',252,253),(104,50,NULL,NULL,'getDocuments',187,188),(105,30,NULL,NULL,'getDocuments',105,106),(106,24,NULL,NULL,'getDocuments',85,86),(107,2,NULL,NULL,'getDocuments',7,8),(108,84,NULL,NULL,'getDocuments',279,280),(109,36,NULL,NULL,'type',133,134),(110,36,NULL,NULL,'getDocuments',135,136),(111,92,NULL,NULL,'getDocuments',305,306),(112,1,NULL,NULL,'PoliciesTypes',316,339),(113,112,NULL,NULL,'index',317,318),(114,112,NULL,NULL,'view',319,320),(115,112,NULL,NULL,'add',321,322),(116,112,NULL,NULL,'edit',323,324),(117,112,NULL,NULL,'delete',325,326),(118,112,NULL,NULL,'checkExternalDb',327,328),(119,112,NULL,NULL,'getDocuments',329,330),(120,18,NULL,NULL,'getDocuments',61,62),(121,9,NULL,NULL,'getDocuments',35,36),(122,44,NULL,NULL,'getDocuments',163,164),(123,57,NULL,NULL,'getDocuments',210,211),(124,62,NULL,NULL,'getDocuments',254,255),(125,1,NULL,NULL,'Casetas',340,369),(126,125,NULL,NULL,'index',341,342),(127,125,NULL,NULL,'view',343,344),(128,125,NULL,NULL,'add',345,346),(129,125,NULL,NULL,'edit',347,348),(130,125,NULL,NULL,'delete',349,350),(131,125,NULL,NULL,'checkExternalDb',351,352),(132,125,NULL,NULL,'getDocuments',353,354),(133,36,NULL,NULL,'format',137,138),(134,1,NULL,NULL,'PoliciesFormats',370,393),(135,134,NULL,NULL,'index',371,372),(136,134,NULL,NULL,'view',373,374),(137,134,NULL,NULL,'add',375,376),(138,134,NULL,NULL,'edit',377,378),(139,134,NULL,NULL,'delete',379,380),(140,134,NULL,NULL,'checkExternalDb',381,382),(141,134,NULL,NULL,'getDocuments',383,384),(142,125,NULL,NULL,'normalizeChars',355,356),(143,50,NULL,NULL,'normalizeChars',189,190),(144,30,NULL,NULL,'normalizeChars',107,108),(145,24,NULL,NULL,'normalizeChars',87,88),(146,2,NULL,NULL,'normalizeChars',9,10),(147,84,NULL,NULL,'addToPolicy',281,282),(148,84,NULL,NULL,'normalizeChars',283,284),(149,36,NULL,NULL,'normalizeChars',139,140),(150,92,NULL,NULL,'normalizeChars',307,308),(151,134,NULL,NULL,'normalizeChars',385,386),(152,112,NULL,NULL,'normalizeChars',331,332),(153,18,NULL,NULL,'normalizeChars',63,64),(154,9,NULL,NULL,'edit_password',37,38),(155,9,NULL,NULL,'normalizeChars',39,40),(156,44,NULL,NULL,'normalizeChars',165,166),(157,57,NULL,NULL,'normalizeChars',212,213),(158,62,NULL,NULL,'normalizeChars',256,257),(159,1,NULL,NULL,'BusinessUnits',394,417),(160,159,NULL,NULL,'index',395,396),(161,159,NULL,NULL,'view',397,398),(162,159,NULL,NULL,'add',399,400),(163,159,NULL,NULL,'edit',401,402),(164,159,NULL,NULL,'delete',403,404),(165,159,NULL,NULL,'checkExternalDb',405,406),(166,159,NULL,NULL,'getDocuments',407,408),(167,159,NULL,NULL,'normalizeChars',409,410),(168,30,NULL,NULL,'testing',109,110),(169,36,NULL,NULL,'edit_subtype',141,142),(170,1,NULL,NULL,'PoliciesSubtypes',418,441),(171,170,NULL,NULL,'index',419,420),(172,170,NULL,NULL,'view',421,422),(173,170,NULL,NULL,'add',423,424),(174,170,NULL,NULL,'edit',425,426),(175,170,NULL,NULL,'delete',427,428),(176,170,NULL,NULL,'checkExternalDb',429,430),(177,170,NULL,NULL,'getDocuments',431,432),(178,170,NULL,NULL,'normalizeChars',433,434),(179,1,NULL,NULL,'PoliciesSubtypesDefinitions',442,465),(180,179,NULL,NULL,'index',443,444),(181,179,NULL,NULL,'view',445,446),(182,179,NULL,NULL,'add',447,448),(183,179,NULL,NULL,'edit',449,450),(184,179,NULL,NULL,'delete',451,452),(185,179,NULL,NULL,'checkExternalDb',453,454),(186,179,NULL,NULL,'getDocuments',455,456),(187,179,NULL,NULL,'normalizeChars',457,458),(188,159,NULL,NULL,'buildMenu',411,412),(189,125,NULL,NULL,'buildMenu',357,358),(190,50,NULL,NULL,'buildMenu',191,192),(191,30,NULL,NULL,'buildMenu',111,112),(192,24,NULL,NULL,'buildMenu',89,90),(193,2,NULL,NULL,'buildMenu',11,12),(194,84,NULL,NULL,'buildMenu',285,286),(195,36,NULL,NULL,'buildMenu',143,144),(196,92,NULL,NULL,'buildMenu',309,310),(197,134,NULL,NULL,'buildMenu',387,388),(198,170,NULL,NULL,'buildMenu',435,436),(199,179,NULL,NULL,'buildMenu',459,460),(200,112,NULL,NULL,'buildMenu',333,334),(201,18,NULL,NULL,'buildMenu',65,66),(202,9,NULL,NULL,'buildMenu',41,42),(203,44,NULL,NULL,'buildMenu',167,168),(204,57,NULL,NULL,'buildMenu',214,215),(205,62,NULL,NULL,'buildMenu',258,259),(206,159,NULL,NULL,'extendsUsersMenu',413,414),(207,125,NULL,NULL,'extendsUsersMenu',359,360),(208,1,NULL,NULL,'CatalogDatas',466,489),(209,208,NULL,NULL,'index',467,468),(210,208,NULL,NULL,'view',469,470),(211,208,NULL,NULL,'add',471,472),(212,208,NULL,NULL,'edit',473,474),(213,208,NULL,NULL,'delete',475,476),(214,208,NULL,NULL,'checkExternalDb',477,478),(215,208,NULL,NULL,'getDocuments',479,480),(216,208,NULL,NULL,'buildMenu',481,482),(217,208,NULL,NULL,'extendsUsersMenu',483,484),(218,208,NULL,NULL,'normalizeChars',485,486),(219,1,NULL,NULL,'CatalogFields',490,513),(220,219,NULL,NULL,'index',491,492),(221,219,NULL,NULL,'view',493,494),(222,219,NULL,NULL,'add',495,496),(223,219,NULL,NULL,'edit',497,498),(224,219,NULL,NULL,'delete',499,500),(225,219,NULL,NULL,'checkExternalDb',501,502),(226,219,NULL,NULL,'getDocuments',503,504),(227,219,NULL,NULL,'buildMenu',505,506),(228,219,NULL,NULL,'extendsUsersMenu',507,508),(229,219,NULL,NULL,'normalizeChars',509,510),(230,1,NULL,NULL,'CatalogNames',514,537),(231,230,NULL,NULL,'index',515,516),(232,230,NULL,NULL,'view',517,518),(233,230,NULL,NULL,'add',519,520),(234,230,NULL,NULL,'edit',521,522),(235,230,NULL,NULL,'delete',523,524),(236,230,NULL,NULL,'checkExternalDb',525,526),(237,230,NULL,NULL,'getDocuments',527,528),(238,230,NULL,NULL,'buildMenu',529,530),(239,230,NULL,NULL,'extendsUsersMenu',531,532),(240,230,NULL,NULL,'normalizeChars',533,534),(241,50,NULL,NULL,'extendsUsersMenu',193,194),(242,30,NULL,NULL,'extendsUsersMenu',113,114),(243,1,NULL,NULL,'FieldDatas',538,567),(244,243,NULL,NULL,'index',539,540),(245,243,NULL,NULL,'view',541,542),(246,243,NULL,NULL,'add',543,544),(247,243,NULL,NULL,'edit',545,546),(248,243,NULL,NULL,'delete',547,548),(249,243,NULL,NULL,'checkExternalDb',549,550),(250,243,NULL,NULL,'getDocuments',551,552),(251,243,NULL,NULL,'buildMenu',553,554),(252,243,NULL,NULL,'extendsUsersMenu',555,556),(253,243,NULL,NULL,'normalizeChars',557,558),(254,1,NULL,NULL,'FieldNames',568,591),(255,254,NULL,NULL,'index',569,570),(256,254,NULL,NULL,'view',571,572),(257,254,NULL,NULL,'add',573,574),(258,254,NULL,NULL,'edit',575,576),(259,254,NULL,NULL,'delete',577,578),(260,254,NULL,NULL,'checkExternalDb',579,580),(261,254,NULL,NULL,'getDocuments',581,582),(262,254,NULL,NULL,'buildMenu',583,584),(263,254,NULL,NULL,'extendsUsersMenu',585,586),(264,254,NULL,NULL,'normalizeChars',587,588),(265,1,NULL,NULL,'FieldViews',592,615),(266,265,NULL,NULL,'index',593,594),(267,265,NULL,NULL,'view',595,596),(268,265,NULL,NULL,'add',597,598),(269,265,NULL,NULL,'edit',599,600),(270,265,NULL,NULL,'delete',601,602),(271,265,NULL,NULL,'checkExternalDb',603,604),(272,265,NULL,NULL,'getDocuments',605,606),(273,265,NULL,NULL,'buildMenu',607,608),(274,265,NULL,NULL,'extendsUsersMenu',609,610),(275,265,NULL,NULL,'normalizeChars',611,612),(276,24,NULL,NULL,'extendsUsersMenu',91,92),(277,2,NULL,NULL,'extendsUsersMenu',13,14),(278,84,NULL,NULL,'extendsUsersMenu',287,288),(279,36,NULL,NULL,'extendsUsersMenu',145,146),(280,92,NULL,NULL,'extendsUsersMenu',311,312),(281,134,NULL,NULL,'extendsUsersMenu',389,390),(282,170,NULL,NULL,'extendsUsersMenu',437,438),(283,179,NULL,NULL,'extendsUsersMenu',461,462),(284,112,NULL,NULL,'extendsUsersMenu',335,336),(285,18,NULL,NULL,'extendsUsersMenu',67,68),(286,9,NULL,NULL,'extendsUsersMenu',43,44),(287,1,NULL,NULL,'ViewTypes',616,639),(288,287,NULL,NULL,'index',617,618),(289,287,NULL,NULL,'view',619,620),(290,287,NULL,NULL,'add',621,622),(291,287,NULL,NULL,'edit',623,624),(292,287,NULL,NULL,'delete',625,626),(293,287,NULL,NULL,'checkExternalDb',627,628),(294,287,NULL,NULL,'getDocuments',629,630),(295,287,NULL,NULL,'buildMenu',631,632),(296,287,NULL,NULL,'extendsUsersMenu',633,634),(297,287,NULL,NULL,'normalizeChars',635,636),(298,44,NULL,NULL,'extendsUsersMenu',169,170),(299,57,NULL,NULL,'extendsUsersMenu',216,217),(300,62,NULL,NULL,'extendsUsersMenu',260,261),(301,159,NULL,NULL,'setSmb',415,416),(302,125,NULL,NULL,'setSmb',361,362),(303,208,NULL,NULL,'setSmb',487,488),(304,219,NULL,NULL,'setSmb',511,512),(305,230,NULL,NULL,'setSmb',535,536),(306,50,NULL,NULL,'setSmb',195,196),(307,30,NULL,NULL,'setSmb',115,116),(308,243,NULL,NULL,'select_catalog_data',559,560),(309,243,NULL,NULL,'select_new_data',561,562),(310,243,NULL,NULL,'fieldConfig',563,564),(311,243,NULL,NULL,'setSmb',565,566),(312,254,NULL,NULL,'setSmb',589,590),(313,265,NULL,NULL,'setSmb',613,614),(314,24,NULL,NULL,'setSmb',93,94),(315,2,NULL,NULL,'setSmb',15,16),(316,84,NULL,NULL,'setSmb',289,290),(317,36,NULL,NULL,'setSmb',147,148),(318,92,NULL,NULL,'setSmb',313,314),(319,134,NULL,NULL,'setSmb',391,392),(320,170,NULL,NULL,'setSmb',439,440),(321,179,NULL,NULL,'setSmb',463,464),(322,112,NULL,NULL,'setSmb',337,338),(323,18,NULL,NULL,'setSmb',69,70),(324,9,NULL,NULL,'setSmb',45,46),(325,287,NULL,NULL,'setSmb',637,638),(326,44,NULL,NULL,'setSmb',171,172),(327,57,NULL,NULL,'setSmb',218,219),(328,62,NULL,NULL,'setSmb',262,263),(329,1,NULL,NULL,'MrSourceAccounts',640,669),(330,329,NULL,NULL,'index',641,642),(331,329,NULL,NULL,'view',643,644),(332,329,NULL,NULL,'convertXLStoCSV',645,646),(333,329,NULL,NULL,'record',647,648),(334,329,NULL,NULL,'source_company',649,650),(335,329,NULL,NULL,'add',651,652),(336,329,NULL,NULL,'edit',653,654),(337,329,NULL,NULL,'delete',655,656),(338,329,NULL,NULL,'checkExternalDb',657,658),(339,329,NULL,NULL,'getDocuments',659,660),(340,329,NULL,NULL,'buildMenu',661,662),(341,329,NULL,NULL,'extendsUsersMenu',663,664),(342,329,NULL,NULL,'setSmb',665,666),(343,329,NULL,NULL,'normalizeChars',667,668),(344,1,NULL,NULL,'MrSourceConfigs',670,695),(345,344,NULL,NULL,'index',671,672),(346,344,NULL,NULL,'view',673,674),(347,344,NULL,NULL,'convertXLStoCSV',675,676),(348,344,NULL,NULL,'add',677,678),(349,344,NULL,NULL,'edit',679,680),(350,344,NULL,NULL,'delete',681,682),(351,344,NULL,NULL,'checkExternalDb',683,684),(352,344,NULL,NULL,'getDocuments',685,686),(353,344,NULL,NULL,'buildMenu',687,688),(354,344,NULL,NULL,'extendsUsersMenu',689,690),(355,344,NULL,NULL,'setSmb',691,692),(356,344,NULL,NULL,'normalizeChars',693,694),(357,1,NULL,NULL,'MrSourceControls',696,723),(358,357,NULL,NULL,'index',697,698),(359,357,NULL,NULL,'add_period',699,700),(360,357,NULL,NULL,'updateSources',701,702),(361,357,NULL,NULL,'view',703,704),(362,357,NULL,NULL,'add',705,706),(363,357,NULL,NULL,'edit',707,708),(364,357,NULL,NULL,'delete',709,710),(365,357,NULL,NULL,'checkExternalDb',711,712),(366,357,NULL,NULL,'getDocuments',713,714),(367,357,NULL,NULL,'buildMenu',715,716),(368,357,NULL,NULL,'extendsUsersMenu',717,718),(369,357,NULL,NULL,'setSmb',719,720),(370,357,NULL,NULL,'normalizeChars',721,722),(371,1,NULL,NULL,'MrSourceKeys',724,747),(372,371,NULL,NULL,'index',725,726),(373,371,NULL,NULL,'view',727,728),(374,371,NULL,NULL,'add',729,730),(375,371,NULL,NULL,'edit',731,732),(376,371,NULL,NULL,'delete',733,734),(377,371,NULL,NULL,'checkExternalDb',735,736),(378,371,NULL,NULL,'getDocuments',737,738),(379,371,NULL,NULL,'buildMenu',739,740),(380,371,NULL,NULL,'extendsUsersMenu',741,742),(381,371,NULL,NULL,'setSmb',743,744),(382,371,NULL,NULL,'normalizeChars',745,746),(383,1,NULL,NULL,'MrSourceReports',748,771),(384,383,NULL,NULL,'index',749,750),(385,383,NULL,NULL,'view',751,752),(386,383,NULL,NULL,'add',753,754),(387,383,NULL,NULL,'edit',755,756),(388,383,NULL,NULL,'delete',757,758),(389,383,NULL,NULL,'checkExternalDb',759,760),(390,383,NULL,NULL,'getDocuments',761,762),(391,383,NULL,NULL,'buildMenu',763,764),(392,383,NULL,NULL,'extendsUsersMenu',765,766),(393,383,NULL,NULL,'setSmb',767,768),(394,383,NULL,NULL,'normalizeChars',769,770),(395,1,NULL,NULL,'Tralixes',772,795),(396,395,NULL,NULL,'index',773,774),(397,395,NULL,NULL,'view',775,776),(398,395,NULL,NULL,'add',777,778),(399,395,NULL,NULL,'edit',779,780),(400,395,NULL,NULL,'delete',781,782),(401,395,NULL,NULL,'checkExternalDb',783,784),(402,395,NULL,NULL,'getDocuments',785,786),(403,395,NULL,NULL,'buildMenu',787,788),(404,395,NULL,NULL,'extendsUsersMenu',789,790),(405,395,NULL,NULL,'setSmb',791,792),(406,395,NULL,NULL,'normalizeChars',793,794),(407,1,NULL,NULL,'Debug Kit',796,815),(408,407,NULL,NULL,'ToolbarAccess',797,814),(409,408,NULL,NULL,'history_state',798,799),(410,408,NULL,NULL,'sql_explain',800,801),(411,408,NULL,NULL,'checkExternalDb',802,803),(412,408,NULL,NULL,'getDocuments',804,805),(413,408,NULL,NULL,'buildMenu',806,807),(414,408,NULL,NULL,'extendsUsersMenu',808,809),(415,408,NULL,NULL,'setSmb',810,811),(416,408,NULL,NULL,'normalizeChars',812,813),(417,1,NULL,NULL,'Calendars',816,845),(418,417,NULL,NULL,'index',817,818),(419,417,NULL,NULL,'feed',819,820),(420,417,NULL,NULL,'negative',821,822),(421,417,NULL,NULL,'dropsize',823,824),(422,417,NULL,NULL,'view',825,826),(423,417,NULL,NULL,'add',827,828),(424,417,NULL,NULL,'edit',829,830),(425,417,NULL,NULL,'delete',831,832),(426,417,NULL,NULL,'checkExternalDb',833,834),(427,417,NULL,NULL,'getDocuments',835,836),(428,417,NULL,NULL,'buildMenu',837,838),(429,417,NULL,NULL,'extendsUsersMenu',839,840),(430,417,NULL,NULL,'setSmb',841,842),(431,417,NULL,NULL,'normalizeChars',843,844),(432,1,NULL,NULL,'MrSourceMains',846,869),(433,432,NULL,NULL,'index',847,848),(434,432,NULL,NULL,'view',849,850),(435,432,NULL,NULL,'add',851,852),(436,432,NULL,NULL,'edit',853,854),(437,432,NULL,NULL,'delete',855,856),(438,432,NULL,NULL,'checkExternalDb',857,858),(439,432,NULL,NULL,'getDocuments',859,860),(440,432,NULL,NULL,'buildMenu',861,862),(441,432,NULL,NULL,'extendsUsersMenu',863,864),(442,432,NULL,NULL,'setSmb',865,866),(443,432,NULL,NULL,'normalizeChars',867,868),(444,1,NULL,NULL,'SecureCalendars',870,905),(445,444,NULL,NULL,'index',871,872),(446,444,NULL,NULL,'accomplishment',873,874),(447,444,NULL,NULL,'math_map',875,876),(448,444,NULL,NULL,'statistics_topics',877,878),(449,444,NULL,NULL,'feed',879,880),(450,444,NULL,NULL,'negative',881,882),(451,444,NULL,NULL,'dropsize',883,884),(452,444,NULL,NULL,'view',885,886),(453,444,NULL,NULL,'add',887,888),(454,444,NULL,NULL,'edit',889,890),(455,444,NULL,NULL,'delete',891,892),(456,444,NULL,NULL,'checkExternalDb',893,894),(457,444,NULL,NULL,'getDocuments',895,896),(458,444,NULL,NULL,'buildMenu',897,898),(459,444,NULL,NULL,'extendsUsersMenu',899,900),(460,444,NULL,NULL,'setSmb',901,902),(461,444,NULL,NULL,'normalizeChars',903,904),(462,1,NULL,NULL,'SecureControlUsers',906,929),(463,462,NULL,NULL,'index',907,908),(464,462,NULL,NULL,'view',909,910),(465,462,NULL,NULL,'add',911,912),(466,462,NULL,NULL,'edit',913,914),(467,462,NULL,NULL,'delete',915,916),(468,462,NULL,NULL,'checkExternalDb',917,918),(469,462,NULL,NULL,'getDocuments',919,920),(470,462,NULL,NULL,'buildMenu',921,922),(471,462,NULL,NULL,'extendsUsersMenu',923,924),(472,462,NULL,NULL,'setSmb',925,926),(473,462,NULL,NULL,'normalizeChars',927,928),(474,1,NULL,NULL,'SecureGos',930,953),(475,474,NULL,NULL,'index',931,932),(476,474,NULL,NULL,'view',933,934),(477,474,NULL,NULL,'add',935,936),(478,474,NULL,NULL,'edit',937,938),(479,474,NULL,NULL,'delete',939,940),(480,474,NULL,NULL,'checkExternalDb',941,942),(481,474,NULL,NULL,'getDocuments',943,944),(482,474,NULL,NULL,'buildMenu',945,946),(483,474,NULL,NULL,'extendsUsersMenu',947,948),(484,474,NULL,NULL,'setSmb',949,950),(485,474,NULL,NULL,'normalizeChars',951,952),(486,1,NULL,NULL,'SecureGpoChiefs',954,977),(487,486,NULL,NULL,'index',955,956),(488,486,NULL,NULL,'view',957,958),(489,486,NULL,NULL,'add',959,960),(490,486,NULL,NULL,'edit',961,962),(491,486,NULL,NULL,'delete',963,964),(492,486,NULL,NULL,'checkExternalDb',965,966),(493,486,NULL,NULL,'getDocuments',967,968),(494,486,NULL,NULL,'buildMenu',969,970),(495,486,NULL,NULL,'extendsUsersMenu',971,972),(496,486,NULL,NULL,'setSmb',973,974),(497,486,NULL,NULL,'normalizeChars',975,976),(498,1,NULL,NULL,'SecurePresenters',978,1001),(499,498,NULL,NULL,'index',979,980),(500,498,NULL,NULL,'view',981,982),(501,498,NULL,NULL,'add',983,984),(502,498,NULL,NULL,'edit',985,986),(503,498,NULL,NULL,'delete',987,988),(504,498,NULL,NULL,'checkExternalDb',989,990),(505,498,NULL,NULL,'getDocuments',991,992),(506,498,NULL,NULL,'buildMenu',993,994),(507,498,NULL,NULL,'extendsUsersMenu',995,996),(508,498,NULL,NULL,'setSmb',997,998),(509,498,NULL,NULL,'normalizeChars',999,1000),(510,1,NULL,NULL,'SecureStructures',1002,1025),(511,510,NULL,NULL,'index',1003,1004),(512,510,NULL,NULL,'view',1005,1006),(513,510,NULL,NULL,'add',1007,1008),(514,510,NULL,NULL,'edit',1009,1010),(515,510,NULL,NULL,'delete',1011,1012),(516,510,NULL,NULL,'checkExternalDb',1013,1014),(517,510,NULL,NULL,'getDocuments',1015,1016),(518,510,NULL,NULL,'buildMenu',1017,1018),(519,510,NULL,NULL,'extendsUsersMenu',1019,1020),(520,510,NULL,NULL,'setSmb',1021,1022),(521,510,NULL,NULL,'normalizeChars',1023,1024),(522,1,NULL,NULL,'SecureTopics',1026,1049),(523,522,NULL,NULL,'index',1027,1028),(524,522,NULL,NULL,'view',1029,1030),(525,522,NULL,NULL,'add',1031,1032),(526,522,NULL,NULL,'edit',1033,1034),(527,522,NULL,NULL,'delete',1035,1036),(528,522,NULL,NULL,'checkExternalDb',1037,1038),(529,522,NULL,NULL,'getDocuments',1039,1040),(530,522,NULL,NULL,'buildMenu',1041,1042),(531,522,NULL,NULL,'extendsUsersMenu',1043,1044),(532,522,NULL,NULL,'setSmb',1045,1046),(533,522,NULL,NULL,'normalizeChars',1047,1048),(534,1,NULL,NULL,'SecureTopicsTypes',1050,1073),(535,534,NULL,NULL,'index',1051,1052),(536,534,NULL,NULL,'view',1053,1054),(537,534,NULL,NULL,'add',1055,1056),(538,534,NULL,NULL,'edit',1057,1058),(539,534,NULL,NULL,'delete',1059,1060),(540,534,NULL,NULL,'checkExternalDb',1061,1062),(541,534,NULL,NULL,'getDocuments',1063,1064),(542,534,NULL,NULL,'buildMenu',1065,1066),(543,534,NULL,NULL,'extendsUsersMenu',1067,1068),(544,534,NULL,NULL,'setSmb',1069,1070),(545,534,NULL,NULL,'normalizeChars',1071,1072),(546,1,NULL,NULL,'ViewGetPayrolls',1074,1097),(547,546,NULL,NULL,'index',1075,1076),(548,546,NULL,NULL,'view',1077,1078),(549,546,NULL,NULL,'add',1079,1080),(550,546,NULL,NULL,'edit',1081,1082),(551,546,NULL,NULL,'delete',1083,1084),(552,546,NULL,NULL,'checkExternalDb',1085,1086),(553,546,NULL,NULL,'getDocuments',1087,1088),(554,546,NULL,NULL,'buildMenu',1089,1090),(555,546,NULL,NULL,'extendsUsersMenu',1091,1092),(556,546,NULL,NULL,'setSmb',1093,1094),(557,546,NULL,NULL,'normalizeChars',1095,1096),(558,1,NULL,NULL,'CasetasConciliations',1098,1121),(559,558,NULL,NULL,'index',1099,1100),(560,558,NULL,NULL,'view',1101,1102),(561,558,NULL,NULL,'add',1103,1104),(562,558,NULL,NULL,'edit',1105,1106),(563,558,NULL,NULL,'delete',1107,1108),(564,558,NULL,NULL,'checkExternalDb',1109,1110),(565,558,NULL,NULL,'getDocuments',1111,1112),(566,558,NULL,NULL,'buildMenu',1113,1114),(567,558,NULL,NULL,'extendsUsersMenu',1115,1116),(568,558,NULL,NULL,'setSmb',1117,1118),(569,558,NULL,NULL,'normalizeChars',1119,1120),(570,125,NULL,NULL,'resume_stand',363,364),(571,125,NULL,NULL,'tiger_casetas',365,366),(572,1,NULL,NULL,'CasetasControlsEvents',1122,1145),(573,572,NULL,NULL,'index',1123,1124),(574,572,NULL,NULL,'view',1125,1126),(575,572,NULL,NULL,'add',1127,1128),(576,572,NULL,NULL,'edit',1129,1130),(577,572,NULL,NULL,'delete',1131,1132),(578,572,NULL,NULL,'checkExternalDb',1133,1134),(579,572,NULL,NULL,'getDocuments',1135,1136),(580,572,NULL,NULL,'buildMenu',1137,1138),(581,572,NULL,NULL,'extendsUsersMenu',1139,1140),(582,572,NULL,NULL,'setSmb',1141,1142),(583,572,NULL,NULL,'normalizeChars',1143,1144),(584,1,NULL,NULL,'CasetasControlsFiles',1146,1169),(585,584,NULL,NULL,'index',1147,1148),(586,584,NULL,NULL,'view',1149,1150),(587,584,NULL,NULL,'add',1151,1152),(588,584,NULL,NULL,'edit',1153,1154),(589,584,NULL,NULL,'delete',1155,1156),(590,584,NULL,NULL,'checkExternalDb',1157,1158),(591,584,NULL,NULL,'getDocuments',1159,1160),(592,584,NULL,NULL,'buildMenu',1161,1162),(593,584,NULL,NULL,'extendsUsersMenu',1163,1164),(594,584,NULL,NULL,'setSmb',1165,1166),(595,584,NULL,NULL,'normalizeChars',1167,1168),(596,1,NULL,NULL,'CasetasCorporations',1170,1193),(597,596,NULL,NULL,'index',1171,1172),(598,596,NULL,NULL,'view',1173,1174),(599,596,NULL,NULL,'add',1175,1176),(600,596,NULL,NULL,'edit',1177,1178),(601,596,NULL,NULL,'delete',1179,1180),(602,596,NULL,NULL,'checkExternalDb',1181,1182),(603,596,NULL,NULL,'getDocuments',1183,1184),(604,596,NULL,NULL,'buildMenu',1185,1186),(605,596,NULL,NULL,'extendsUsersMenu',1187,1188),(606,596,NULL,NULL,'setSmb',1189,1190),(607,596,NULL,NULL,'normalizeChars',1191,1192),(608,1,NULL,NULL,'CasetasEvents',1194,1217),(609,608,NULL,NULL,'index',1195,1196),(610,608,NULL,NULL,'view',1197,1198),(611,608,NULL,NULL,'add',1199,1200),(612,608,NULL,NULL,'edit',1201,1202),(613,608,NULL,NULL,'delete',1203,1204),(614,608,NULL,NULL,'checkExternalDb',1205,1206),(615,608,NULL,NULL,'getDocuments',1207,1208),(616,608,NULL,NULL,'buildMenu',1209,1210),(617,608,NULL,NULL,'extendsUsersMenu',1211,1212),(618,608,NULL,NULL,'setSmb',1213,1214),(619,608,NULL,NULL,'normalizeChars',1215,1216),(620,1,NULL,NULL,'CasetasHistoricalConciliations',1218,1241),(621,620,NULL,NULL,'index',1219,1220),(622,620,NULL,NULL,'view',1221,1222),(623,620,NULL,NULL,'add',1223,1224),(624,620,NULL,NULL,'edit',1225,1226),(625,620,NULL,NULL,'delete',1227,1228),(626,620,NULL,NULL,'checkExternalDb',1229,1230),(627,620,NULL,NULL,'getDocuments',1231,1232),(628,620,NULL,NULL,'buildMenu',1233,1234),(629,620,NULL,NULL,'extendsUsersMenu',1235,1236),(630,620,NULL,NULL,'setSmb',1237,1238),(631,620,NULL,NULL,'normalizeChars',1239,1240),(632,1,NULL,NULL,'CasetasLogs',1242,1265),(633,632,NULL,NULL,'index',1243,1244),(634,632,NULL,NULL,'view',1245,1246),(635,632,NULL,NULL,'add',1247,1248),(636,632,NULL,NULL,'edit',1249,1250),(637,632,NULL,NULL,'delete',1251,1252),(638,632,NULL,NULL,'checkExternalDb',1253,1254),(639,632,NULL,NULL,'getDocuments',1255,1256),(640,632,NULL,NULL,'buildMenu',1257,1258),(641,632,NULL,NULL,'extendsUsersMenu',1259,1260),(642,632,NULL,NULL,'setSmb',1261,1262),(643,632,NULL,NULL,'normalizeChars',1263,1264),(644,1,NULL,NULL,'CasetasNotConciliations',1266,1289),(645,644,NULL,NULL,'index',1267,1268),(646,644,NULL,NULL,'view',1269,1270),(647,644,NULL,NULL,'add',1271,1272),(648,644,NULL,NULL,'edit',1273,1274),(649,644,NULL,NULL,'delete',1275,1276),(650,644,NULL,NULL,'checkExternalDb',1277,1278),(651,644,NULL,NULL,'getDocuments',1279,1280),(652,644,NULL,NULL,'buildMenu',1281,1282),(653,644,NULL,NULL,'extendsUsersMenu',1283,1284),(654,644,NULL,NULL,'setSmb',1285,1286),(655,644,NULL,NULL,'normalizeChars',1287,1288),(656,1,NULL,NULL,'CasetasParents',1290,1313),(657,656,NULL,NULL,'index',1291,1292),(658,656,NULL,NULL,'view',1293,1294),(659,656,NULL,NULL,'add',1295,1296),(660,656,NULL,NULL,'edit',1297,1298),(661,656,NULL,NULL,'delete',1299,1300),(662,656,NULL,NULL,'checkExternalDb',1301,1302),(663,656,NULL,NULL,'getDocuments',1303,1304),(664,656,NULL,NULL,'buildMenu',1305,1306),(665,656,NULL,NULL,'extendsUsersMenu',1307,1308),(666,656,NULL,NULL,'setSmb',1309,1310),(667,656,NULL,NULL,'normalizeChars',1311,1312),(668,1,NULL,NULL,'CasetasPendings',1314,1337),(669,668,NULL,NULL,'index',1315,1316),(670,668,NULL,NULL,'view',1317,1318),(671,668,NULL,NULL,'add',1319,1320),(672,668,NULL,NULL,'edit',1321,1322),(673,668,NULL,NULL,'delete',1323,1324),(674,668,NULL,NULL,'checkExternalDb',1325,1326),(675,668,NULL,NULL,'getDocuments',1327,1328),(676,668,NULL,NULL,'buildMenu',1329,1330),(677,668,NULL,NULL,'extendsUsersMenu',1331,1332),(678,668,NULL,NULL,'setSmb',1333,1334),(679,668,NULL,NULL,'normalizeChars',1335,1336),(680,1,NULL,NULL,'CasetasStandings',1338,1361),(681,680,NULL,NULL,'index',1339,1340),(682,680,NULL,NULL,'view',1341,1342),(683,680,NULL,NULL,'add',1343,1344),(684,680,NULL,NULL,'edit',1345,1346),(685,680,NULL,NULL,'delete',1347,1348),(686,680,NULL,NULL,'checkExternalDb',1349,1350),(687,680,NULL,NULL,'getDocuments',1351,1352),(688,680,NULL,NULL,'buildMenu',1353,1354),(689,680,NULL,NULL,'extendsUsersMenu',1355,1356),(690,680,NULL,NULL,'setSmb',1357,1358),(691,680,NULL,NULL,'normalizeChars',1359,1360),(692,1,NULL,NULL,'CasetasUnits',1362,1385),(693,692,NULL,NULL,'index',1363,1364),(694,692,NULL,NULL,'view',1365,1366),(695,692,NULL,NULL,'add',1367,1368),(696,692,NULL,NULL,'edit',1369,1370),(697,692,NULL,NULL,'delete',1371,1372),(698,692,NULL,NULL,'checkExternalDb',1373,1374),(699,692,NULL,NULL,'getDocuments',1375,1376),(700,692,NULL,NULL,'buildMenu',1377,1378),(701,692,NULL,NULL,'extendsUsersMenu',1379,1380),(702,692,NULL,NULL,'setSmb',1381,1382),(703,692,NULL,NULL,'normalizeChars',1383,1384),(704,1,NULL,NULL,'CasetasViewResumeStands',1386,1409),(705,704,NULL,NULL,'index',1387,1388),(706,704,NULL,NULL,'view',1389,1390),(707,704,NULL,NULL,'add',1391,1392),(708,704,NULL,NULL,'edit',1393,1394),(709,704,NULL,NULL,'delete',1395,1396),(710,704,NULL,NULL,'checkExternalDb',1397,1398),(711,704,NULL,NULL,'getDocuments',1399,1400),(712,704,NULL,NULL,'buildMenu',1401,1402),(713,704,NULL,NULL,'extendsUsersMenu',1403,1404),(714,704,NULL,NULL,'setSmb',1405,1406),(715,704,NULL,NULL,'normalizeChars',1407,1408),(716,1,NULL,NULL,'CasetasViews',1410,1441),(717,716,NULL,NULL,'index',1411,1412),(718,716,NULL,NULL,'view',1413,1414),(719,716,NULL,NULL,'add',1415,1416),(720,716,NULL,NULL,'edit',1417,1418),(721,716,NULL,NULL,'delete',1419,1420),(722,716,NULL,NULL,'checkExternalDb',1421,1422),(723,716,NULL,NULL,'getDocuments',1423,1424),(724,716,NULL,NULL,'buildMenu',1425,1426),(725,716,NULL,NULL,'extendsUsersMenu',1427,1428),(726,716,NULL,NULL,'setSmb',1429,1430),(727,716,NULL,NULL,'normalizeChars',1431,1432),(728,1,NULL,NULL,'CasetasViewResumes',1442,1465),(729,728,NULL,NULL,'index',1443,1444),(730,728,NULL,NULL,'view',1445,1446),(731,728,NULL,NULL,'add',1447,1448),(732,728,NULL,NULL,'edit',1449,1450),(733,728,NULL,NULL,'delete',1451,1452),(734,728,NULL,NULL,'checkExternalDb',1453,1454),(735,728,NULL,NULL,'getDocuments',1455,1456),(736,728,NULL,NULL,'buildMenu',1457,1458),(737,728,NULL,NULL,'extendsUsersMenu',1459,1460),(738,728,NULL,NULL,'setSmb',1461,1462),(739,728,NULL,NULL,'normalizeChars',1463,1464),(740,1,NULL,NULL,'CasetasControlsUsers',1466,1491),(741,740,NULL,NULL,'index',1467,1468),(742,740,NULL,NULL,'view',1469,1470),(743,740,NULL,NULL,'selectBsu',1471,1472),(744,740,NULL,NULL,'add',1473,1474),(745,740,NULL,NULL,'edit',1475,1476),(746,740,NULL,NULL,'delete',1477,1478),(747,740,NULL,NULL,'checkExternalDb',1479,1480),(748,740,NULL,NULL,'getDocuments',1481,1482),(749,740,NULL,NULL,'buildMenu',1483,1484),(750,740,NULL,NULL,'extendsUsersMenu',1485,1486),(751,740,NULL,NULL,'setSmb',1487,1488),(752,740,NULL,NULL,'normalizeChars',1489,1490),(753,1,NULL,NULL,'ProvidersImportedDatabases',1492,1515),(754,753,NULL,NULL,'index',1493,1494),(755,753,NULL,NULL,'view',1495,1496),(756,753,NULL,NULL,'add',1497,1498),(757,753,NULL,NULL,'edit',1499,1500),(758,753,NULL,NULL,'delete',1501,1502),(759,753,NULL,NULL,'checkExternalDb',1503,1504),(760,753,NULL,NULL,'getDocuments',1505,1506),(761,753,NULL,NULL,'buildMenu',1507,1508),(762,753,NULL,NULL,'extendsUsersMenu',1509,1510),(763,753,NULL,NULL,'setSmb',1511,1512),(764,753,NULL,NULL,'normalizeChars',1513,1514),(765,1,NULL,NULL,'ProvidersImportedFilesControls',1516,1541),(766,765,NULL,NULL,'index',1517,1518),(767,765,NULL,NULL,'view',1519,1520),(768,765,NULL,NULL,'convertXLStoCSV',1521,1522),(769,765,NULL,NULL,'add',1523,1524),(770,765,NULL,NULL,'edit',1525,1526),(771,765,NULL,NULL,'delete',1527,1528),(772,765,NULL,NULL,'checkExternalDb',1529,1530),(773,765,NULL,NULL,'getDocuments',1531,1532),(774,765,NULL,NULL,'buildMenu',1533,1534),(775,765,NULL,NULL,'extendsUsersMenu',1535,1536),(776,765,NULL,NULL,'setSmb',1537,1538),(777,765,NULL,NULL,'normalizeChars',1539,1540),(778,1,NULL,NULL,'ProvidersViewBussinessUnits',1542,1565),(779,778,NULL,NULL,'index',1543,1544),(780,778,NULL,NULL,'view',1545,1546),(781,778,NULL,NULL,'add',1547,1548),(782,778,NULL,NULL,'edit',1549,1550),(783,778,NULL,NULL,'delete',1551,1552),(784,778,NULL,NULL,'checkExternalDb',1553,1554),(785,778,NULL,NULL,'getDocuments',1555,1556),(786,778,NULL,NULL,'buildMenu',1557,1558),(787,778,NULL,NULL,'extendsUsersMenu',1559,1560),(788,778,NULL,NULL,'setSmb',1561,1562),(789,778,NULL,NULL,'normalizeChars',1563,1564),(790,1,NULL,NULL,'ProvidersViewCompaniesUnits',1566,1589),(791,790,NULL,NULL,'index',1567,1568),(792,790,NULL,NULL,'view',1569,1570),(793,790,NULL,NULL,'add',1571,1572),(794,790,NULL,NULL,'edit',1573,1574),(795,790,NULL,NULL,'delete',1575,1576),(796,790,NULL,NULL,'checkExternalDb',1577,1578),(797,790,NULL,NULL,'getDocuments',1579,1580),(798,790,NULL,NULL,'buildMenu',1581,1582),(799,790,NULL,NULL,'extendsUsersMenu',1583,1584),(800,790,NULL,NULL,'setSmb',1585,1586),(801,790,NULL,NULL,'normalizeChars',1587,1588),(802,1,NULL,NULL,'ProvidersViewSearchEditions',1590,1613),(803,802,NULL,NULL,'index',1591,1592),(804,802,NULL,NULL,'view',1593,1594),(805,802,NULL,NULL,'add',1595,1596),(806,802,NULL,NULL,'edit',1597,1598),(807,802,NULL,NULL,'delete',1599,1600),(808,802,NULL,NULL,'checkExternalDb',1601,1602),(809,802,NULL,NULL,'getDocuments',1603,1604),(810,802,NULL,NULL,'buildMenu',1605,1606),(811,802,NULL,NULL,'extendsUsersMenu',1607,1608),(812,802,NULL,NULL,'setSmb',1609,1610),(813,802,NULL,NULL,'normalizeChars',1611,1612),(814,1,NULL,NULL,'ProvidersControlsUsers',1614,1637),(815,814,NULL,NULL,'index',1615,1616),(816,814,NULL,NULL,'view',1617,1618),(817,814,NULL,NULL,'add',1619,1620),(818,814,NULL,NULL,'edit',1621,1622),(819,814,NULL,NULL,'delete',1623,1624),(820,814,NULL,NULL,'checkExternalDb',1625,1626),(821,814,NULL,NULL,'getDocuments',1627,1628),(822,814,NULL,NULL,'buildMenu',1629,1630),(823,814,NULL,NULL,'extendsUsersMenu',1631,1632),(824,814,NULL,NULL,'setSmb',1633,1634),(825,814,NULL,NULL,'normalizeChars',1635,1636),(826,1,NULL,NULL,'ProjectionsAccessModules',1638,1661),(827,826,NULL,NULL,'index',1639,1640),(828,826,NULL,NULL,'view',1641,1642),(829,826,NULL,NULL,'add',1643,1644),(830,826,NULL,NULL,'edit',1645,1646),(831,826,NULL,NULL,'delete',1647,1648),(832,826,NULL,NULL,'checkExternalDb',1649,1650),(833,826,NULL,NULL,'getDocuments',1651,1652),(834,826,NULL,NULL,'buildMenu',1653,1654),(835,826,NULL,NULL,'extendsUsersMenu',1655,1656),(836,826,NULL,NULL,'setSmb',1657,1658),(837,826,NULL,NULL,'normalizeChars',1659,1660),(838,1,NULL,NULL,'ProjectionsAccesses',1662,1687),(839,838,NULL,NULL,'index',1663,1664),(840,838,NULL,NULL,'view',1665,1666),(841,838,NULL,NULL,'add',1667,1668),(842,838,NULL,NULL,'edit',1669,1670),(843,838,NULL,NULL,'delete',1671,1672),(844,838,NULL,NULL,'checkExternalDb',1673,1674),(845,838,NULL,NULL,'getDocuments',1675,1676),(846,838,NULL,NULL,'buildMenu',1677,1678),(847,838,NULL,NULL,'extendsUsersMenu',1679,1680),(848,838,NULL,NULL,'setSmb',1681,1682),(849,838,NULL,NULL,'normalizeChars',1683,1684),(850,1,NULL,NULL,'ProjectionsClosedPeriodControls',1688,1713),(851,850,NULL,NULL,'index',1689,1690),(852,850,NULL,NULL,'view',1691,1692),(853,850,NULL,NULL,'add',1693,1694),(854,850,NULL,NULL,'edit',1695,1696),(855,850,NULL,NULL,'delete',1697,1698),(856,850,NULL,NULL,'checkExternalDb',1699,1700),(857,850,NULL,NULL,'getDocuments',1701,1702),(858,850,NULL,NULL,'buildMenu',1703,1704),(859,850,NULL,NULL,'extendsUsersMenu',1705,1706),(860,850,NULL,NULL,'setSmb',1707,1708),(861,850,NULL,NULL,'normalizeChars',1709,1710),(862,1,NULL,NULL,'ProjectionsClosedPeriodDatas',1714,1737),(863,862,NULL,NULL,'index',1715,1716),(864,862,NULL,NULL,'view',1717,1718),(865,862,NULL,NULL,'add',1719,1720),(866,862,NULL,NULL,'edit',1721,1722),(867,862,NULL,NULL,'delete',1723,1724),(868,862,NULL,NULL,'checkExternalDb',1725,1726),(869,862,NULL,NULL,'getDocuments',1727,1728),(870,862,NULL,NULL,'buildMenu',1729,1730),(871,862,NULL,NULL,'extendsUsersMenu',1731,1732),(872,862,NULL,NULL,'setSmb',1733,1734),(873,862,NULL,NULL,'normalizeChars',1735,1736),(874,1,NULL,NULL,'ProjectionsControlsUsers',1738,1761),(875,874,NULL,NULL,'index',1739,1740),(876,874,NULL,NULL,'view',1741,1742),(877,874,NULL,NULL,'add',1743,1744),(878,874,NULL,NULL,'edit',1745,1746),(879,874,NULL,NULL,'delete',1747,1748),(880,874,NULL,NULL,'checkExternalDb',1749,1750),(881,874,NULL,NULL,'getDocuments',1751,1752),(882,874,NULL,NULL,'buildMenu',1753,1754),(883,874,NULL,NULL,'extendsUsersMenu',1755,1756),(884,874,NULL,NULL,'setSmb',1757,1758),(885,874,NULL,NULL,'normalizeChars',1759,1760),(886,1,NULL,NULL,'ProjectionsCorporations',1762,1785),(887,886,NULL,NULL,'index',1763,1764),(888,886,NULL,NULL,'view',1765,1766),(889,886,NULL,NULL,'add',1767,1768),(890,886,NULL,NULL,'edit',1769,1770),(891,886,NULL,NULL,'delete',1771,1772),(892,886,NULL,NULL,'checkExternalDb',1773,1774),(893,886,NULL,NULL,'getDocuments',1775,1776),(894,886,NULL,NULL,'buildMenu',1777,1778),(895,886,NULL,NULL,'extendsUsersMenu',1779,1780),(896,886,NULL,NULL,'setSmb',1781,1782),(897,886,NULL,NULL,'normalizeChars',1783,1784),(898,1,NULL,NULL,'ProjectionsGlobalCorps',1786,1809),(899,898,NULL,NULL,'index',1787,1788),(900,898,NULL,NULL,'view',1789,1790),(901,898,NULL,NULL,'add',1791,1792),(902,898,NULL,NULL,'edit',1793,1794),(903,898,NULL,NULL,'delete',1795,1796),(904,898,NULL,NULL,'checkExternalDb',1797,1798),(905,898,NULL,NULL,'getDocuments',1799,1800),(906,898,NULL,NULL,'buildMenu',1801,1802),(907,898,NULL,NULL,'extendsUsersMenu',1803,1804),(908,898,NULL,NULL,'setSmb',1805,1806),(909,898,NULL,NULL,'normalizeChars',1807,1808),(910,1,NULL,NULL,'ProjectionsViewBussinessUnits',1810,1833),(911,910,NULL,NULL,'index',1811,1812),(912,910,NULL,NULL,'view',1813,1814),(913,910,NULL,NULL,'add',1815,1816),(914,910,NULL,NULL,'edit',1817,1818),(915,910,NULL,NULL,'delete',1819,1820),(916,910,NULL,NULL,'checkExternalDb',1821,1822),(917,910,NULL,NULL,'getDocuments',1823,1824),(918,910,NULL,NULL,'buildMenu',1825,1826),(919,910,NULL,NULL,'extendsUsersMenu',1827,1828),(920,910,NULL,NULL,'setSmb',1829,1830),(921,910,NULL,NULL,'normalizeChars',1831,1832),(922,838,NULL,NULL,'users',1685,1686),(923,850,NULL,NULL,'users',1711,1712),(924,1,NULL,NULL,'ProjectionsPeriods',1834,1857),(925,924,NULL,NULL,'index',1835,1836),(926,924,NULL,NULL,'view',1837,1838),(927,924,NULL,NULL,'add',1839,1840),(928,924,NULL,NULL,'edit',1841,1842),(929,924,NULL,NULL,'delete',1843,1844),(930,924,NULL,NULL,'checkExternalDb',1845,1846),(931,924,NULL,NULL,'getDocuments',1847,1848),(932,924,NULL,NULL,'buildMenu',1849,1850),(933,924,NULL,NULL,'extendsUsersMenu',1851,1852),(934,924,NULL,NULL,'setSmb',1853,1854),(935,924,NULL,NULL,'normalizeChars',1855,1856),(936,1,NULL,NULL,'ProjectionsViewClosedPeriodUnits',1858,1881),(937,936,NULL,NULL,'index',1859,1860),(938,936,NULL,NULL,'view',1861,1862),(939,936,NULL,NULL,'add',1863,1864),(940,936,NULL,NULL,'edit',1865,1866),(941,936,NULL,NULL,'delete',1867,1868),(942,936,NULL,NULL,'checkExternalDb',1869,1870),(943,936,NULL,NULL,'getDocuments',1871,1872),(944,936,NULL,NULL,'buildMenu',1873,1874),(945,936,NULL,NULL,'extendsUsersMenu',1875,1876),(946,936,NULL,NULL,'setSmb',1877,1878),(947,936,NULL,NULL,'normalizeChars',1879,1880),(948,1,NULL,NULL,'ProjectionsViewClosedPeriods',1882,1905),(949,948,NULL,NULL,'index',1883,1884),(950,948,NULL,NULL,'view',1885,1886),(951,948,NULL,NULL,'add',1887,1888),(952,948,NULL,NULL,'edit',1889,1890),(953,948,NULL,NULL,'delete',1891,1892),(954,948,NULL,NULL,'checkExternalDb',1893,1894),(955,948,NULL,NULL,'getDocuments',1895,1896),(956,948,NULL,NULL,'buildMenu',1897,1898),(957,948,NULL,NULL,'extendsUsersMenu',1899,1900),(958,948,NULL,NULL,'setSmb',1901,1902),(959,948,NULL,NULL,'normalizeChars',1903,1904),(960,1,NULL,NULL,'CasetasIavePeriods',1906,1929),(961,960,NULL,NULL,'index',1907,1908),(962,960,NULL,NULL,'view',1909,1910),(963,960,NULL,NULL,'add',1911,1912),(964,960,NULL,NULL,'edit',1913,1914),(965,960,NULL,NULL,'delete',1915,1916),(966,960,NULL,NULL,'checkExternalDb',1917,1918),(967,960,NULL,NULL,'getDocuments',1919,1920),(968,960,NULL,NULL,'buildMenu',1921,1922),(969,960,NULL,NULL,'extendsUsersMenu',1923,1924),(970,960,NULL,NULL,'setSmb',1925,1926),(971,960,NULL,NULL,'normalizeChars',1927,1928),(972,1,NULL,NULL,'CasetasViewNotConciliations',1930,1953),(973,972,NULL,NULL,'index',1931,1932),(974,972,NULL,NULL,'view',1933,1934),(975,972,NULL,NULL,'add',1935,1936),(976,972,NULL,NULL,'edit',1937,1938),(977,972,NULL,NULL,'delete',1939,1940),(978,972,NULL,NULL,'checkExternalDb',1941,1942),(979,972,NULL,NULL,'getDocuments',1943,1944),(980,972,NULL,NULL,'buildMenu',1945,1946),(981,972,NULL,NULL,'extendsUsersMenu',1947,1948),(982,972,NULL,NULL,'setSmb',1949,1950),(983,972,NULL,NULL,'normalizeChars',1951,1952),(984,716,NULL,NULL,'save',1433,1434),(985,1,NULL,NULL,'ProjectionsViewIndicatorsPeriods',1954,1979),(986,985,NULL,NULL,'index',1955,1956),(987,985,NULL,NULL,'view',1957,1958),(988,985,NULL,NULL,'add',1959,1960),(989,985,NULL,NULL,'edit',1961,1962),(990,985,NULL,NULL,'delete',1963,1964),(991,985,NULL,NULL,'checkExternalDb',1965,1966),(992,985,NULL,NULL,'getDocuments',1967,1968),(993,985,NULL,NULL,'buildMenu',1969,1970),(994,985,NULL,NULL,'extendsUsersMenu',1971,1972),(995,985,NULL,NULL,'setSmb',1973,1974),(996,985,NULL,NULL,'normalizeChars',1975,1976),(997,716,NULL,NULL,'getStringBetween',1435,1436),(998,716,NULL,NULL,'extract_string',1437,1438),(999,125,NULL,NULL,'closeFile',367,368),(1000,716,NULL,NULL,'export',1439,1440),(1001,1,NULL,NULL,'ProjectionsBsuPresupuestos',1980,2003),(1002,1001,NULL,NULL,'index',1981,1982),(1003,1001,NULL,NULL,'view',1983,1984),(1004,1001,NULL,NULL,'add',1985,1986),(1005,1001,NULL,NULL,'edit',1987,1988),(1006,1001,NULL,NULL,'delete',1989,1990),(1007,1001,NULL,NULL,'checkExternalDb',1991,1992),(1008,1001,NULL,NULL,'getDocuments',1993,1994),(1009,1001,NULL,NULL,'buildMenu',1995,1996),(1010,1001,NULL,NULL,'extendsUsersMenu',1997,1998),(1011,1001,NULL,NULL,'setSmb',1999,2000),(1012,1001,NULL,NULL,'normalizeChars',2001,2002),(1013,1,NULL,NULL,'ProjectionsConfigs',2004,2027),(1014,1013,NULL,NULL,'index',2005,2006),(1015,1013,NULL,NULL,'view',2007,2008),(1016,1013,NULL,NULL,'add',2009,2010),(1017,1013,NULL,NULL,'edit',2011,2012),(1018,1013,NULL,NULL,'delete',2013,2014),(1019,1013,NULL,NULL,'checkExternalDb',2015,2016),(1020,1013,NULL,NULL,'getDocuments',2017,2018),(1021,1013,NULL,NULL,'buildMenu',2019,2020),(1022,1013,NULL,NULL,'extendsUsersMenu',2021,2022),(1023,1013,NULL,NULL,'setSmb',2023,2024),(1024,1013,NULL,NULL,'normalizeChars',2025,2026),(1025,1,NULL,NULL,'ProjectionsTypeConfigs',2028,2051),(1026,1025,NULL,NULL,'index',2029,2030),(1027,1025,NULL,NULL,'view',2031,2032),(1028,1025,NULL,NULL,'add',2033,2034),(1029,1025,NULL,NULL,'edit',2035,2036),(1030,1025,NULL,NULL,'delete',2037,2038),(1031,1025,NULL,NULL,'checkExternalDb',2039,2040),(1032,1025,NULL,NULL,'getDocuments',2041,2042),(1033,1025,NULL,NULL,'buildMenu',2043,2044),(1034,1025,NULL,NULL,'extendsUsersMenu',2045,2046),(1035,1025,NULL,NULL,'setSmb',2047,2048),(1036,1025,NULL,NULL,'normalizeChars',2049,2050),(1037,1,NULL,NULL,'ProjectionsViewFractions',2052,2075),(1038,1037,NULL,NULL,'index',2053,2054),(1039,1037,NULL,NULL,'view',2055,2056),(1040,1037,NULL,NULL,'add',2057,2058),(1041,1037,NULL,NULL,'edit',2059,2060),(1042,1037,NULL,NULL,'delete',2061,2062),(1043,1037,NULL,NULL,'checkExternalDb',2063,2064),(1044,1037,NULL,NULL,'getDocuments',2065,2066),(1045,1037,NULL,NULL,'buildMenu',2067,2068),(1046,1037,NULL,NULL,'extendsUsersMenu',2069,2070),(1047,1037,NULL,NULL,'setSmb',2071,2072),(1048,1037,NULL,NULL,'normalizeChars',2073,2074),(1049,985,NULL,NULL,'rest',1977,1978),(1050,1,NULL,NULL,'ProjectionsViewIndicatorsPeriodsFleets',2076,2099),(1051,1050,NULL,NULL,'index',2077,2078),(1052,1050,NULL,NULL,'view',2079,2080),(1053,1050,NULL,NULL,'add',2081,2082),(1054,1050,NULL,NULL,'edit',2083,2084),(1055,1050,NULL,NULL,'delete',2085,2086),(1056,1050,NULL,NULL,'checkExternalDb',2087,2088),(1057,1050,NULL,NULL,'getDocuments',2089,2090),(1058,1050,NULL,NULL,'buildMenu',2091,2092),(1059,1050,NULL,NULL,'extendsUsersMenu',2093,2094),(1060,1050,NULL,NULL,'setSmb',2095,2096),(1061,1050,NULL,NULL,'normalizeChars',2097,2098),(1062,1,NULL,NULL,'ProjectionsViewIndicatorsPeriodsFullFleets',2100,2123),(1063,1062,NULL,NULL,'index',2101,2102),(1064,1062,NULL,NULL,'view',2103,2104),(1065,1062,NULL,NULL,'add',2105,2106),(1066,1062,NULL,NULL,'edit',2107,2108),(1067,1062,NULL,NULL,'delete',2109,2110),(1068,1062,NULL,NULL,'checkExternalDb',2111,2112),(1069,1062,NULL,NULL,'getDocuments',2113,2114),(1070,1062,NULL,NULL,'buildMenu',2115,2116),(1071,1062,NULL,NULL,'extendsUsersMenu',2117,2118),(1072,1062,NULL,NULL,'setSmb',2119,2120),(1073,1062,NULL,NULL,'normalizeChars',2121,2122),(1074,1,NULL,NULL,'ProjectionsViewIndicatorsDispatchPeriodsFullOps',2124,2147),(1075,1074,NULL,NULL,'index',2125,2126),(1076,1074,NULL,NULL,'view',2127,2128),(1077,1074,NULL,NULL,'add',2129,2130),(1078,1074,NULL,NULL,'edit',2131,2132),(1079,1074,NULL,NULL,'delete',2133,2134),(1080,1074,NULL,NULL,'checkExternalDb',2135,2136),(1081,1074,NULL,NULL,'getDocuments',2137,2138),(1082,1074,NULL,NULL,'buildMenu',2139,2140),(1083,1074,NULL,NULL,'extendsUsersMenu',2141,2142),(1084,1074,NULL,NULL,'setSmb',2143,2144),(1085,1074,NULL,NULL,'normalizeChars',2145,2146),(1086,1,NULL,NULL,'ReporterTableKeys',2148,2171),(1087,1086,NULL,NULL,'index',2149,2150),(1088,1086,NULL,NULL,'view',2151,2152),(1089,1086,NULL,NULL,'add',2153,2154),(1090,1086,NULL,NULL,'edit',2155,2156),(1091,1086,NULL,NULL,'delete',2157,2158),(1092,1086,NULL,NULL,'checkExternalDb',2159,2160),(1093,1086,NULL,NULL,'getDocuments',2161,2162),(1094,1086,NULL,NULL,'buildMenu',2163,2164),(1095,1086,NULL,NULL,'extendsUsersMenu',2165,2166),(1096,1086,NULL,NULL,'setSmb',2167,2168),(1097,1086,NULL,NULL,'normalizeChars',2169,2170),(1098,1,NULL,NULL,'ReporterViewSpXs4zAccounts',2172,2199),(1099,1098,NULL,NULL,'index',2173,2174),(1100,1098,NULL,NULL,'view',2175,2176),(1101,1098,NULL,NULL,'add',2177,2178),(1102,1098,NULL,NULL,'edit',2179,2180),(1103,1098,NULL,NULL,'delete',2181,2182),(1104,1098,NULL,NULL,'checkExternalDb',2183,2184),(1105,1098,NULL,NULL,'getDocuments',2185,2186),(1106,1098,NULL,NULL,'buildMenu',2187,2188),(1107,1098,NULL,NULL,'extendsUsersMenu',2189,2190),(1108,1098,NULL,NULL,'setSmb',2191,2192),(1109,1098,NULL,NULL,'normalizeChars',2193,2194),(1110,1,NULL,NULL,'ReporterViewsMainReports',2200,2223),(1111,1110,NULL,NULL,'index',2201,2202),(1112,1110,NULL,NULL,'view',2203,2204),(1113,1110,NULL,NULL,'add',2205,2206),(1114,1110,NULL,NULL,'edit',2207,2208),(1115,1110,NULL,NULL,'delete',2209,2210),(1116,1110,NULL,NULL,'checkExternalDb',2211,2212),(1117,1110,NULL,NULL,'getDocuments',2213,2214),(1118,1110,NULL,NULL,'buildMenu',2215,2216),(1119,1110,NULL,NULL,'extendsUsersMenu',2217,2218),(1120,1110,NULL,NULL,'setSmb',2219,2220),(1121,1110,NULL,NULL,'normalizeChars',2221,2222),(1122,1,NULL,NULL,'ReporterViewsMainSubreportsAccounts',2224,2247),(1123,1122,NULL,NULL,'index',2225,2226),(1124,1122,NULL,NULL,'view',2227,2228),(1125,1122,NULL,NULL,'add',2229,2230),(1126,1122,NULL,NULL,'edit',2231,2232),(1127,1122,NULL,NULL,'delete',2233,2234),(1128,1122,NULL,NULL,'checkExternalDb',2235,2236),(1129,1122,NULL,NULL,'getDocuments',2237,2238),(1130,1122,NULL,NULL,'buildMenu',2239,2240),(1131,1122,NULL,NULL,'extendsUsersMenu',2241,2242),(1132,1122,NULL,NULL,'setSmb',2243,2244),(1133,1122,NULL,NULL,'normalizeChars',2245,2246),(1134,1,NULL,NULL,'ReporterViewsMainSubreports',2248,2271),(1135,1134,NULL,NULL,'index',2249,2250),(1136,1134,NULL,NULL,'view',2251,2252),(1137,1134,NULL,NULL,'add',2253,2254),(1138,1134,NULL,NULL,'edit',2255,2256),(1139,1134,NULL,NULL,'delete',2257,2258),(1140,1134,NULL,NULL,'checkExternalDb',2259,2260),(1141,1134,NULL,NULL,'getDocuments',2261,2262),(1142,1134,NULL,NULL,'buildMenu',2263,2264),(1143,1134,NULL,NULL,'extendsUsersMenu',2265,2266),(1144,1134,NULL,NULL,'setSmb',2267,2268),(1145,1134,NULL,NULL,'normalizeChars',2269,2270),(1146,1,NULL,NULL,'ReporterPortalCostosDetailsAccounts',2272,2295),(1147,1146,NULL,NULL,'index',2273,2274),(1148,1146,NULL,NULL,'view',2275,2276),(1149,1146,NULL,NULL,'add',2277,2278),(1150,1146,NULL,NULL,'edit',2279,2280),(1151,1146,NULL,NULL,'delete',2281,2282),(1152,1146,NULL,NULL,'checkExternalDb',2283,2284),(1153,1146,NULL,NULL,'getDocuments',2285,2286),(1154,1146,NULL,NULL,'buildMenu',2287,2288),(1155,1146,NULL,NULL,'extendsUsersMenu',2289,2290),(1156,1146,NULL,NULL,'setSmb',2291,2292),(1157,1146,NULL,NULL,'normalizeChars',2293,2294),(1158,1098,NULL,NULL,'credentials',2195,2196),(1159,1098,NULL,NULL,'get',2197,2198),(1160,1,NULL,NULL,'ModuleUserCredentialsControls',2296,2323),(1161,1160,NULL,NULL,'index',2297,2298),(1162,1160,NULL,NULL,'view',2299,2300),(1163,1160,NULL,NULL,'get',2301,2302),(1164,1160,NULL,NULL,'getuser',2303,2304),(1165,1160,NULL,NULL,'add',2305,2306),(1166,1160,NULL,NULL,'edit',2307,2308),(1167,1160,NULL,NULL,'delete',2309,2310),(1168,1160,NULL,NULL,'checkExternalDb',2311,2312),(1169,1160,NULL,NULL,'getDocuments',2313,2314),(1170,1160,NULL,NULL,'buildMenu',2315,2316),(1171,1160,NULL,NULL,'extendsUsersMenu',2317,2318),(1172,1160,NULL,NULL,'setSmb',2319,2320),(1173,1160,NULL,NULL,'normalizeChars',2321,2322),(1174,1,NULL,NULL,'ModuleUserCredentialsMains',2324,2349),(1175,1174,NULL,NULL,'index',2325,2326),(1176,1174,NULL,NULL,'view',2327,2328),(1177,1174,NULL,NULL,'get',2329,2330),(1178,1174,NULL,NULL,'add',2331,2332),(1179,1174,NULL,NULL,'edit',2333,2334),(1180,1174,NULL,NULL,'delete',2335,2336),(1181,1174,NULL,NULL,'checkExternalDb',2337,2338),(1182,1174,NULL,NULL,'getDocuments',2339,2340),(1183,1174,NULL,NULL,'buildMenu',2341,2342),(1184,1174,NULL,NULL,'extendsUsersMenu',2343,2344),(1185,1174,NULL,NULL,'setSmb',2345,2346),(1186,1174,NULL,NULL,'normalizeChars',2347,2348);
/*!40000 ALTER TABLE `acos` ENABLE KEYS */;
UNLOCK TABLES;

--
-- Table structure for table `aros`
--

DROP TABLE IF EXISTS `aros`;
/*!40101 SET @saved_cs_client     = @@character_set_client */;
/*!40101 SET character_set_client = utf8 */;
CREATE TABLE `aros` (
  `id` int(10) NOT NULL AUTO_INCREMENT,
  `parent_id` int(10) DEFAULT NULL,
  `model` varchar(255) DEFAULT NULL,
  `foreign_key` int(10) DEFAULT NULL,
  `alias` varchar(255) DEFAULT NULL,
  `lft` int(10) DEFAULT NULL,
  `rght` int(10) DEFAULT NULL,
  PRIMARY KEY (`id`),
  KEY `idx_aros_lft_rght` (`lft`,`rght`),
  KEY `idx_aros_alias` (`alias`),
  KEY `idx_aros_model_foreign_key` (`model`,`foreign_key`)
) ENGINE=InnoDB AUTO_INCREMENT=198 DEFAULT CHARSET=latin1;
/*!40101 SET character_set_client = @saved_cs_client */;

--
-- Dumping data for table `aros`
--

LOCK TABLES `aros` WRITE;
/*!40000 ALTER TABLE `aros` DISABLE KEYS */;
INSERT INTO `aros` VALUES (1,63,'User',1,NULL,342,343),(2,NULL,'Group',1,NULL,1,4),(3,NULL,'Group',2,NULL,5,6),(4,NULL,'Group',3,NULL,7,286),(5,2,'User',2,NULL,2,3),(6,62,'User',3,NULL,302,303),(7,142,'User',4,NULL,364,365),(8,NULL,'Group',4,NULL,287,288),(9,167,'User',5,NULL,390,391),(10,NULL,'Group',5,NULL,289,298),(11,10,'User',6,NULL,290,291),(12,4,'User',7,NULL,8,9),(13,4,'User',8,NULL,14,15),(14,4,'User',8,NULL,12,13),(15,4,'User',8,NULL,10,11),(16,10,'User',8,NULL,296,297),(17,4,'User',9,NULL,16,17),(19,4,'User',11,NULL,18,19),(20,62,'User',12,NULL,330,331),(21,4,'User',13,NULL,20,21),(22,4,'User',14,NULL,22,23),(23,4,'User',15,NULL,24,25),(24,4,'User',16,NULL,26,27),(25,4,'User',17,NULL,28,29),(26,4,'User',18,NULL,30,31),(27,4,'User',19,NULL,32,33),(28,4,'User',20,NULL,34,35),(29,4,'User',21,NULL,36,37),(30,4,'User',22,NULL,176,177),(31,4,'User',23,NULL,38,39),(32,4,'User',24,NULL,40,41),(33,4,'User',25,NULL,42,43),(34,4,'User',26,NULL,44,45),(35,4,'User',27,NULL,46,47),(36,4,'User',28,NULL,48,49),(37,62,'User',29,NULL,304,305),(38,4,'User',30,NULL,50,51),(39,4,'User',31,NULL,52,53),(40,62,'User',32,NULL,308,309),(41,167,'User',33,NULL,368,369),(42,4,'User',34,NULL,54,55),(43,4,'User',35,NULL,56,57),(44,118,'User',36,NULL,356,357),(45,167,'User',37,NULL,376,377),(46,4,'User',38,NULL,58,59),(47,4,'User',39,NULL,60,61),(48,4,'User',40,NULL,62,63),(49,118,'User',41,NULL,350,351),(50,4,'User',42,NULL,64,65),(51,4,'User',43,NULL,66,67),(52,4,'User',44,NULL,68,69),(53,4,'User',45,NULL,70,71),(54,4,'User',46,NULL,72,73),(55,4,'User',47,NULL,74,75),(56,4,'User',48,NULL,76,77),(57,4,'User',49,NULL,78,79),(58,4,'User',50,NULL,80,81),(59,4,'User',51,NULL,82,83),(60,4,'User',52,NULL,84,85),(61,4,'User',53,NULL,86,87),(62,NULL,'Group',6,NULL,299,340),(63,NULL,'Group',7,NULL,341,348),(64,167,'User',54,NULL,374,375),(65,62,'User',55,NULL,300,301),(66,4,'User',56,NULL,88,89),(67,4,'User',57,NULL,90,91),(68,4,'User',58,NULL,92,93),(69,4,'User',59,NULL,94,95),(70,4,'User',60,NULL,96,97),(71,142,'User',61,NULL,362,363),(72,4,'User',62,NULL,98,99),(73,4,'User',63,NULL,100,101),(74,4,'User',64,NULL,102,103),(75,4,'User',65,NULL,104,105),(76,4,'User',66,NULL,106,107),(77,4,'User',67,NULL,108,109),(78,4,'User',68,NULL,110,111),(79,4,'User',69,NULL,112,113),(80,4,'User',70,NULL,114,115),(81,4,'User',71,NULL,116,117),(82,4,'User',72,NULL,118,119),(83,4,'User',73,NULL,120,121),(84,4,'User',74,NULL,122,123),(85,4,'User',75,NULL,124,125),(86,4,'User',76,NULL,126,127),(87,167,'User',77,NULL,378,379),(88,4,'User',78,NULL,128,129),(89,167,'User',79,NULL,382,383),(90,142,'User',80,NULL,360,361),(91,4,'User',81,NULL,130,131),(92,4,'User',82,NULL,132,133),(93,4,'User',83,NULL,134,135),(94,4,'User',84,NULL,136,137),(95,4,'User',85,NULL,138,139),(96,4,'User',86,NULL,140,141),(97,4,'User',87,NULL,142,143),(98,4,'User',88,NULL,144,145),(99,118,'User',89,NULL,354,355),(100,4,'User',90,NULL,146,147),(101,4,'User',91,NULL,148,149),(102,4,'User',92,NULL,150,151),(103,4,'User',93,NULL,152,153),(104,4,'User',94,NULL,154,155),(105,4,'User',95,NULL,156,157),(106,167,'User',96,NULL,370,371),(107,4,'User',97,NULL,158,159),(108,4,'User',98,NULL,160,161),(109,4,'User',99,NULL,162,163),(110,4,'User',100,NULL,164,165),(111,118,'User',101,NULL,352,353),(112,4,'User',102,NULL,166,167),(113,4,'User',103,NULL,168,169),(114,62,'User',104,NULL,306,307),(115,4,'User',105,NULL,170,171),(116,4,'User',106,NULL,172,173),(117,4,'User',107,NULL,174,175),(118,NULL,'Group',8,NULL,349,358),(119,167,'User',108,NULL,384,385),(120,4,'User',109,NULL,178,179),(121,4,'User',110,NULL,180,181),(122,62,'User',111,NULL,310,311),(123,62,'User',112,NULL,314,315),(124,167,'User',113,NULL,372,373),(125,62,'User',114,NULL,312,313),(126,4,'User',115,NULL,182,183),(127,4,'User',116,NULL,184,185),(128,4,'User',117,NULL,186,187),(129,4,'User',118,NULL,188,189),(130,4,'User',119,NULL,190,191),(131,4,'User',120,NULL,192,193),(132,4,'User',121,NULL,194,195),(133,4,'User',122,NULL,196,197),(134,4,'User',123,NULL,198,199),(135,4,'User',124,NULL,200,201),(136,4,'User',125,NULL,202,203),(137,4,'User',126,NULL,204,205),(138,4,'User',127,NULL,206,207),(139,62,'User',128,NULL,316,317),(140,4,'User',129,NULL,208,209),(141,4,'User',130,NULL,210,211),(142,NULL,'Group',9,NULL,359,366),(143,4,'User',131,NULL,212,213),(144,4,'User',132,NULL,214,215),(145,63,'User',133,NULL,346,347),(146,4,'User',134,NULL,216,217),(147,62,'User',135,NULL,318,319),(148,4,'User',136,NULL,218,219),(149,4,'User',137,NULL,220,221),(150,4,'User',138,NULL,222,223),(151,4,'User',139,NULL,224,225),(152,4,'User',140,NULL,226,227),(153,167,'User',141,NULL,380,381),(154,4,'User',142,NULL,228,229),(155,10,'User',143,NULL,292,293),(156,4,'User',144,NULL,230,231),(157,4,'User',145,NULL,232,233),(158,4,'User',146,NULL,234,235),(159,4,'User',147,NULL,236,237),(160,4,'User',148,NULL,238,239),(161,62,'User',149,NULL,320,321),(162,62,'User',150,NULL,322,323),(163,4,'User',151,NULL,240,241),(164,10,'User',152,NULL,294,295),(165,63,'User',153,NULL,344,345),(166,4,'User',154,NULL,242,243),(167,NULL,'Group',10,NULL,367,392),(168,4,'User',155,NULL,244,245),(169,167,'User',156,NULL,386,387),(170,4,'User',157,NULL,246,247),(171,4,'User',158,NULL,248,249),(172,4,'User',159,NULL,250,251),(173,4,'User',160,NULL,252,253),(174,4,'User',161,NULL,254,255),(175,62,'User',162,NULL,324,325),(176,4,'User',163,NULL,256,257),(177,4,'User',164,NULL,258,259),(178,4,'User',165,NULL,260,261),(179,4,'User',166,NULL,262,263),(180,4,'User',167,NULL,264,265),(181,4,'User',168,NULL,266,267),(182,62,'User',169,NULL,334,335),(183,62,'User',170,NULL,326,327),(184,62,'User',171,NULL,328,329),(185,4,'User',172,NULL,268,269),(186,4,'User',173,NULL,270,271),(187,4,'User',174,NULL,272,273),(188,4,'User',175,NULL,274,275),(189,4,'User',176,NULL,276,277),(190,4,'User',177,NULL,278,279),(191,4,'User',178,NULL,280,281),(192,4,'User',179,NULL,282,283),(193,62,'User',180,NULL,332,333),(194,167,'User',181,NULL,388,389),(195,4,'User',182,NULL,284,285),(196,62,'User',183,NULL,336,337),(197,62,'User',184,NULL,338,339);
/*!40000 ALTER TABLE `aros` ENABLE KEYS */;
UNLOCK TABLES;

--
-- Table structure for table `aros_acos`
--

DROP TABLE IF EXISTS `aros_acos`;
/*!40101 SET @saved_cs_client     = @@character_set_client */;
/*!40101 SET character_set_client = utf8 */;
CREATE TABLE `aros_acos` (
  `id` int(10) NOT NULL AUTO_INCREMENT,
  `aro_id` int(10) NOT NULL,
  `aco_id` int(10) NOT NULL,
  `_create` varchar(2) NOT NULL DEFAULT '0',
  `_read` varchar(2) NOT NULL DEFAULT '0',
  `_update` varchar(2) NOT NULL DEFAULT '0',
  `_delete` varchar(2) NOT NULL DEFAULT '0',
  PRIMARY KEY (`id`),
  UNIQUE KEY `ARO_ACO_KEY` (`aro_id`,`aco_id`),
  UNIQUE KEY `idx_aros_acos_aro_id_aco_id` (`aro_id`,`aco_id`),
  KEY `aco_id` (`aco_id`),
  CONSTRAINT `aros_acos_ibfk_1` FOREIGN KEY (`aro_id`) REFERENCES `aros` (`id`) ON DELETE CASCADE,
  CONSTRAINT `aros_acos_ibfk_2` FOREIGN KEY (`aco_id`) REFERENCES `acos` (`id`) ON DELETE CASCADE
) ENGINE=InnoDB AUTO_INCREMENT=333 DEFAULT CHARSET=latin1;
/*!40101 SET character_set_client = @saved_cs_client */;

--
-- Dumping data for table `aros_acos`
--

LOCK TABLES `aros_acos` WRITE;
/*!40000 ALTER TABLE `aros_acos` DISABLE KEYS */;
INSERT INTO `aros_acos` VALUES (1,2,1,'1','1','1','1'),(2,3,1,'-1','-1','-1','-1'),(3,3,18,'1','1','1','1'),(4,3,44,'1','1','1','1'),(5,3,38,'1','1','1','1'),(6,3,37,'1','1','1','1'),(7,4,1,'-1','-1','-1','-1'),(10,4,47,'1','1','1','1'),(11,4,48,'1','1','1','1'),(12,4,38,'1','1','1','1'),(13,4,37,'1','1','1','1'),(14,8,1,'-1','-1','-1','-1'),(15,8,20,'1','1','1','1'),(16,8,19,'1','1','1','1'),(17,8,46,'1','1','1','1'),(18,8,45,'1','1','1','1'),(19,8,38,'1','1','1','1'),(20,8,37,'1','1','1','1'),(21,10,1,'-1','-1','-1','-1'),(22,10,38,'1','1','1','1'),(23,10,37,'1','1','1','1'),(24,10,39,'1','1','1','1'),(25,10,42,'1','1','1','1'),(26,10,87,'1','1','1','1'),(27,10,89,'1','1','1','1'),(28,10,88,'1','1','1','1'),(29,10,85,'1','1','1','1'),(30,10,86,'1','1','1','1'),(31,3,42,'1','1','1','1'),(32,3,39,'1','1','1','1'),(33,3,86,'1','1','1','1'),(34,3,85,'1','1','1','1'),(35,3,88,'1','1','1','1'),(36,3,87,'1','1','1','1'),(37,3,89,'1','1','1','1'),(38,3,43,'1','1','1','1'),(39,3,154,'1','1','1','1'),(40,8,154,'1','1','1','1'),(41,10,154,'1','1','1','1'),(42,4,154,'1','1','1','1'),(43,10,94,'1','1','1','1'),(44,10,93,'1','1','1','1'),(45,10,136,'1','1','1','1'),(46,10,135,'1','1','1','1'),(47,10,114,'1','1','1','1'),(48,10,113,'1','1','1','1'),(49,10,52,'1','1','1','1'),(50,10,51,'1','1','1','1'),(51,62,127,'1','1','1','1'),(52,62,126,'1','1','1','1'),(53,62,128,'1','1','1','1'),(54,62,38,'1','1','1','1'),(55,62,37,'1','1','1','1'),(56,63,1,'1','1','1','1'),(59,2,61,'-1','-1','-1','-1'),(60,2,59,'-1','-1','-1','-1'),(61,2,58,'-1','-1','-1','-1'),(62,2,60,'-1','-1','-1','-1'),(64,2,123,'-1','-1','-1','-1'),(65,2,102,'-1','-1','-1','-1'),(66,2,157,'-1','-1','-1','-1'),(67,2,67,'-1','-1','-1','-1'),(68,2,64,'-1','-1','-1','-1'),(69,2,72,'-1','-1','-1','-1'),(71,2,77,'-1','-1','-1','-1'),(72,2,75,'-1','-1','-1','-1'),(73,2,70,'-1','-1','-1','-1'),(74,2,73,'-1','-1','-1','-1'),(75,2,71,'-1','-1','-1','-1'),(76,2,74,'-1','-1','-1','-1'),(77,2,76,'-1','-1','-1','-1'),(78,2,63,'-1','-1','-1','-1'),(79,2,68,'-1','-1','-1','-1'),(80,2,66,'-1','-1','-1','-1'),(81,2,69,'-1','-1','-1','-1'),(82,2,65,'-1','-1','-1','-1'),(84,2,124,'-1','-1','-1','-1'),(85,2,158,'-1','-1','-1','-1'),(86,2,103,'-1','-1','-1','-1'),(95,2,53,'-1','-1','-1','-1'),(96,2,79,'-1','-1','-1','-1'),(97,2,55,'-1','-1','-1','-1'),(98,2,54,'-1','-1','-1','-1'),(99,2,104,'-1','-1','-1','-1'),(100,2,51,'-1','-1','-1','-1'),(101,2,143,'-1','-1','-1','-1'),(102,2,52,'-1','-1','-1','-1'),(103,2,162,'-1','-1','-1','-1'),(104,2,165,'-1','-1','-1','-1'),(105,2,164,'-1','-1','-1','-1'),(106,2,163,'-1','-1','-1','-1'),(107,2,166,'-1','-1','-1','-1'),(108,2,160,'-1','-1','-1','-1'),(109,2,167,'-1','-1','-1','-1'),(110,2,161,'-1','-1','-1','-1'),(111,2,28,'-1','-1','-1','-1'),(112,2,29,'-1','-1','-1','-1'),(113,4,244,'1','1','1','1'),(114,4,245,'1','1','1','1'),(115,10,244,'1','1','1','1'),(116,8,244,'1','1','1','1'),(117,3,244,'1','1','1','1'),(118,62,244,'1','1','1','1'),(119,10,245,'1','1','1','1'),(120,8,245,'1','1','1','1'),(121,3,245,'1','1','1','1'),(122,62,245,'1','1','1','1'),(123,8,446,'1','1','1','1'),(124,8,453,'1','1','1','1'),(125,8,458,'1','1','1','1'),(126,8,456,'1','1','1','1'),(127,8,455,'1','1','1','1'),(128,8,451,'1','1','1','1'),(129,8,454,'1','1','1','1'),(130,8,459,'1','1','1','1'),(131,8,449,'1','1','1','1'),(132,8,457,'1','1','1','1'),(133,8,445,'1','1','1','1'),(134,8,447,'1','1','1','1'),(135,8,450,'1','1','1','1'),(136,8,461,'1','1','1','1'),(137,8,460,'1','1','1','1'),(138,8,448,'1','1','1','1'),(139,8,452,'1','1','1','1'),(140,8,465,'1','1','1','1'),(141,8,470,'1','1','1','1'),(142,8,468,'1','1','1','1'),(143,8,467,'1','1','1','1'),(144,8,466,'1','1','1','1'),(145,8,471,'1','1','1','1'),(146,8,469,'1','1','1','1'),(147,8,463,'1','1','1','1'),(148,8,473,'1','1','1','1'),(149,8,472,'1','1','1','1'),(150,8,464,'1','1','1','1'),(151,8,477,'1','1','1','1'),(152,8,482,'1','1','1','1'),(153,8,480,'1','1','1','1'),(154,8,479,'1','1','1','1'),(155,8,478,'1','1','1','1'),(156,8,483,'1','1','1','1'),(157,8,481,'1','1','1','1'),(158,8,475,'1','1','1','1'),(159,8,485,'1','1','1','1'),(160,8,484,'1','1','1','1'),(161,8,476,'1','1','1','1'),(162,8,489,'1','1','1','1'),(163,8,494,'1','1','1','1'),(164,8,492,'1','1','1','1'),(165,8,491,'1','1','1','1'),(166,8,490,'1','1','1','1'),(167,8,495,'1','1','1','1'),(168,8,493,'1','1','1','1'),(169,8,487,'1','1','1','1'),(170,8,497,'1','1','1','1'),(171,8,496,'1','1','1','1'),(172,8,488,'1','1','1','1'),(173,8,501,'1','1','1','1'),(174,8,506,'1','1','1','1'),(175,8,504,'1','1','1','1'),(176,8,503,'1','1','1','1'),(177,8,502,'1','1','1','1'),(178,8,507,'1','1','1','1'),(179,8,505,'1','1','1','1'),(180,8,499,'1','1','1','1'),(181,8,509,'1','1','1','1'),(182,8,508,'1','1','1','1'),(183,8,500,'1','1','1','1'),(184,8,513,'1','1','1','1'),(185,8,518,'1','1','1','1'),(186,8,516,'1','1','1','1'),(187,8,514,'1','1','1','1'),(188,8,515,'1','1','1','1'),(189,8,519,'1','1','1','1'),(190,8,517,'1','1','1','1'),(191,8,511,'1','1','1','1'),(192,8,521,'1','1','1','1'),(193,8,520,'1','1','1','1'),(194,8,512,'1','1','1','1'),(195,8,525,'1','1','1','1'),(196,8,530,'1','1','1','1'),(197,8,528,'1','1','1','1'),(198,8,527,'1','1','1','1'),(199,8,526,'1','1','1','1'),(200,8,531,'1','1','1','1'),(201,8,529,'1','1','1','1'),(202,8,523,'1','1','1','1'),(203,8,533,'1','1','1','1'),(204,8,532,'1','1','1','1'),(205,8,524,'1','1','1','1'),(206,8,537,'1','1','1','1'),(207,8,542,'1','1','1','1'),(208,8,539,'1','1','1','1'),(209,8,535,'1','1','1','1'),(210,8,541,'1','1','1','1'),(211,8,543,'1','1','1','1'),(212,8,540,'1','1','1','1'),(213,8,538,'1','1','1','1'),(214,8,545,'1','1','1','1'),(215,8,544,'1','1','1','1'),(216,8,536,'1','1','1','1'),(217,8,548,'1','1','1','1'),(218,8,547,'1','1','1','1'),(219,118,128,'1','1','1','1'),(220,118,126,'1','1','1','1'),(221,118,127,'1','1','1','1'),(222,118,37,'1','1','1','1'),(223,118,38,'1','1','1','1'),(224,118,244,'-1','-1','-1','-1'),(225,118,311,'-1','-1','-1','-1'),(226,118,245,'-1','-1','-1','-1'),(227,62,717,'1','1','1','1'),(228,62,718,'1','1','1','1'),(229,62,719,'-1','-1','-1','-1'),(230,118,717,'1','1','1','1'),(231,118,718,'1','1','1','1'),(232,118,719,'-1','-1','-1','-1'),(233,62,571,'1','1','1','1'),(234,118,571,'1','1','1','1'),(235,62,570,'1','1','1','1'),(236,118,570,'1','1','1','1'),(237,118,729,'1','1','1','1'),(238,62,729,'1','1','1','1'),(239,62,730,'1','1','1','1'),(240,118,730,'1','1','1','1'),(241,62,706,'1','1','1','1'),(242,118,706,'1','1','1','1'),(243,62,705,'1','1','1','1'),(244,118,705,'1','1','1','1'),(245,142,37,'1','1','1','1'),(246,142,38,'1','1','1','1'),(247,142,766,'1','1','1','1'),(248,142,767,'1','1','1','1'),(249,142,127,'-1','-1','-1','-1'),(250,142,126,'-1','-1','-1','-1'),(251,142,570,'-1','-1','-1','-1'),(252,142,244,'1','1','1','1'),(253,142,245,'1','1','1','1'),(254,142,154,'1','1','1','1'),(255,142,47,'1','1','1','1'),(256,142,48,'1','1','1','1'),(257,142,39,'-1','-1','-1','-1'),(258,142,42,'-1','-1','-1','-1'),(259,142,43,'-1','-1','-1','-1'),(260,62,129,'1','1','1','1'),(261,62,189,'1','1','1','1'),(262,62,131,'1','1','1','1'),(263,62,207,'1','1','1','1'),(264,62,142,'1','1','1','1'),(265,62,559,'-1','-1','-1','-1'),(266,62,560,'-1','-1','-1','-1'),(267,62,646,'1','1','1','1'),(268,62,645,'1','1','1','1'),(269,62,720,'1','1','1','1'),(270,62,586,'1','1','1','1'),(271,62,585,'1','1','1','1'),(272,62,732,'1','1','1','1'),(273,62,998,'1','1','1','1'),(274,62,997,'1','1','1','1'),(275,62,984,'1','1','1','1'),(276,62,1000,'1','1','1','1'),(277,167,986,'1','1','1','1'),(278,167,987,'1','1','1','1'),(279,118,986,'1','1','1','1'),(280,118,987,'1','1','1','1'),(281,167,1064,'1','1','1','1'),(282,167,1063,'1','1','1','1'),(283,118,1063,'1','1','1','1'),(284,118,1064,'1','1','1','1'),(285,118,1076,'1','1','1','1'),(286,167,1076,'1','1','1','1'),(287,118,1075,'1','1','1','1'),(288,167,1075,'1','1','1','1'),(289,118,1052,'1','1','1','1'),(290,167,1052,'1','1','1','1'),(291,118,1051,'1','1','1','1'),(292,167,1051,'1','1','1','1'),(293,167,37,'1','1','1','1'),(294,167,38,'1','1','1','1'),(295,167,244,'1','1','1','1'),(296,167,245,'1','1','1','1'),(297,167,42,'-1','-1','-1','-1'),(298,167,86,'1','1','1','1'),(299,167,113,'1','1','1','1'),(300,167,114,'1','1','1','1'),(301,167,47,'1','1','1','1'),(302,167,48,'1','1','1','1'),(303,142,113,'-1','-1','-1','-1'),(304,142,114,'-1','-1','-1','-1'),(305,142,85,'1','1','1','1'),(306,142,86,'1','1','1','1'),(307,142,93,'-1','-1','-1','-1'),(308,142,94,'-1','-1','-1','-1'),(309,4,85,'1','1','1','1'),(310,4,86,'1','1','1','1'),(311,118,1100,'1','1','1','1'),(312,167,1100,'1','1','1','1'),(313,118,1159,'1','1','1','1'),(314,167,1159,'1','1','1','1'),(315,118,1099,'1','1','1','1'),(316,167,1099,'1','1','1','1'),(317,118,1088,'1','1','1','1'),(318,167,1088,'1','1','1','1'),(319,118,1087,'1','1','1','1'),(320,167,1087,'1','1','1','1'),(321,118,1148,'1','1','1','1'),(322,167,1148,'1','1','1','1'),(323,118,1147,'1','1','1','1'),(324,167,1147,'1','1','1','1'),(325,118,1136,'1','1','1','1'),(326,167,1136,'1','1','1','1'),(327,118,1135,'1','1','1','1'),(328,167,1135,'1','1','1','1'),(329,118,1124,'1','1','1','1'),(330,167,1124,'1','1','1','1'),(331,118,1123,'1','1','1','1'),(332,167,1123,'1','1','1','1');
/*!40000 ALTER TABLE `aros_acos` ENABLE KEYS */;
UNLOCK TABLES;

--
-- Table structure for table `company`
--

DROP TABLE IF EXISTS `company`;
/*!40101 SET @saved_cs_client     = @@character_set_client */;
/*!40101 SET character_set_client = utf8 */;
CREATE TABLE `company` (
  `id` int(11) unsigned NOT NULL AUTO_INCREMENT,
  `user_id` int(11) unsigned NOT NULL,
  `group_id` int(11) unsigned NOT NULL,
  `name` varchar(150) DEFAULT NULL,
  `description` text,
  `create` timestamp NOT NULL DEFAULT CURRENT_TIMESTAMP,
  `modified` datetime DEFAULT NULL,
  `status` enum('Active','Inactive') NOT NULL DEFAULT 'Active',
  PRIMARY KEY (`id`)
) ENGINE=MyISAM DEFAULT CHARSET=utf8;
/*!40101 SET character_set_client = @saved_cs_client */;

--
-- Dumping data for table `company`
--

LOCK TABLES `company` WRITE;
/*!40000 ALTER TABLE `company` DISABLE KEYS */;
/*!40000 ALTER TABLE `company` ENABLE KEYS */;
UNLOCK TABLES;

--
-- Table structure for table `groups`
--

DROP TABLE IF EXISTS `groups`;
/*!40101 SET @saved_cs_client     = @@character_set_client */;
/*!40101 SET character_set_client = utf8 */;
CREATE TABLE `groups` (
  `id` int(11) NOT NULL AUTO_INCREMENT,
  `name` varchar(100) NOT NULL,
  `created` datetime DEFAULT NULL,
  `modified` datetime DEFAULT NULL,
  `status` enum('Active','Inactive') NOT NULL DEFAULT 'Active',
  `current_date_time` timestamp NOT NULL DEFAULT CURRENT_TIMESTAMP,
  `description` varchar(255) DEFAULT 'Group',
  `key` varchar(20) DEFAULT NULL,
  PRIMARY KEY (`id`)
) ENGINE=MyISAM AUTO_INCREMENT=11 DEFAULT CHARSET=utf8;
/*!40101 SET character_set_client = @saved_cs_client */;

--
-- Dumping data for table `groups`
--

LOCK TABLES `groups` WRITE;
/*!40000 ALTER TABLE `groups` DISABLE KEYS */;
INSERT INTO `groups` VALUES (1,'administrators','2015-06-24 12:03:11','2015-06-24 12:03:11','Active','2015-06-24 17:03:00','administrators','ad'),(2,'managers','2015-06-24 12:03:28','2015-06-24 12:03:28','Active','2015-06-24 17:03:00','managers','ma'),(3,'users','2015-06-24 12:03:37','2015-06-24 12:03:37','Active','2015-06-24 17:03:00','users','us'),(4,'Secure','2015-06-24 12:21:20','2016-04-06 17:29:17','Active','2015-06-24 17:21:00','Seguridad','se'),(5,'Policies','2015-07-01 08:53:57','2015-07-01 08:53:57','Active','2015-07-01 13:53:00','Politicas de Grupo','po'),(6,'casetas','2015-09-03 17:49:55','2015-09-03 17:49:55','Active','2015-09-03 22:49:00','Conciliacion de casetas','ca'),(7,'root','2015-09-03 17:56:03','2015-09-03 18:00:15','Active','2015-09-03 22:55:00','Super cow powa','rt'),(8,'directors','2016-05-06 10:26:26','2016-05-06 10:26:26','Active','2016-05-06 15:25:00','Directors Group','di'),(9,'proveedores','2016-10-20 18:10:25','2016-10-20 18:10:25','Active','2016-10-20 23:09:00','grupo para el portal de proveedores','pr'),(10,'Ingresos','2017-03-02 15:22:04','2017-03-02 16:03:21','Active','2017-03-02 21:21:00','Ingresos','in');
/*!40000 ALTER TABLE `groups` ENABLE KEYS */;
UNLOCK TABLES;

--
-- Table structure for table `posts`
--

DROP TABLE IF EXISTS `posts`;
/*!40101 SET @saved_cs_client     = @@character_set_client */;
/*!40101 SET character_set_client = utf8 */;
CREATE TABLE `posts` (
  `id` int(11) NOT NULL AUTO_INCREMENT,
  `user_id` int(11) NOT NULL,
  `title` varchar(255) NOT NULL,
  `body` text,
  `created` datetime DEFAULT NULL,
  `modified` datetime DEFAULT NULL,
  `status` enum('Active','Inactive') NOT NULL DEFAULT 'Active',
  `current_date_time` timestamp NOT NULL DEFAULT CURRENT_TIMESTAMP,
  PRIMARY KEY (`id`)
) ENGINE=MyISAM AUTO_INCREMENT=2 DEFAULT CHARSET=utf8;
/*!40101 SET character_set_client = @saved_cs_client */;

--
-- Dumping data for table `posts`
--

LOCK TABLES `posts` WRITE;
/*!40000 ALTER TABLE `posts` DISABLE KEYS */;
INSERT INTO `posts` VALUES (1,1,'Testing Posts','This is only testing purpouse\r\n\r\nVeniam marfa mustache skateboard, adipisicing fugiat velit pitchfork beard. Freegan beard aliqua cupidatat mcsweeney\'s vero. Cupidatat four loko nisi, ea helvetica nulla carles. Tattooed cosby sweater food truck, mcsweeney\'s quis non freegan vinyl. Lo-fi wes anderson +1 sartorial. Carles non aesthetic exercitation quis gentrify. Brooklyn adipisicing craft beer vice keytar deserunt. Veniam marfa mustache skateboard, adipisicing fugiat velit pitchfork beard. Freegan beard aliqua cupidatat mcsweeney\'s vero. Cupidatat four loko nisi, ea helvetica nulla carles. Tattooed cosby sweater food truck, mcsweeney\'s quis non freegan vinyl. Lo-fi wes anderson +1 sartorial. Carles non aesthetic exercitation quis gentrify. Brooklyn adipisicing craft beer vice keytar deserunt.\r\nAd leggings keytar, brunch id art party dolor labore. Pitchfork yr enim lo-fi before they sold out qui. Tumblr farm-to-table bicycle rights whatever. Anim keffiyeh carles cardigan. Velit seitan mcsweeney\'s photo booth 3 wolf moon irure. Cosby sweater lomo jean shorts, williamsburg hoodie minim qui you probably haven\'t heard of them et cardigan trust fund culpa biodiesel wes anderson aesthetic. Nihil tattooed accusamus, cred irony biodiesel keffiyeh artisan ullamco consequat.\r\n\r\nKeytar twee blog, culpa messenger bag marfa whatever delectus food truck. Sapiente synth id assumenda. Locavore sed helvetica cliche irony, thundercats you probably haven\'t heard of them consequat hoodie gluten-free lo-fi fap aliquip. Labore elit placeat before they sold out, terry richardson proident brunch nesciunt quis cosby sweater pariatur keffiyeh ut helvetica artisan. Cardigan craft beer seitan readymade velit. VHS chambray laboris tempor veniam. Anim mollit minim commodo ullamco thundercats.\r\n\r\nFood truck fixie locavore, accusamus mcsweeney\'s marfa nulla single-origin coffee squid. Exercitation +1 labore velit, blog sartorial PBR leggings next level wes anderson artisan four loko farm-to-table craft beer twee. Qui photo booth letterpress, commodo enim craft beer mlkshk aliquip jean shorts ullamco ad vinyl cillum PBR. Homo nostrud organic, assumenda labore aesthetic magna delectus mollit. Keytar helvetica VHS salvia yr, vero magna velit sapiente labore stumptown. Vegan fanny pack odio cillum wes anderson 8-bit, sustainable jean shorts beard ut DIY ethical culpa terry richardson biodiesel. Art party scenester stumptown, tumblr butcher vero sint qui sapiente accusamus tattooed echo park.','2015-06-24 12:54:39','2015-06-24 12:55:37','Active','2015-06-24 17:54:00');
/*!40000 ALTER TABLE `posts` ENABLE KEYS */;
UNLOCK TABLES;

--
-- Table structure for table `users`
--

DROP TABLE IF EXISTS `users`;
/*!40101 SET @saved_cs_client     = @@character_set_client */;
/*!40101 SET character_set_client = utf8 */;
CREATE TABLE `users` (
  `id` int(11) NOT NULL AUTO_INCREMENT,
  `company_id` int(11) unsigned NOT NULL DEFAULT '0',
  `username` varchar(255) NOT NULL,
  `password` char(40) NOT NULL,
  `group_id` int(11) NOT NULL,
  `name` char(50) NOT NULL,
  `last_name` char(80) DEFAULT NULL,
  `created` datetime DEFAULT NULL,
  `modified` datetime DEFAULT NULL,
  `current_date_time` timestamp NOT NULL DEFAULT CURRENT_TIMESTAMP,
  `last_access` datetime NOT NULL,
  `last_ip` varchar(100) DEFAULT NULL,
  `user_agent` varchar(255) DEFAULT '',
  `last_user_agent` varchar(255) NOT NULL DEFAULT '',
  `languaje` char(2) NOT NULL DEFAULT 'en',
  `number_id` int(11) NOT NULL,
  `gender` enum('M','F','R') DEFAULT NULL,
  `super_user` tinyint(1) NOT NULL DEFAULT '0',
  `status` enum('Active','Inactive') NOT NULL DEFAULT 'Active',
  PRIMARY KEY (`id`),
  UNIQUE KEY `username` (`username`)
) ENGINE=MyISAM AUTO_INCREMENT=185 DEFAULT CHARSET=utf8;
/*!40101 SET character_set_client = @saved_cs_client */;

--
-- Dumping data for table `users`
--

LOCK TABLES `users` WRITE;
/*!40000 ALTER TABLE `users` DISABLE KEYS */;
INSERT INTO `users` VALUES (1,2,'ambagasdowa','0f8850517aaad80f5a45388845b5113f9d4db9ad',7,'Ambagasdowa','sistemas','2015-06-24 00:00:00','2017-10-03 13:57:12','2015-06-24 22:02:00','2017-10-03 13:57:12','192.168.20.20','','Mozilla/5.0 (X11; Linux x86_64) AppleWebKit/537.36 (KHTML, like Gecko) Chrome/61.0.3163.100 Safari/537.36','en',9000000,'M',1,'Active'),(2,2,'administrator','07432502ba0b552ba88ad8b85009f8d031a72ef8',1,'Administrador','sistemas','2015-06-24 12:06:06','2017-08-18 11:58:22','2015-06-24 22:05:00','2017-08-18 11:58:22','10.42.44.200','','Mozilla/5.0 (X11; Linux x86_64) AppleWebKit/537.36 (KHTML, like Gecko) Chrome/60.0.3112.90 Safari/537.36','es',9000001,'M',0,'Active'),(3,1,'predeterminada','07432502ba0b552ba88ad8b85009f8d031a72ef8',6,'predeterminada','sistemas','2015-06-24 12:06:06','2016-05-17 09:59:35','2015-06-24 22:05:00','2016-05-17 09:59:35','192.168.20.20','','Mozilla/5.0 (X11; Linux i686) AppleWebKit/537.36 (KHTML, like Gecko) Chrome/48.0.2564.109 Safari/537.36','en',9000002,'R',0,'Active'),(4,4,'miriam.estradag','14ca3c86efd5fd1df5d4b6fdab85e521838218bf',9,'Miriam','Estrada Garcia','2015-07-01 10:07:10','2017-04-03 14:54:55','2015-07-01 20:03:00','2017-04-03 14:54:54','192.168.20.30','','Mozilla/5.0 (Windows NT 6.1; WOW64) AppleWebKit/537.36 (KHTML, like Gecko) Chrome/56.0.2924.87 Safari/537.36','es',4000003,'F',0,'Active'),(5,2,'jesus.mendozab','0f8850517aaad80f5a45388845b5113f9d4db9ad',10,'Jesus Alberto','Mendoza Baizabal','2015-07-01 10:11:42','2017-10-02 10:18:46','2015-07-01 20:11:00','2017-10-02 10:18:46','192.168.20.20','','Mozilla/5.0 (X11; Linux x86_64; rv:45.0) Gecko/20100101 Firefox/45.0','es',4000015,'M',0,'Active'),(8,4,'francisco.colinc','9cec8e00f0816c25a26e93e073e2bad269b749b2',5,'Francisco','Colin Camacho','2015-08-12 16:08:28','2017-09-29 13:06:30','2015-08-12 21:08:00','2017-09-29 13:06:30','189.139.25.76','','Mozilla/5.0 (Windows NT 6.1; Win64; x64) AppleWebKit/537.36 (KHTML, like Gecko) Chrome/61.0.3163.100 Safari/537.36','es',4000022,'M',0,'Active'),(9,2,'jose.huertaq','82f3826f16b4ddeb793516055bb6a6c84c4fccd5',3,'Jose Paul','Huerta Quirazco','2015-08-18 18:08:07','2017-07-26 11:12:32','2015-08-18 23:08:07','2017-07-26 11:12:32','192.168.20.50','','Mozilla/5.0 (Windows NT 6.1; Win64; x64) AppleWebKit/537.36 (KHTML, like Gecko) Chrome/59.0.3071.115 Safari/537.36','es',1000009,'M',0,'Active'),(11,2,'victor.cruzv','5de5764a8ad180b5e7061fea6c21f824f950e9f1',3,'Victor Gerardo','Cruz  Vargas','2015-08-19 09:08:44','2017-06-02 09:41:01','2015-08-19 14:08:44','2017-06-02 09:41:01','189.173.192.18','','Mozilla/5.0 (Windows NT 10.0; Win64; x64) AppleWebKit/537.36 (KHTML, like Gecko) Chrome/58.0.3029.110 Safari/537.36','es',1000558,'M',0,'Active'),(12,1,'jesus.sanchezc','6797f4f0135043de97097a5b018a4551fed7f29e',6,'Jesus Alberto','Sanchez Chavez','2015-08-19 10:08:52','2017-06-28 18:17:27','2015-08-19 15:08:00','2016-04-18 17:13:00','187.156.80.83','','Mozilla/5.0 (Windows NT 6.1; WOW64) AppleWebKit/537.36 (KHTML, like Gecko) Chrome/49.0.2623.112 Safari/537.36','es',1000379,'M',0,'Active'),(13,2,'estela.almeidaf','2a1301efb99807413793f9ec0795c55da2d82632',3,'Estela','Almeida Flores','2015-08-19 15:08:08','2017-08-24 12:02:55','2015-08-19 20:08:08','2017-08-24 12:02:55','192.168.22.64','','Mozilla/5.0 (Windows NT 6.1; Win64; x64) AppleWebKit/537.36 (KHTML, like Gecko) Chrome/60.0.3112.101 Safari/537.36','es',1000164,'F',0,'Active'),(14,2,'juan.gonzalezg','a7e5e7fa56098254721e11d39fac82945c7c4d2d',3,'Juan Gabriel','Gonzalez Gutierrez','2015-08-19 16:08:59','2016-02-02 13:07:07','2015-08-19 21:08:59','2016-02-02 13:07:07','187.216.151.162','','Mozilla/5.0 (Windows NT 6.1; WOW64; rv:43.0) Gecko/20100101 Firefox/43.0','es',1000022,'M',0,'Active'),(15,2,'rafael.garcial','65638e51ee57d5ac04e63f08953af950c55e79fc',3,'Rafael','Garcia  Lopez','2015-08-19 16:08:16','2017-08-18 19:34:45','2015-08-19 21:08:16','2017-08-18 19:34:45','192.168.22.139','','Mozilla/5.0 (Windows NT 6.1; Win64; x64) AppleWebKit/537.36 (KHTML, like Gecko) Chrome/60.0.3112.101 Safari/537.36','es',1000244,'M',0,'Active'),(16,2,'guillermo.davilak','2d50852465df47bf3c3b0608c3c41813cab83fd5',3,'Guillermo Ernesto','Davila Kreusch','2015-08-19 16:08:29','2015-08-19 16:09:12','2015-08-19 21:08:29','2015-08-19 16:09:12',NULL,'','','es',1000351,'M',0,'Active'),(17,2,'sandra.guerrerom','6b7d872c95f0e1a74a2ee2987bf512cc85c969e4',3,'Sandra Luz','Guerrero Maravel','2015-08-19 16:08:13','2017-03-30 16:35:53','2015-08-19 21:08:13','2017-03-30 16:35:53','187.218.61.133','','Mozilla/5.0 (Windows NT 6.1; WOW64) AppleWebKit/537.36 (KHTML, like Gecko) Chrome/56.0.2924.87 Safari/537.36','es',1000398,'F',0,'Active'),(18,1,'wilfrido.galiciag','b31aebad79f196a9b0b36624593ef953cc3582bd',3,'Wilfrido','Galicia Garcia','2015-08-19 17:08:21','2016-04-13 09:28:25','2015-08-19 22:08:21','2016-04-13 09:28:25','189.144.86.110','','Mozilla/5.0 (Windows NT 6.1; WOW64) AppleWebKit/537.36 (KHTML, like Gecko) Chrome/49.0.2623.112 Safari/537.36','es',3002165,'M',0,'Active'),(19,1,'ramon.gutierrezg','6c4e1c6fe3d094ed0faa0214f39636a94a3457bd',3,'Ramon','Gutierrez                      Gonzalez','2015-08-19 17:08:12','2017-09-18 13:02:31','2015-08-19 22:08:12','2017-09-18 13:02:31','189.254.105.68','','Mozilla/5.0 (Windows NT 6.1; Win64; x64) AppleWebKit/537.36 (KHTML, like Gecko) Chrome/60.0.3112.113 Safari/537.36','es',3002004,'M',0,'Active'),(20,1,'maria.monzonm','cd059bd43e7f054b7cacd7dda78c6fae0efced4e',3,'Maria Del Rosario','Monzon                         Moreno','2015-08-19 17:08:27','2015-08-19 17:24:09','2015-08-19 22:08:27','2015-08-19 17:24:09',NULL,'','','es',3002036,'M',0,'Active'),(21,2,'cynthia.valtierrar','1586613d4e854922d84275a0d46e866c743cfaa6',3,'Cynthia','Valtierra Rios','2015-08-19 17:08:04','2016-03-01 12:09:14','2015-08-19 22:08:04','2016-03-01 12:09:14','189.254.176.66','','Mozilla/5.0 (Windows NT 6.1; WOW64) AppleWebKit/537.36 (KHTML, like Gecko) Chrome/48.0.2564.116 Safari/537.36','es',1000295,'F',0,'Active'),(22,4,'sandra.escobedoo ','7bf04623e78c2d23241af2e2173ac64ee37501ce',3,'Sandra Acela','Escobedo Oca','2015-08-20 08:08:14','2016-06-15 11:09:58','2015-08-20 13:08:00','2016-06-15 11:09:58','189.144.74.201','','Mozilla/5.0 (Windows NT 6.1; WOW64) AppleWebKit/537.36 (KHTML, like Gecko) Chrome/50.0.2661.102 Safari/537.36','es',4000021,'F',0,'Active'),(23,4,'alejandro.velazquezd','af779bc8802f99ab70094c719f7b7d04d331d709',3,'Alejandro Cesar','Velazquez De La Garza','2015-08-20 09:08:08','2017-01-09 10:35:28','2015-08-20 14:08:08','2017-01-09 10:35:28','189.144.95.215','','Mozilla/5.0 (Windows NT 10.0; WOW64) AppleWebKit/537.36 (KHTML, like Gecko) Chrome/55.0.2883.87 Safari/537.36','es',4000011,'M',0,'Active'),(24,2,'jesus.vazqueza','01709c57247b2790a71d7bc44c14b270749d991e',3,'Jesus Francisco','Vazquez Aquino','2015-08-20 10:08:49','2016-12-07 17:59:57','2015-08-20 15:08:49','2016-12-07 17:59:57','189.254.176.66','','Mozilla/5.0 (Windows NT 10.0; WOW64; Trident/7.0; rv:11.0) like Gecko','es',1000281,'M',0,'Active'),(25,2,'jaime.gami','d80ddb8e1c6e0c327ac61276179012569b78b4f2',3,'Jaime Jessel','Gami','2015-08-20 12:08:42','2015-08-20 12:09:51','2015-08-20 17:08:42','2015-08-20 12:09:51',NULL,'','','es',1000461,'M',0,'Active'),(26,2,'juan.duronv','7a85cc1b5b7dcd2127677d58bf6124f2551b21a2',3,'Juan Alejandro','Duron Villegas','2015-08-20 12:08:34','2017-08-15 12:05:41','2015-08-20 17:08:34','2017-08-15 12:05:41','10.42.44.200','','Mozilla/5.0 (X11; Linux x86_64) AppleWebKit/537.36 (KHTML, like Gecko) Chrome/60.0.3112.90 Safari/537.36','es',1000103,'M',0,'Active'),(27,4,'rosa.garciaa','40f00424f04e69be4c0a5fc780af2b2ca08b11ec',3,'Rosa Isela','Garcia Antemate','2015-08-21 16:08:32','2017-08-28 13:44:07','2015-08-21 21:08:32','2017-08-28 13:44:07','192.168.20.43','','Mozilla/5.0 (Windows NT 6.1; Win64; x64) AppleWebKit/537.36 (KHTML, like Gecko) Chrome/60.0.3112.101 Safari/537.36','es',4000006,'F',0,'Active'),(28,2,'guadalupe.osorior','1cb54f9f5357d8577201e3e94e86a8bd1494e941',3,'Guadalupe','Osorio Rivera','2015-08-21 17:08:45','2017-08-07 11:43:24','2015-08-21 22:08:45','2017-08-07 11:43:24','192.168.20.154','','Mozilla/5.0 (Windows NT 6.1; Win64; x64) AppleWebKit/537.36 (KHTML, like Gecko) Chrome/60.0.3112.90 Safari/537.36','es',1000352,'F',0,'Active'),(29,3,'jacinto.feriae','f63f1e1eb4eccb0bb5c7653136b006609d24ec0e',6,'Jacinto','Feria Enriquez','2015-08-22 12:08:24','2017-08-18 20:40:14','2015-08-22 17:08:00','2017-08-18 20:40:14','192.168.20.238','','Mozilla/5.0 (Windows NT 6.1; Win64; x64) AppleWebKit/537.36 (KHTML, like Gecko) Chrome/60.0.3112.101 Safari/537.36','es',2000433,'M',0,'Active'),(30,3,'carlos.mayod','75aed6856ae628d2257e10e9b078f89d8c44bc6d',3,'Carlos','Mayo De La Rosa','2015-08-24 09:08:47','2017-02-01 08:30:34','2015-08-24 14:08:47','2017-02-01 08:30:33','187.157.23.226','','Mozilla/5.0 (Windows NT 6.1; WOW64) AppleWebKit/537.36 (KHTML, like Gecko) Chrome/55.0.2883.87 Safari/537.36','es',2000186,'M',0,'Active'),(31,3,'deysi.hernandezg','aea38ab1e0c294830b955c423ce7b7751f07deab',3,'Deysi','Hernandez Garcia','2015-08-24 09:08:48','2017-01-19 10:51:54','2015-08-24 14:08:48','2017-01-19 10:51:54','192.168.28.17','','Mozilla/5.0 (Windows NT 6.1; WOW64; rv:50.0) Gecko/20100101 Firefox/50.0','es',2000396,'F',0,'Active'),(32,2,'juan.dela','0d84ea0beed8c5d205f22bdc0ddd36e85415836d',6,'Juan Alberto','Del Castillo Almazan','2015-08-24 11:08:10','2017-10-03 09:10:22','2015-08-24 16:08:00','2017-10-03 09:10:22','192.168.20.238','','Mozilla/5.0 (Windows NT 6.1; Win64; x64) AppleWebKit/537.36 (KHTML, like Gecko) Chrome/61.0.3163.100 Safari/537.36','es',1000081,'M',0,'Active'),(33,1,'guillermo.cortinad','a5b0575f33ad08c15b05608679a5257b069788fa',10,'Guillermo','Cortina Donde','2015-08-24 11:08:07','2017-10-03 09:04:49','2015-08-24 16:08:00','2017-10-03 09:04:49','189.236.48.119','','Mozilla/5.0 (Windows NT 10.0; Win64; x64) AppleWebKit/537.36 (KHTML, like Gecko) Chrome/61.0.3163.100 Safari/537.36','es',3002149,'M',0,'Active'),(34,3,'paulo.munguiah','614e3132c4f68656afead9bd72cb1ce7c9bcefdd',3,'Paulo Sergio','Munguia Hernandez','2015-08-25 14:08:54','2017-09-29 10:10:43','2015-08-25 19:08:54','2017-09-29 10:10:43','187.157.23.226','','Mozilla/5.0 (Windows NT 6.1; Win64; x64) AppleWebKit/537.36 (KHTML, like Gecko) Chrome/61.0.3163.100 Safari/537.36','es',2000444,'M',0,'Active'),(35,2,'ilse.monterrosasm','332ec36f7b271ab943513710f250b943f1282ba8',3,'Ilse Yazmin','Monterrosas Mora','2015-08-26 17:08:08','2017-02-22 10:38:59','2015-08-26 22:08:08','2017-02-22 10:38:59','192.168.20.42','','Mozilla/5.0 (Windows NT 6.1; WOW64; rv:47.0) Gecko/20100101 Firefox/47.0','es',1000380,'F',0,'Active'),(36,2,'guillermo.garciaa','671aa2e8b7b060d651b40024bb8f584f40abf031',8,'Guillermo','Garcia Anaya','2015-08-27 11:44:44','2017-05-16 17:36:10','2015-08-27 16:43:00','2017-05-16 17:36:10','192.168.20.20','','Mozilla/5.0 (X11; Linux x86_64; rv:45.0) Gecko/20100101 Firefox/45.0','es',9999999,'M',0,'Active'),(37,2,'pablo.rodriguezg','4884e8b40095c007d98f158b24438dcd4441142c',10,'Pablo Noe','Rodriguez Gonzalez','2015-09-01 17:09:00','2017-07-19 18:11:32','2015-09-01 22:09:00','2017-07-19 18:11:32','192.168.20.20','','Mozilla/5.0 (X11; Linux x86_64) AppleWebKit/537.36 (KHTML, like Gecko) Chrome/59.0.3071.115 Safari/537.36','es',1000324,'M',0,'Active'),(38,2,'jose.hernandezs','dbf21e2cfe02aa16720e70ab00fb94a426313f34',3,'Jose Alejandro','Hernandez Salazar','2015-09-02 12:09:59','2015-12-29 16:17:51','2015-09-02 17:09:59','2015-12-29 16:17:51',NULL,'','Mozilla/5.0 (Windows NT 6.1; WOW64; Trident/7.0; rv:11.0) like Gecko','es',1000560,'M',0,'Active'),(39,2,'oscar.benavidesg','eef1061ac8ff4e5c8d6bb25a62f4fc53bbb33a5a',3,'Oscar Eduardo','Benavides Gonzalez','2015-09-02 13:09:12','2016-05-12 10:02:15','2015-09-02 18:09:12','2016-05-12 10:02:15','187.172.180.243','','Mozilla/5.0 (Windows NT 6.1; WOW64) AppleWebKit/537.36 (KHTML, like Gecko) Chrome/50.0.2661.94 Safari/537.36','es',1000232,'M',0,'Active'),(40,2,'alejandra.vazquezc','d2138e6dccc5e6dfb417d120363fc204cd044831',3,'Alejandra','Vazquez Carrera','2015-09-02 13:09:11','2017-09-18 11:53:14','2015-09-02 18:09:11','2017-09-18 11:53:14','192.168.20.176','','Mozilla/5.0 (compatible; MSIE 10.0; Windows NT 6.1; WOW64; Trident/6.0)','es',1000545,'F',0,'Active'),(41,4,'roberto.vivesv','5a42578b2a36b1e421ad16c2b4b3ba629a0a129c',8,'Roberto De Jesus','Vives Vives','2015-09-02 13:09:33','2017-10-03 10:17:56','2015-09-02 18:09:00','2017-10-03 10:17:56','192.168.20.191','','Mozilla/5.0 (Windows NT 6.1; Win64; x64) AppleWebKit/537.36 (KHTML, like Gecko) Chrome/61.0.3163.100 Safari/537.36','es',4000002,'M',0,'Active'),(42,4,'felipe.vasquezg','2fc8d21588e14d678316efdcc0ee438da5e2decd',3,'Felipe Roberto','Vasquez Galicia','2015-09-02 14:09:04','2015-11-25 17:27:54','2015-09-02 19:09:04','2015-11-25 17:27:54',NULL,'','Mozilla/5.0 (Windows NT 6.1; WOW64) AppleWebKit/537.36 (KHTML, like Gecko) Chrome/46.0.2490.86 Safari/537.36','es',4000012,'M',0,'Inactive'),(43,2,'jose.lucior','02665814cdec5f7f92460480cca418889ae63833',3,'Jose Manuel','Lucio Rodriguez','2015-09-02 15:09:21','2016-01-15 10:42:00','2015-09-02 20:09:21','2016-01-15 10:42:00',NULL,'','Mozilla/5.0 (Windows NT 6.1; WOW64) AppleWebKit/537.36 (KHTML, like Gecko) Chrome/47.0.2526.111 Safari/537.36','es',1000369,'M',0,'Active'),(44,1,'claudia.hernandezm','25298cd534465521d433615685993b5e090c3de4',3,'Claudia Alejandra','Hernandez Mendez','2015-09-02 18:09:55','2016-06-10 18:28:06','2015-09-02 23:09:55','2016-06-10 18:28:06','189.254.105.68','','Mozilla/5.0 (Windows NT 6.1; WOW64) AppleWebKit/537.36 (KHTML, like Gecko) Chrome/51.0.2704.84 Safari/537.36','es',3002169,'F',0,'Active'),(45,3,'marcos.ruizg','6aa18aab8321702b98f76cd7fd91528c23943bd7',3,'Marcos Fernando','Ruiz Guerrero','2015-09-03 09:09:03','2017-01-03 17:23:28','2015-09-03 14:09:03','2017-01-03 17:23:28','187.157.23.226','','Mozilla/5.0 (Windows NT 6.1; WOW64) AppleWebKit/537.36 (KHTML, like Gecko) Chrome/54.0.2840.99 Safari/537.36','es',2000377,'M',0,'Active'),(46,2,'elizabeth.cortezm','1506496dd59b2fc57106403177d57abee2957b9d',3,'Elizabeth','Cortez Mu&ntilde;oz','2015-09-03 09:09:31','2015-12-28 18:48:26','2015-09-03 14:09:31','2015-12-28 18:48:26',NULL,'','Mozilla/5.0 (Windows NT 6.1; WOW64; rv:42.0) Gecko/20100101 Firefox/42.0','es',1000514,'F',0,'Active'),(47,3,'jose.suarezo','e6236692fcd9e79be08102ecbe196bd4b3d5c552',3,'Jose Alberto','Suarez Olivares','2015-09-03 09:09:05','2016-01-27 15:57:33','2015-09-03 14:09:05','2016-01-27 15:57:33','187.157.23.226','','Mozilla/5.0 (Windows NT 6.1; WOW64; rv:43.0) Gecko/20100101 Firefox/43.0','es',2000443,'M',0,'Active'),(48,2,'angela.trujillor','75719dc01f3bfd58c47f61dd6bd10d87a516ea3e',3,'Angela Montserrat','Trujillo Rodriguez','2015-09-03 09:09:08','2016-11-01 16:32:27','2015-09-03 14:09:08','2016-11-01 16:32:27','192.168.20.101','','Mozilla/5.0 (Windows NT 6.1; Trident/7.0; rv:11.0) like Gecko','es',1000381,'F',0,'Active'),(49,2,'noe.roldanf','9637aeed90cfb72c5cea9d1c7d5fd81e19e0dec6',3,'Noe','Roldan Flores','2015-09-03 09:09:57','2016-11-23 17:06:13','2015-09-03 14:09:57','2016-11-23 17:06:13','192.168.20.149','','Mozilla/5.0 (Windows NT 6.1; WOW64; Trident/7.0; rv:11.0) like Gecko','es',1000185,'M',0,'Active'),(50,3,'greysi.felixa','19929e2da3887df53328a876815e3b3d06ec07f0',3,'Greysi','Felix Alejo','2015-09-03 10:09:58','2016-02-02 12:29:17','2015-09-03 15:09:58','2016-02-02 12:29:17','187.157.23.226','','Mozilla/5.0 (Windows NT 6.1; WOW64; Trident/7.0; rv:11.0) like Gecko','es',2000425,'F',0,'Active'),(51,2,'luis.der','9e67cda9d847a8d6b5fcbebb446841ede19b6e7e',3,'Luis Francisco','De Leon Rodriguez','2015-09-03 11:09:11','2016-02-22 14:20:55','2015-09-03 16:09:11','2016-02-22 14:20:55','187.246.13.232','','Mozilla/5.0 (Windows NT 6.1; WOW64) AppleWebKit/537.36 (KHTML, like Gecko) Chrome/48.0.2564.116 Safari/537.36','es',1000297,'M',0,'Active'),(52,2,'sandra.hernandezr','c30310e66a967a2510edcd4c5d867b9e85260468',3,'Sandra','Hernandez Rubio','2015-09-03 11:09:41','2016-05-12 17:01:01','2015-09-03 16:09:41','2016-05-12 17:01:01','192.168.20.20','','Mozilla/5.0 (X11; Linux i686) AppleWebKit/537.36 (KHTML, like Gecko) Chrome/48.0.2564.109 Safari/537.36','es',1000418,'F',0,'Inactive'),(53,2,'victor.jimenezh','ff1c9b1a5e4c820c0149a88ebcb9d0b981584983',3,'Victor  Hugo','Jimenez Heredia','2015-09-03 16:09:05','2016-01-14 08:31:41','2015-09-03 21:09:05','2016-01-14 08:31:41',NULL,'','Mozilla/5.0 (compatible; MSIE 10.0; Windows NT 6.1; WOW64; Trident/6.0)','es',1000591,'M',0,'Active'),(54,2,'marco.vegad','863875492c15d1876178f81fdc38a36aac57471d',10,'Marco Antonio','Vega  Del Rio','2015-09-07 19:09:22','2017-10-02 18:53:50','2015-09-08 00:09:00','2017-10-02 18:53:50','192.168.22.82','','Mozilla/5.0 (Windows NT 6.1; Win64; x64) AppleWebKit/537.36 (KHTML, like Gecko) Chrome/61.0.3163.100 Safari/537.36','es',1000564,'M',0,'Active'),(55,1,'dolores.perezc','c9c72dbb0dd82daa292b8501eb1792e850901da0',6,'Dolores','Perez                          Cabrera','2015-09-08 09:09:32','2017-10-02 10:51:12','2015-09-08 14:09:32','2017-10-02 10:51:12','192.168.20.238','','Mozilla/5.0 (Windows NT 6.1; Win64; x64) AppleWebKit/537.36 (KHTML, like Gecko) Chrome/61.0.3163.100 Safari/537.36','es',3002061,'M',0,'Active'),(56,2,'erika.bautistad','223cf6b32aec762bf28b9b0ffb3312ef686dbf49',3,'Erika Alejandra','Bautista De La Rosa','2015-09-08 10:09:33','2015-09-08 11:27:09','2015-09-08 15:09:33','2015-09-08 11:27:09',NULL,'','','es',1000383,'F',0,'Active'),(57,2,'oscar.patinot','9d2a65e14373f8a5e474158f7abd3e8032d9fc4c',3,'Oscar Manuel','Pati&ntilde;o Torres','2015-09-08 10:09:39','2015-09-08 10:09:39','2015-09-08 15:09:39','0000-00-00 00:00:00',NULL,'','','es',1000382,'M',0,'Active'),(75,2,'carlos.tornela','47471e8556fe39320fd175d02c1f78cd2fd1cd6d',3,'Carlos  Manuel','Tornel Andrade','2015-10-05 10:10:21','2017-09-01 15:46:15','2015-10-05 15:10:21','2017-09-01 15:46:15','192.168.20.180','Mozilla/5.0 (Windows NT 6.1; WOW64; Trident/7.0; rv:11.0) like Gecko','Mozilla/5.0 (Windows NT 6.1; WOW64) AppleWebKit/537.36 (KHTML, like Gecko) Chrome/46.17.2490.86 Safari/537.36','es',1000642,'M',0,'Active'),(58,3,'alberto.cordovah','75932222fe77e340a2054d4edde5be5538ca97f2',3,'Alberto','Cordova Hernandez','2015-09-08 20:09:38','2017-04-27 19:45:51','2015-09-09 01:09:38','2017-04-27 19:45:51','192.168.28.36','Mozilla/5.0 (Windows NT 6.1; WOW64) AppleWebKit/537.36 (KHTML, like Gecko) Chrome/45.0.2454.85 Safari/537.36','Mozilla/5.0 (Windows NT 6.1; WOW64) AppleWebKit/537.36 (KHTML, like Gecko) Chrome/57.0.2987.133 Safari/537.36','es',2000316,'M',0,'Active'),(59,2,'humberto.perezm','fbf197510cb7e80b72d9809f23d037c2b4b5e62c',3,'Humberto Eduardo','Perez Macias','2015-09-09 11:09:39','2015-10-13 16:34:03','2015-09-09 16:09:39','2015-10-13 16:34:03',NULL,'Mozilla/5.0 (Windows NT 6.1; WOW64) AppleWebKit/537.36 (KHTML, like Gecko) Chrome/45.0.2454.85 Safari/537.36','Mozilla/5.0 (Windows NT 6.1; WOW64) AppleWebKit/537.36 (KHTML, like Gecko) Chrome/45.0.2454.101 Safari/537.36','es',1000445,'M',0,'Active'),(60,2,'jose.garciaf','5f84c9818fe2e4aeb4d03c15c8fefc8c430fd3b8',3,'Jose Guadalupe','Garcia Flores','2015-09-09 17:09:41','2016-01-14 13:34:37','2015-09-09 22:09:41','2016-01-14 13:34:37',NULL,'Mozilla/5.0 (Windows NT 6.1; WOW64) AppleWebKit/537.36 (KHTML, like Gecko) Chrome/45.0.2454.85 Safari/537.36','Mozilla/5.0 (Windows NT 6.1; WOW64) AppleWebKit/537.36 (KHTML, like Gecko) Chrome/47.0.2526.106 Safari/537.36','es',1000173,'M',0,'Active'),(61,2,'miguel.gonzalezp','7b3d530be417e54bc2ac2010edf408b7c8d62b89',9,'Miguel','Gonzalez Pe&ntilde;a','2015-09-09 17:09:32','2017-09-14 09:26:33','2015-09-09 22:09:00','2017-09-14 09:26:33','192.168.20.49','Mozilla/5.0 (Windows NT 6.1) AppleWebKit/537.36 (KHTML, like Gecko) Chrome/45.0.2454.85 Safari/537.36','Mozilla/5.0 (Windows NT 6.1; Win64; x64) AppleWebKit/537.36 (KHTML, like Gecko) Chrome/60.0.3112.113 Safari/537.36','es',1000552,'M',0,'Active'),(62,2,'yssa.carreong','de09896904e8f0a076d7566f6465373e87eb9e50',3,'Yssa Maria','Carreon Garcia','2015-09-09 17:09:07','2015-09-09 17:43:01','2015-09-09 22:09:07','2015-09-09 17:43:01',NULL,'Mozilla/5.0 (Windows NT 6.1) AppleWebKit/537.36 (KHTML, like Gecko) Chrome/45.0.2454.85 Safari/537.36','Mozilla/5.0 (Windows NT 6.1) AppleWebKit/537.36 (KHTML, like Gecko) Chrome/45.0.2454.85 Safari/537.36','es',1000525,'F',0,'Active'),(63,2,'javier.arguelloa','398a7a1048405b371ccd08e32cded7c5fca05441',3,'Javier','Arguello Ameca','2015-09-09 17:09:29','2016-05-25 09:04:15','2015-09-09 22:09:29','2016-05-25 09:04:15','192.168.20.180','Mozilla/5.0 (Windows NT 6.1; WOW64) AppleWebKit/537.36 (KHTML, like Gecko) Chrome/45.0.2454.85 Safari/537.36','Mozilla/5.0 (Windows NT 6.1; WOW64) AppleWebKit/537.36 (KHTML, like Gecko) Chrome/46.17.2490.86 Safari/537.36','es',1000186,'M',0,'Active'),(64,2,'minerva.lopezv','5013788198a713fb9052be3bba712129ad7036e0',3,'Minerva','Lopez Velazquez','2015-09-09 17:09:31','2016-01-26 09:33:27','2015-09-09 22:09:31','2016-01-26 09:33:27','192.168.20.26','Mozilla/5.0 (Windows NT 6.1; WOW64) AppleWebKit/537.36 (KHTML, like Gecko) Chrome/45.0.2454.85 Safari/537.36','Mozilla/5.0 (Windows NT 6.1; WOW64) AppleWebKit/537.36 (KHTML, like Gecko) Chrome/47.0.2526.111 Safari/537.36','es',1000093,'F',0,'Active'),(65,2,'guillermo.batresc','932b8a9712549ef99ed0f2411505a8c6e0a8b4c4',3,'Guillermo','Batres Cansino','2015-09-10 09:09:03','2015-09-10 09:11:14','2015-09-10 14:09:03','2015-09-10 09:11:14',NULL,'Mozilla/5.0 (Windows NT 6.1; WOW64) AppleWebKit/537.36 (KHTML, like Gecko) Chrome/45.0.2454.85 Safari/537.36','Mozilla/5.0 (Windows NT 6.1; WOW64) AppleWebKit/537.36 (KHTML, like Gecko) Chrome/45.0.2454.85 Safari/537.36','es',1000006,'M',0,'Active'),(66,3,'berenisse.munguiah','6c01d1954d2e260c100947dcb4116061a37c2b3a',3,'Berenisse','Munguia Hernandez','2015-09-10 10:09:53','2017-10-03 13:27:43','2015-09-10 15:09:53','2017-10-03 13:27:43','187.157.23.226','Mozilla/5.0 (Windows NT 6.1; WOW64) AppleWebKit/537.36 (KHTML, like Gecko) Chrome/45.0.2454.85 Safari/537.36','Mozilla/5.0 (Windows NT 6.1; Win64; x64) AppleWebKit/537.36 (KHTML, like Gecko) Chrome/61.0.3163.100 Safari/537.36','es',2000426,'F',0,'Active'),(67,3,'santiago.torrest','bbdaf7adc547569b23186e4d16b3dee1fc86fbca',3,'Santiago','Torres Torres','2015-09-10 10:09:37','2015-09-10 10:35:21','2015-09-10 15:09:37','2015-09-10 10:35:21',NULL,'Mozilla/5.0 (Windows NT 6.1; WOW64) AppleWebKit/537.36 (KHTML, like Gecko) Chrome/45.0.2454.85 Safari/537.36','Mozilla/5.0 (Windows NT 6.1; WOW64) AppleWebKit/537.36 (KHTML, like Gecko) Chrome/45.0.2454.85 Safari/537.36','es',2000435,'M',0,'Active'),(68,3,'christian.zacariash','75f9b219df96f3daeffbc6ebd0712175d2430ff8',3,'Christian','Zacarias Hernandez','2015-09-10 10:09:30','2017-07-11 15:53:50','2015-09-10 15:09:30','2017-07-11 15:53:50','187.157.23.226','Mozilla/5.0 (Windows NT 6.1; WOW64; Trident/7.0; rv:11.0) like Gecko','Mozilla/5.0 (Windows NT 6.1; WOW64; Trident/7.0; rv:11.0) like Gecko','es',2000394,'M',0,'Active'),(69,3,'jose.mestast','c6e8e4b65a68e164cc4e70196a17dcbc35fe8ef1',3,'Jose','Mestas Toledo','2015-09-10 11:09:49','2016-10-24 13:48:24','2015-09-10 16:09:49','2016-10-24 13:48:24','187.157.23.226','Mozilla/5.0 (Windows NT 6.1; WOW64) AppleWebKit/537.36 (KHTML, like Gecko) Chrome/45.0.2454.85 Safari/537.36','Mozilla/5.0 (Windows NT 6.1; Win64; x64) AppleWebKit/537.36 (KHTML, like Gecko) Chrome/53.0.2785.143 Safari/537.36','es',2000428,'M',0,'Active'),(70,3,'dulce.garciag','c3ab806ad26e156ea0930750ce956fe281d6f1ed',3,'Dulce Rubi','Garcia Gongora','2015-09-10 12:09:20','2015-09-10 13:03:39','2015-09-10 17:09:20','2015-09-10 13:03:39',NULL,'Mozilla/5.0 (Windows NT 6.1; WOW64; Trident/7.0; rv:11.0) like Gecko','Mozilla/5.0 (Windows NT 6.1; WOW64; Trident/7.0; rv:11.0) like Gecko','es',2000434,'F',0,'Active'),(71,2,'marcos.martinezf','7f17f283e3733c7222a20bdc436c28631a93558f',3,'Marcos Roberto','Martinez Flores','2015-09-10 16:09:42','2017-02-27 12:45:43','2015-09-10 21:09:42','2017-02-27 12:45:43','192.168.20.161','Mozilla/5.0 (X11; Linux i686) AppleWebKit/537.36 (KHTML, like Gecko) Chrome/39.0.2171.99 Safari/537.36','Mozilla/5.0 (Windows NT 6.1; WOW64) AppleWebKit/537.36 (KHTML, like Gecko) Chrome/56.0.2924.87 Safari/537.36','es',1000056,'M',0,'Active'),(72,4,'jennifer.castror','ec83dc8de1fc0d6b9cb80150366d35ab1350ec02',3,'Jennifer Beatriz','Castro Rodriguez','2015-09-22 13:09:23','2016-02-02 17:11:53','2015-09-22 18:09:23','2016-02-02 17:11:53','189.243.24.208','Mozilla/5.0 (Windows NT 6.1) AppleWebKit/537.36 (KHTML, like Gecko) Chrome/45.0.2454.99 Safari/537.36','Mozilla/5.0 (Windows NT 6.1; WOW64) AppleWebKit/537.36 (KHTML, like Gecko) Chrome/48.0.2564.97 Safari/537.36','es',4000020,'F',0,'Active'),(73,2,'angel.laraa','de2e80537aa7d29be04ad6c06beb34ba428d6bd9',3,'Angel Fernando','Lara Ambrosio','2015-09-23 17:09:21','2017-01-10 18:51:37','2015-09-23 22:09:21','2017-01-10 18:51:37','189.240.195.2','Mozilla/5.0 (Windows NT 6.1; WOW64) AppleWebKit/537.36 (KHTML, like Gecko) Chrome/45.0.2454.99 Safari/537.36','Mozilla/5.0 (Windows NT 6.1; WOW64; Trident/7.0; rv:11.0) like Gecko','es',1000257,'M',0,'Active'),(74,4,'isidoro.garciah','5bbe7d3dca30ad5e5d7b41d8c873d603436ad68f',3,'Isidoro','Garcia Hernandez','2015-09-30 11:09:04','2017-08-07 15:47:54','2015-09-30 16:09:04','2017-08-07 15:47:54','189.241.158.81','Mozilla/5.0 (Windows NT 10.0; WOW64; Trident/7.0; rv:11.0) like Gecko','Mozilla/5.0 (Windows NT 10.0; Win64; x64) AppleWebKit/537.36 (KHTML, like Gecko) Chrome/60.0.3112.90 Safari/537.36','es',4000004,'M',0,'Active'),(76,4,'joaquin.rodalf','a5ed9e6e079971439d8032a6150ae392aa860400',3,'Joaquin Miguel','Rodal Fernandez','2015-10-06 18:10:32','2017-05-18 08:58:52','2015-10-06 23:10:32','2017-05-18 08:58:52','189.254.105.68','Mozilla/5.0 (Windows NT 6.1; WOW64) AppleWebKit/537.36 (KHTML, like Gecko) Chrome/45.0.2454.101 Safari/537.36','Mozilla/5.0 (Windows NT 6.1; Win64; x64) AppleWebKit/537.36 (KHTML, like Gecko) Chrome/58.0.3029.110 Safari/537.36','es',4000017,'M',0,'Active'),(77,2,'miguel.solism','f245325c6569265a7027b8bfbb62b4a91921e4e9',10,'Miguel Angel','Solis Martinez','2015-10-07 08:10:53','2017-08-17 11:08:02','2015-10-07 13:10:00','2017-08-17 11:08:02','192.168.20.27','Mozilla/5.0 (Windows NT 6.1; WOW64) AppleWebKit/537.36 (KHTML, like Gecko) Chrome/43.0.2357.81 Safari/537.36','Mozilla/5.0 (Windows NT 6.1; Win64; x64) AppleWebKit/537.36 (KHTML, like Gecko) Chrome/60.0.3112.101 Safari/537.36','es',1000422,'M',0,'Active'),(78,2,'montserrat.garciam','ee4b0e07347513bd4d86cf09f132428ec0712807',3,'Montserrat','Garcia Martinez','2015-10-07 09:10:52','2016-08-24 17:08:55','2015-10-07 14:10:52','2016-08-24 17:08:55','192.168.20.49','Mozilla/5.0 (Windows NT 6.1; WOW64; Trident/7.0; rv:11.0) like Gecko','Mozilla/5.0 (Windows NT 6.1; WOW64; rv:47.0) Gecko/20100101 Firefox/47.0','es',1000307,'F',0,'Active'),(79,3,'carlos.hernandezc','e0cd8458c33753369bf597cd0c294042c0a627f0',10,'Carlos Javier','Hernandez  Castillejos','2015-10-07 09:10:25','2017-05-15 16:18:37','2015-10-07 14:10:25','2017-05-15 16:18:37','187.146.191.149','Mozilla/5.0 (Windows NT 6.1; WOW64) AppleWebKit/537.36 (KHTML, like Gecko) Chrome/45.0.2454.101 Safari/537.36','Mozilla/5.0 (Windows NT 6.1; WOW64) AppleWebKit/537.36 (KHTML, like Gecko) Chrome/57.0.2987.133 Safari/537.36','es',2000374,'M',0,'Active'),(81,4,'jose.sanchezf','44d97e5335ef6351503af6bd6e467366e83dda43',3,'Jose Carmelo','Sanchez Farias','2015-10-23 10:10:28','2017-07-25 16:48:57','2015-10-23 15:10:28','2017-07-25 16:48:57','192.168.1.35','Mozilla/5.0 (Windows NT 6.1; WOW64; Trident/7.0; rv:11.0) like Gecko','Mozilla/5.0 (Windows NT 6.1; WOW64; Trident/7.0; rv:11.0) like Gecko','es',4000023,'M',0,'Active'),(80,4,'gustavo.mendozab','4a20f3a4eb2104fc95f2c968fc4c4da76755fd05',9,'Gustavo','Mendoza Barron','2015-10-13 18:10:50','2017-01-18 11:33:54','2015-10-13 23:10:00','2017-01-18 11:33:54','192.168.20.110','Mozilla/5.0 (Windows NT 6.1; WOW64) AppleWebKit/537.36 (KHTML, like Gecko) Chrome/45.0.2454.101 Safari/537.36','Mozilla/5.0 (Windows NT 6.1; Win64; x64) AppleWebKit/537.36 (KHTML, like Gecko) Chrome/55.0.2883.87 Safari/537.36','es',4000026,'M',0,'Active'),(82,2,'alejandro.cardenasj','4478c577b477bf757b2852efe711e9200cee674a',3,'Alejandro','Cardenas Jimenez','2015-11-05 12:11:49','2015-11-05 14:22:53','2015-11-05 18:11:49','2015-11-05 14:22:53',NULL,'Mozilla/5.0 (Windows NT 6.1; WOW64) AppleWebKit/537.36 (KHTML, like Gecko) Chrome/46.0.2490.80 Safari/537.36','Mozilla/5.0 (Windows NT 6.1; WOW64) AppleWebKit/537.36 (KHTML, like Gecko) Chrome/46.0.2490.80 Safari/537.36','es',1000658,'M',0,'Active'),(83,2,'marco.rodriguezc','ce78791673e85fa17bdbb21bbf54b2c8438513ac',3,'Marco','Rodriguez Campos','2015-11-09 16:11:57','2015-11-09 16:22:34','2015-11-09 22:11:57','2015-11-09 16:22:34',NULL,'Mozilla/5.0 (compatible; MSIE 10.0; Windows NT 6.1; WOW64; Trident/6.0)','Mozilla/5.0 (compatible; MSIE 10.0; Windows NT 6.1; WOW64; Trident/6.0)','es',1000577,'M',0,'Active'),(84,1,'carlos.castillor','a12114402907b4248dd8424e8e8b3d05f21f9a50',3,'Carlos Franco','Castillo Rivero','2015-11-18 17:11:34','2015-12-28 18:52:29','2015-11-18 23:11:34','2015-12-28 18:52:29',NULL,'Mozilla/5.0 (compatible; MSIE 9.0; Windows NT 6.1; Win64; x64; Trident/5.0)','Mozilla/5.0 (compatible; MSIE 9.0; Windows NT 6.1; Win64; x64; Trident/5.0)','es',3002155,'M',0,'Active'),(179,2,'gilberto.alfonsog','3bf6504bf49386e48739e21d9e6a0cb380f70b50',3,'Gilberto','Alfonso Gomez','2017-07-26 09:07:43','2017-07-26 09:07:43','2017-07-26 14:07:43','0000-00-00 00:00:00',NULL,'Mozilla/5.0 (Windows NT 6.1; Win64; x64) AppleWebKit/537.36 (KHTML, like Gecko) Chrome/59.0.3071.115 Safari/537.36','Mozilla/5.0 (Windows NT 6.1; Win64; x64) AppleWebKit/537.36 (KHTML, like Gecko) Chrome/59.0.3071.115 Safari/537.36','es',1000983,'M',0,'Active'),(85,4,'raul.delgadoh','7459cfaed469c0da4cbd952e4e91ef13ceab5bd4',3,'Raul','Delgado Hernandez','2015-12-30 11:12:31','2015-12-30 11:12:31','2015-12-30 17:12:31','0000-00-00 00:00:00',NULL,'Mozilla/5.0 (Windows NT 6.1; WOW64; Trident/7.0; rv:11.0) like Gecko','Mozilla/5.0 (Windows NT 6.1; WOW64; Trident/7.0; rv:11.0) like Gecko','es',4000005,'M',0,'Active'),(86,2,'hector.fariasc','a44878cc1a2c724876c60410f344773a1486f062',3,'Hector Guillermo','Farias Cuevas','2016-01-14 10:01:49','2017-05-02 09:12:33','2016-01-14 16:01:49','2017-05-02 09:12:33','187.218.61.133','Mozilla/5.0 (Windows NT 6.1; WOW64) AppleWebKit/537.36 (KHTML, like Gecko) Chrome/47.0.2526.106 Safari/537.36','Mozilla/5.0 (Windows NT 6.1; WOW64) AppleWebKit/537.36 (KHTML, like Gecko) Chrome/58.0.3029.81 Safari/537.36','es',1000384,'M',0,'Active'),(87,1,'armando.martinezi','8ac85310280bf766963051321d165d35ca811e82',3,'Armando','Martinez                       Ibarra','2016-01-14 12:01:49','2016-01-14 12:01:49','2016-01-14 18:01:49','0000-00-00 00:00:00',NULL,'Mozilla/5.0 (iPhone; CPU iPhone OS 9_2 like Mac OS X) AppleWebKit/601.1.46 (KHTML, like Gecko) Version/9.0 Mobile/13C75 Safari/601.1','Mozilla/5.0 (iPhone; CPU iPhone OS 9_2 like Mac OS X) AppleWebKit/601.1.46 (KHTML, like Gecko) Version/9.0 Mobile/13C75 Safari/601.1','es',3002071,'M',0,'Active'),(88,1,'juan.pichardov','49383e5bf26952385fb507218f8272be6878cbff',3,'Juan Gabriel','Pichardo Vega','2016-01-14 12:01:03','2016-01-14 13:12:28','2016-01-14 18:01:03','2016-01-14 13:12:28',NULL,'Mozilla/5.0 (Windows NT 6.1; WOW64; rv:43.0) Gecko/20100101 Firefox/43.0','Mozilla/5.0 (Windows NT 6.1; WOW64; rv:43.0) Gecko/20100101 Firefox/43.0','es',3002151,'M',0,'Active'),(89,1,'jose.torresa','40f00424f04e69be4c0a5fc780af2b2ca08b11ec',8,'Jose Guadalupe','Torres Alvarez','2016-01-14 18:01:57','2017-10-02 19:05:22','2016-01-15 00:01:00','2017-10-02 19:05:22','189.225.166.58','Mozilla/5.0 (Windows NT 10.0; Win64; x64) AppleWebKit/537.36 (KHTML, like Gecko) Chrome/46.0.2486.0 Safari/537.36 Edge/13.10586','Mozilla/5.0 (Windows NT 10.0; Win64; x64) AppleWebKit/537.36 (KHTML, like Gecko) Chrome/52.0.2743.116 Safari/537.36 Edge/15.15063','es',4000001,'M',0,'Active'),(90,2,'raul.marquezb','971db21fc91608498c8c61462bc9954c06dc55a0',3,'Raul','Marquez Ballesteros','2016-01-20 13:01:03','2016-02-04 18:21:32','2016-01-20 19:01:03','2016-02-04 18:21:32','189.170.8.230','Mozilla/5.0 (Windows NT 6.1; WOW64; Trident/7.0; rv:11.0) like Gecko','Mozilla/5.0 (Windows NT 6.1; WOW64; Trident/7.0; rv:11.0) like Gecko','es',1000661,'M',0,'Active'),(102,2,'jesus.floresf','9ae370ab65afaf205f3960585d4420cdf90d9314',3,'Jesus','Flores Fernandez','2016-03-10 13:03:07','2016-10-11 19:46:56','2016-03-10 19:03:07','2016-10-11 19:46:56','192.168.20.21','Mozilla/5.0 (Windows NT 6.1; WOW64; rv:44.0) Gecko/20100101 Firefox/44.0','Mozilla/5.0 (Windows NT 6.1; WOW64; rv:49.0) Gecko/20100101 Firefox/49.0','es',1000702,'M',0,'Active'),(91,2,'jesus.apalateguiz','aec1daa9b1942a10144ca64ad1a109f938e949f6',3,'Jesus Adrian','Apalategui Zumalla','2016-02-02 12:02:53','2017-09-28 18:31:39','2016-02-02 18:02:53','2017-09-28 18:31:39','201.142.255.134','Mozilla/5.0 (Windows NT 6.1; WOW64) AppleWebKit/537.36 (KHTML, like Gecko) Chrome/48.0.2564.97 Safari/537.36','Mozilla/5.0 (Windows NT 6.1; Win64; x64) AppleWebKit/537.36 (KHTML, like Gecko) Chrome/61.0.3163.100 Safari/537.36','es',1000482,'M',0,'Active'),(150,1,'carmen.leonell','40f00424f04e69be4c0a5fc780af2b2ca08b11ec',6,'Carmen','Leonel','2017-02-13 14:09:28','2017-02-17 15:59:51','2017-02-13 20:06:00','2017-02-17 15:59:51','192.168.1.145','','Mozilla/5.0 (Windows NT 6.3; WOW64) AppleWebKit/537.36 (KHTML, like Gecko) Chrome/56.0.2924.87 Safari/537.36','es',9000010,'M',0,'Active'),(92,1,'enrique.salinasc','19233e945ccdd67b100b2328d4502751b5e21878',3,'Enrique Cuauhtemoc','Salinas Cortes','2016-02-02 12:02:51','2017-05-30 19:07:35','2016-02-02 18:02:51','2017-05-30 19:07:35','189.254.105.68','Mozilla/5.0 (compatible; MSIE 10.0; Windows NT 6.1; WOW64; Trident/6.0)','Mozilla/5.0 (compatible; MSIE 10.0; Windows NT 6.1; WOW64; Trident/6.0)','es',3002154,'M',0,'Active'),(93,2,'juana.moxop','9391b80f0db6088ad96bd5577f87311915b6f0c1',3,'Juana Guadalupe','Moxo Posada','2016-02-02 13:02:29','2017-08-17 16:31:33','2016-02-02 19:02:29','2017-08-17 16:31:33','189.254.176.66','Mozilla/5.0 (Windows NT 6.1; WOW64; rv:43.0) Gecko/20100101 Firefox/43.0','Mozilla/5.0 (Windows NT 6.1; WOW64; Trident/7.0; rv:11.0) like Gecko','es',1000128,'F',0,'Active'),(94,2,'gilberto.hernandezs','f5090f1316230aa0d560ab17d9afd26c9b39aa14',3,'Gilberto','Hernandez Sanchez','2016-02-02 14:02:03','2016-02-02 14:17:11','2016-02-02 20:02:03','2016-02-02 14:17:11','192.168.20.134','Mozilla/5.0 (Windows NT 6.1; WOW64; Trident/7.0; rv:11.0) like Gecko','Mozilla/5.0 (Windows NT 6.1; WOW64; Trident/7.0; rv:11.0) like Gecko','es',1000457,'M',0,'Active'),(98,2,'glenda.uriaso','37371b2128c6a8b92364809075eef40fa1da7ffb',3,'Glenda Vereniss','Urias Ortiz','2016-02-10 10:02:20','2016-02-10 10:50:33','2016-02-10 16:02:20','2016-02-10 10:50:33','189.170.8.230','Mozilla/5.0 (Windows NT 6.1; WOW64) AppleWebKit/537.36 (KHTML, like Gecko) Chrome/39.0.2171.95 Safari/537.36','Mozilla/5.0 (Windows NT 6.1; WOW64) AppleWebKit/537.36 (KHTML, like Gecko) Chrome/39.0.2171.95 Safari/537.36','es',1000578,'F',0,'Active'),(95,1,'norma.floresg','995c251bdaa9a989c8c4a8e308dc29bf89a74d07',3,'Norma Angelica','Flores                         Garcia','2016-02-03 13:02:34','2017-08-18 12:08:12','2016-02-03 19:02:34','2017-08-18 12:08:12','189.254.105.68','Mozilla/5.0 (Windows NT 6.1; WOW64) AppleWebKit/537.36 (KHTML, like Gecko) Chrome/48.0.2564.97 Safari/537.36','Mozilla/5.0 (Windows NT 6.1; Win64; x64) AppleWebKit/537.36 (KHTML, like Gecko) Chrome/60.0.3112.101 Safari/537.36','es',3002080,'M',0,'Active'),(164,1,'carlos.rodriguezm','7216d00dcec8a2b26846af59a07c7a316e2182be',3,'Carlos','Rodriguez Mejia','2017-04-18 17:04:58','2017-07-25 19:17:45','2017-04-18 22:04:58','2017-07-25 19:17:45','189.170.122.86','Mozilla/5.0 (X11; Linux x86_64) AppleWebKit/537.36 (KHTML, like Gecko) Chrome/57.0.2987.98 Safari/537.36','Mozilla/5.0 (Windows NT 10.0; Win64; x64) AppleWebKit/537.36 (KHTML, like Gecko) Chrome/52.0.2743.116 Safari/537.36 Edge/15.15063','es',3002197,'M',0,'Active'),(96,2,'jorge.floresb','540fbdadadb2983eecc1bd59b3f558267685faa4',10,'Jorge','Flores Barboza','2016-02-04 10:02:57','2017-03-23 13:12:27','2016-02-04 16:02:00','2016-02-04 10:29:00','187.216.151.162','Mozilla/5.0 (Windows NT 6.1; WOW64; Trident/7.0; rv:11.0) like Gecko','Mozilla/5.0 (Windows NT 6.1; WOW64; Trident/7.0; rv:11.0) like Gecko','es',1000051,'M',0,'Active'),(97,2,'ana.lopezz','67d3feedd00899eaa459163bee34a714f03f2007',3,'Ana Ruth','Lopez Zapata','2016-02-04 16:02:20','2017-06-09 21:00:30','2016-02-04 22:02:20','2017-06-09 21:00:30','187.188.27.209','Mozilla/5.0 (Windows NT 6.1; WOW64) AppleWebKit/537.36 (KHTML, like Gecko) Chrome/48.0.2564.97 Safari/537.36','Mozilla/5.0 (Windows NT 6.3; WOW64) AppleWebKit/537.36 (KHTML, like Gecko) Chrome/58.0.3029.110 Safari/537.36','es',1000212,'F',0,'Active'),(99,2,'miguel.nungarayp','d64665c84f9f295ad0b4cc1336b12fe6c82c14d8',3,'Miguel Angel','Nungaray Pacheco','2016-02-17 13:02:12','2017-10-03 12:10:39','2016-02-17 19:02:12','2017-10-03 12:10:39','189.139.25.76','Mozilla/5.0 (Windows NT 6.1; WOW64) AppleWebKit/537.36 (KHTML, like Gecko) Chrome/48.0.2564.109 Safari/537.36','Mozilla/5.0 (Windows NT 6.1; Win64; x64) AppleWebKit/537.36 (KHTML, like Gecko) Chrome/61.0.3163.100 Safari/537.36','es',1000686,'M',0,'Active'),(100,1,'gonzalo.chavarriaa','08db0e3ce62fc21e3fd4c2415e465466cc04437f',3,'Gonzalo','Chavarria                      Arevalo','2016-02-22 13:02:23','2016-02-25 09:13:38','2016-02-22 19:02:23','2016-02-25 09:13:38','187.216.151.162','Mozilla/5.0 (Windows NT 6.1; WOW64) AppleWebKit/537.36 (KHTML, like Gecko) Chrome/48.0.2564.116 Safari/537.36','Mozilla/5.0 (Windows NT 6.1; WOW64) AppleWebKit/537.36 (KHTML, like Gecko) Chrome/48.0.2564.116 Safari/537.36','es',3002123,'M',0,'Active'),(172,1,'miguel.gutierrezr','23fe28aca136ef5708253236de77bd9b8c3e2b51',3,'Miguel Angel','Gutierrez Reza','2017-05-18 08:05:55','2017-05-18 08:05:55','2017-05-18 13:05:55','0000-00-00 00:00:00',NULL,'Mozilla/5.0 (Windows NT 6.1; Win64; x64) AppleWebKit/537.36 (KHTML, like Gecko) Chrome/58.0.3029.110 Safari/537.36','Mozilla/5.0 (Windows NT 6.1; Win64; x64) AppleWebKit/537.36 (KHTML, like Gecko) Chrome/58.0.3029.110 Safari/537.36','es',3002228,'M',0,'Active'),(101,4,'guillermo.garcias','9bdb8928f849f82af78444e9e88f92052b5496be',8,'Guillermo','Garcia Samano','2016-02-26 11:02:39','2017-08-17 11:15:59','2016-02-26 17:02:00','2017-08-17 11:15:59','187.202.215.182','Mozilla/5.0 (Windows NT 10.0; Win64; x64) AppleWebKit/537.36 (KHTML, like Gecko) Chrome/46.0.2486.0 Safari/537.36 Edge/13.10586','Mozilla/5.0 (Windows NT 10.0; Win64; x64) AppleWebKit/537.36 (KHTML, like Gecko) Chrome/52.0.2743.116 Safari/537.36 Edge/15.15063','es',4000008,'M',0,'Active'),(103,2,'claudia.vallec','cb3e314023e4cd4caef1e5fbcaecac23e17c143a',3,'Claudia','Valle Covarrubias','2016-03-30 10:03:42','2016-06-14 18:57:41','2016-03-30 16:03:42','2016-06-14 18:57:41','189.170.19.117','Mozilla/5.0 (Windows NT 6.1; WOW64) AppleWebKit/537.36 (KHTML, like Gecko) Chrome/49.0.2623.87 Safari/537.36','Mozilla/5.0 (Windows NT 6.1; WOW64) AppleWebKit/537.36 (KHTML, like Gecko) Chrome/51.0.2704.84 Safari/537.36','es',1000694,'M',0,'Active'),(138,2,'rocio.sotom','1e1857c7b03137e4717d98959c8653050b5bd80e',3,'Rocio','Soto Martinez','2016-11-07 10:11:38','2016-11-07 10:59:49','2016-11-07 16:11:38','2016-11-07 10:59:49','10.42.44.53','Mozilla/5.0 (X11; Linux x86_64) AppleWebKit/537.36 (KHTML, like Gecko) Chrome/52.0.2743.116 Safari/537.36','Mozilla/5.0 (X11; Linux x86_64) AppleWebKit/537.36 (KHTML, like Gecko) Chrome/52.0.2743.116 Safari/537.36','es',1000818,'F',0,'Active'),(104,2,'itzel.bautistag','9eeedc15c36133c670f600e26c5e685465e21221',6,'Itzel Paola','Bautista Gordillo','2016-04-07 17:04:52','2017-05-15 12:14:34','2016-04-07 22:04:00','2017-05-15 12:14:34','192.168.20.112','Mozilla/5.0 (Windows NT 6.1; WOW64) AppleWebKit/537.36 (KHTML, like Gecko) Chrome/49.0.2623.110 Safari/537.36','Mozilla/5.0 (Windows NT 6.1; Win64; x64) AppleWebKit/537.36 (KHTML, like Gecko) Chrome/58.0.3029.110 Safari/537.36','es',1000670,'F',0,'Active'),(105,4,'jose.cano','28cf9fd4900e64ab1d84b1444fdbfc6c7ff0f43b',3,'Jose Manuel','Cano','2016-04-13 13:42:12','2016-06-03 10:11:58','2016-04-13 18:40:00','2016-06-03 10:11:58','201.137.247.227','','Mozilla/5.0 (Windows NT 10.0; WOW64) AppleWebKit/537.36 (KHTML, like Gecko) Chrome/50.0.2661.102 Safari/537.36','es',9000003,'M',0,'Active'),(106,4,'alejandro.mendieta','f93cfa488cde522e215ac1a848b50443499a1d5a',3,'Alejandro','Mendieta','2016-04-13 13:43:39','2016-05-02 16:04:27','2016-04-13 18:42:00','2016-05-02 16:04:27','187.207.30.12','','Mozilla/5.0 (Windows NT 6.1; Trident/7.0; BOIE9;ESMX; rv:11.0) like Gecko','es',9000004,'M',0,'Active'),(107,1,'angel.larad','31b8314c3cf01cc3a6e0a1d4882d8f87441675d0',3,'Angel','Lara De La Fuente','2016-04-15 13:04:09','2017-08-03 09:16:31','2016-04-15 18:04:00','2017-08-03 09:16:31','189.144.170.63','Mozilla/5.0 (Windows NT 6.1; WOW64) AppleWebKit/537.36 (KHTML, like Gecko) Chrome/49.0.2623.112 Safari/537.36','Mozilla/5.0 (Windows NT 6.1; Win64; x64) AppleWebKit/537.36 (KHTML, like Gecko) Chrome/59.0.3071.115 Safari/537.36','es',3002179,'M',0,'Active'),(108,2,'carlos.lopeza','ca8e66c935e58b11a00aad18167a6927330d72a7',10,'Carlos Alberto','Lopez Acosta','2016-05-17 16:05:28','2017-06-19 11:04:16','2016-05-17 21:05:00','2017-06-19 11:04:16','187.156.112.214','Mozilla/5.0 (Windows NT 6.1; WOW64) AppleWebKit/537.36 (KHTML, like Gecko) Chrome/50.0.2661.102 Safari/537.36','Mozilla/5.0 (Windows NT 6.1; Win64; x64) AppleWebKit/537.36 (KHTML, like Gecko) Chrome/58.0.3029.110 Safari/537.36','es',1000720,'M',0,'Active'),(109,4,'barbara.escobarn','d35965bb0df10770e388d9db0f4bce34db2f87fc',3,'Barbara Esperanza','Escobar Negrete','2016-05-30 13:05:49','2016-07-15 11:02:36','2016-05-30 18:05:49','2016-07-15 11:02:36','187.227.64.34','Mozilla/5.0 (Windows NT 6.1; WOW64) AppleWebKit/537.36 (KHTML, like Gecko) Chrome/50.0.2661.102 Safari/537.36','Mozilla/5.0 (Windows NT 6.1; WOW64) AppleWebKit/537.36 (KHTML, like Gecko) Chrome/51.0.2704.103 Safari/537.36','es',4000028,'F',0,'Active'),(111,2,'francisco.gonzalezc','e0bea8180839e5fd98761b5945c32dc6f38370ca',6,'Francisco  Javier','Gonzalez Cedano','2016-06-24 17:06:10','2017-10-02 18:08:45','2016-06-24 22:06:00','2017-10-02 18:08:44','192.168.20.237','Mozilla/5.0 (X11; Linux i686) AppleWebKit/537.36 (KHTML, like Gecko) Chrome/48.0.2564.109 Safari/537.36','Mozilla/5.0 (Windows NT 6.1; Win64; x64) AppleWebKit/537.36 (KHTML, like Gecko) Chrome/61.0.3163.100 Safari/537.36','es',1000709,'M',0,'Active'),(110,2,'maribel.escobedog','7fe91b0fb67e796d77adc160427dd65695139804',3,'Maribel','Escobedo Gomez','2016-06-08 18:06:19','2016-06-08 18:26:52','2016-06-08 23:06:19','2016-06-08 18:26:52','187.216.151.162','Mozilla/5.0 (Windows NT 6.1; WOW64; rv:46.0) Gecko/20100101 Firefox/46.0','Mozilla/5.0 (Windows NT 6.1; WOW64; rv:46.0) Gecko/20100101 Firefox/46.0','es',1000657,'F',0,'Active'),(112,2,'luis.salomonr','817d948097eb992b56ba74a388b364e0b1bb0425',6,'Luis Arnulfo','Salomon Rubalcava','2016-06-24 17:06:26','2017-03-01 11:21:40','2016-06-24 22:06:00','2017-03-01 11:21:39','192.168.20.237','Mozilla/5.0 (X11; Linux i686) AppleWebKit/537.36 (KHTML, like Gecko) Chrome/48.0.2564.109 Safari/537.36','Mozilla/5.0 (Windows NT 6.1; Win64; x64) AppleWebKit/537.36 (KHTML, like Gecko) Chrome/56.0.2924.87 Safari/537.36','es',1000737,'M',0,'Active'),(113,4,'miguel.rubalcavam','4fe267782835ae0c20c86753d923ce4bf5a67924',10,'Miguel Angel','Rubalcava Mendez','2016-06-28 17:06:46','2017-10-03 12:41:06','2016-06-28 22:06:00','2017-10-03 12:41:06','189.236.48.119','Mozilla/5.0 (X11; Linux i686) AppleWebKit/537.36 (KHTML, like Gecko) Chrome/48.0.2564.109 Safari/537.36','Mozilla/5.0 (Windows NT 10.0; Win64; x64) AppleWebKit/537.36 (KHTML, like Gecko) Chrome/61.0.3163.100 Safari/537.36','es',4000029,'M',0,'Active'),(114,2,'ricardo.guzmanh','b6eb3a7cb0d1cd0a0218796b12441e547303c3d4',6,'Ricardo','Guzman Herrera','2016-06-30 17:06:44','2016-09-14 14:18:16','2016-06-30 22:06:00','2016-09-14 14:18:16','192.168.20.238','Mozilla/5.0 (X11; Linux i686) AppleWebKit/537.36 (KHTML, like Gecko) Chrome/48.0.2564.109 Safari/537.36','Mozilla/5.0 (Windows NT 6.1; WOW64) AppleWebKit/537.36 (KHTML, like Gecko) Chrome/52.0.2743.116 Safari/537.36','es',1000463,'M',0,'Active'),(171,2,'vicente.tapiap','16b3d310a31eca533fcc19f63585c1bc5787ddd0',6,'Vicente','Tapia Parra','2017-05-15 09:05:44','2017-05-15 09:11:29','2017-05-15 14:05:00','2017-05-15 09:10:00','192.168.20.20','Mozilla/5.0 (X11; Linux x86_64; rv:45.0) Gecko/20100101 Firefox/45.0','Mozilla/5.0 (X11; Linux x86_64; rv:45.0) Gecko/20100101 Firefox/45.0','es',1000065,'M',0,'Active'),(181,2,'marisol.cruzc','92b8c71dbe842f31ffe70dede6aee5db74d371e0',10,'Marisol','Cruz Carrera','2017-08-16 18:08:44','2017-09-19 10:08:23','2017-08-16 23:08:00','2017-09-19 10:08:23','192.168.20.39','Mozilla/5.0 (X11; Linux x86_64) AppleWebKit/537.36 (KHTML, like Gecko) Chrome/60.0.3112.90 Safari/537.36','Mozilla/5.0 (Windows NT 6.1; Win64; x64) AppleWebKit/537.36 (KHTML, like Gecko) Chrome/60.0.3112.113 Safari/537.36','es',1000953,'M',0,'Active'),(116,2,'perla.nietos','174638d493825c97ff7aff89eb54e937bda9f0fb',3,'Perla Juanita','Nieto Salinas','2016-07-21 10:07:36','2017-08-22 09:43:36','2016-07-21 15:07:36','2017-08-22 09:43:36','189.254.176.66','Mozilla/5.0 (X11; Linux i686) AppleWebKit/537.36 (KHTML, like Gecko) Chrome/48.0.2564.109 Safari/537.36','Mozilla/5.0 (Windows NT 10.0; Win64; x64) AppleWebKit/537.36 (KHTML, like Gecko) Chrome/60.0.3112.101 Safari/537.36','es',1000770,'F',0,'Active'),(117,1,'nalleli.villalobosc','fa00a31dabfe92e9a27e2f9e3bb43b840b9be5f2',3,'Nalleli','Villalobos Castillo','2016-07-21 18:07:52','2017-01-31 14:26:04','2016-07-21 23:07:52','2017-01-31 14:26:04','189.254.105.68','Mozilla/5.0 (Windows NT 6.1; WOW64) AppleWebKit/537.36 (KHTML, like Gecko) Chrome/51.0.2704.103 Safari/537.36','Mozilla/5.0 (Windows NT 6.1; WOW64) AppleWebKit/537.36 (KHTML, like Gecko) Chrome/55.0.2883.87 Safari/537.36','es',3002183,'F',0,'Active'),(118,3,'paulina.alvarezo','92700a35543bd74f67d1f018070aff8fbf56ea46',3,'Paulina','Alvarez Oropeza','2016-08-24 16:08:40','2017-09-07 13:18:13','2016-08-24 21:08:40','2017-09-07 13:18:13','192.168.28.46','Mozilla/5.0 (Windows NT 6.1; WOW64) AppleWebKit/537.36 (KHTML, like Gecko) Chrome/52.0.2743.116 Safari/537.36','Mozilla/5.0 (Windows NT 6.1; Win64; x64) AppleWebKit/537.36 (KHTML, like Gecko) Chrome/61.0.3163.79 Safari/537.36','es',2000471,'F',0,'Active'),(146,2,'jose.vazquezg','ba38a33fde72ecf906c19c55774ddb5c5bfb4401',3,'Jose David','Vazquez Gonzalez','2017-01-18 12:01:09','2017-01-21 11:48:28','2017-01-18 18:01:09','2017-01-21 11:48:28','187.216.151.162','Mozilla/5.0 (Windows NT 10.0; WOW64; rv:50.0) Gecko/20100101 Firefox/50.0','Mozilla/5.0 (Windows NT 10.0; WOW64; rv:50.0) Gecko/20100101 Firefox/50.0','es',1000734,'M',0,'Active'),(119,2,'daniel.trejog','dd3c0481335f0de9d0fa8a31a9956b73328216ab',3,'Daniel','Trejo Galvan','2016-09-01 09:09:41','2017-09-29 10:57:16','2016-09-01 14:09:41','2017-09-29 10:57:16','189.244.212.100','Mozilla/5.0 (Windows NT 6.1; WOW64; Trident/7.0; rv:11.0) like Gecko','Mozilla/5.0 (Windows NT 6.1; Win64; x64) AppleWebKit/537.36 (KHTML, like Gecko) Chrome/61.0.3163.100 Safari/537.36','es',1000795,'M',0,'Active'),(120,2,'gloria.martinezl','344ced78f7e4064858d910a449304a04d66547c5',3,'Gloria Guadalupe','Martinez Luna','2016-09-01 17:09:40','2017-06-05 18:03:23','2016-09-01 22:09:40','2017-06-05 18:03:23','192.168.20.171','Mozilla/5.0 (Windows NT 6.1; WOW64; rv:47.0) Gecko/20100101 Firefox/47.0','Mozilla/5.0 (Windows NT 6.1; WOW64; Trident/7.0; rv:11.0) like Gecko','es',1000688,'M',0,'Active'),(131,2,'noemi.hernandezs','546792274b3ad664b7e23322dda74546ce79f4cc',3,'Noemi Georgina','Hernandez Sanchez','2016-11-01 15:11:20','2016-12-07 18:26:03','2016-11-01 21:11:20','2016-12-07 18:26:03','192.168.20.237','Mozilla/5.0 (Windows NT 6.1; rv:49.0) Gecko/20100101 Firefox/49.0','Mozilla/5.0 (Windows NT 6.1; Win64; x64) AppleWebKit/537.36 (KHTML, like Gecko) Chrome/54.0.2840.99 Safari/537.36','es',1000682,'F',0,'Active'),(121,2,'erika.riosh','295be2548ceadfaa3985bbadcf164bb13a46e53b',3,'Erika Fabiola','Rios Heredia','2016-09-13 10:09:38','2016-09-14 17:58:07','2016-09-13 15:09:38','2016-09-14 17:58:07','192.168.20.149','Mozilla/5.0 (Windows NT 6.1; WOW64) AppleWebKit/537.36 (KHTML, like Gecko) Chrome/52.0.2743.116 Safari/537.36','Mozilla/5.0 (Windows NT 6.1; WOW64) AppleWebKit/537.36 (KHTML, like Gecko) Chrome/52.0.2743.116 Safari/537.36','es',1000713,'F',0,'Active'),(122,1,'maribel.galvang','84c71af3cfa95157554c06a0d6ad40b890fa3eb6',3,'Maribel','Galvan Gonzalez','2016-09-13 10:09:40','2017-07-28 14:21:54','2016-09-13 15:09:40','2017-07-28 14:21:54','189.144.170.63','Mozilla/5.0 (Windows NT 6.1; WOW64; rv:48.0) Gecko/20100101 Firefox/48.0','Mozilla/5.0 (Windows NT 6.1; WOW64; rv:54.0) Gecko/20100101 Firefox/54.0','es',3002192,'F',0,'Active'),(123,2,'rene.hernandezf','f863795e3efcbb0f1b1d647d5c5e02107c48e9f3',3,'Rene','Hernandez Facio','2016-09-15 12:09:36','2017-03-07 15:50:58','2016-09-15 17:09:36','2017-03-07 15:50:58','192.168.20.50','Mozilla/5.0 (Windows NT 6.1; WOW64; rv:48.0) Gecko/20100101 Firefox/48.0','Mozilla/5.0 (Windows NT 6.1; WOW64; Trident/7.0; rv:11.0) like Gecko','es',1000801,'M',0,'Active'),(124,2,'daniel.tlaxcalal','d73008d7243cd9a637623b08cc271adf1083a60b',3,'Daniel','Tlaxcala Luna','2016-09-15 12:09:01','2017-06-01 13:44:36','2016-09-15 17:09:01','2017-06-01 13:44:36','10.42.44.200','Mozilla/5.0 (Windows NT 6.1; WOW64; rv:48.0) Gecko/20100101 Firefox/48.0','Mozilla/5.0 (Windows NT 10.0; Win64; x64) AppleWebKit/537.36 (KHTML, like Gecko) Chrome/58.0.3029.110 Safari/537.36','es',1000805,'M',0,'Active'),(133,4,'javier.garciav','8acd50926af7e5ce6302fdbbf7deb9895d40253c',7,'Javier','Garcia','2016-11-01 17:09:15','2017-08-24 09:48:39','2016-11-01 23:07:00','2017-08-24 09:48:39','10.42.44.200','ambagasdowa','Mozilla/5.0 (X11; Linux x86_64) AppleWebKit/537.36 (KHTML, like Gecko) Chrome/60.0.3112.101 Safari/537.36','es',4000030,'M',1,'Active'),(147,2,'miguel.gonzalezf','c2e4f396f05c38483f7a6f984bf5f73b23fef1ed',3,'Miguel Angel','Gonzalez Franco','2017-01-25 16:01:20','2017-01-25 16:01:20','2017-01-25 22:01:20','0000-00-00 00:00:00',NULL,'Mozilla/5.0 (Windows NT 6.1; Win64; x64) AppleWebKit/537.36 (KHTML, like Gecko) Chrome/55.0.2883.87 Safari/537.36','Mozilla/5.0 (Windows NT 6.1; Win64; x64) AppleWebKit/537.36 (KHTML, like Gecko) Chrome/55.0.2883.87 Safari/537.36','es',1000747,'M',0,'Active'),(126,1,'sofia.rodriguezd','9ffbc7df6e1068e5a6065464337165ea28651b58',3,'Sofia','Rodriguez Duran','2016-09-29 10:09:53','2016-09-29 10:31:57','2016-09-29 15:09:53','2016-09-29 10:31:57','189.254.105.68','Mozilla/5.0 (Windows NT 6.1; WOW64) AppleWebKit/537.36 (KHTML, like Gecko) Chrome/53.0.2785.116 Safari/537.36','Mozilla/5.0 (Windows NT 6.1; WOW64) AppleWebKit/537.36 (KHTML, like Gecko) Chrome/53.0.2785.116 Safari/537.36','es',3002181,'F',0,'Active'),(125,1,'arlette.pachecoz','29edf37eacd254561f266a9f31b1c6c484e0b4cf',3,'Arlette','Pacheco Zu&ntilde;iga','2016-09-27 09:09:38','2017-08-29 11:39:57','2016-09-27 14:09:00','2017-08-29 11:39:57','189.241.158.81','Mozilla/5.0 (Windows NT 6.1; Win64; x64) AppleWebKit/537.36 (KHTML, like Gecko) Chrome/53.0.2785.116 Safari/537.36','Mozilla/5.0 (Windows NT 6.1; Win64; x64) AppleWebKit/537.36 (KHTML, like Gecko) Chrome/60.0.3112.113 Safari/537.36','es',3002200,'F',0,'Active'),(127,1,'juan.rosasm','6451110483cc95198aa7c49a906804a96000f5ee',3,'Juan Carlos','Rosas  Moreno','2016-09-30 10:09:06','2017-09-26 17:38:51','2016-09-30 15:09:06','2017-09-26 17:38:51','189.139.25.76','Mozilla/5.0 (Windows NT 6.1; Win64; x64) AppleWebKit/537.36 (KHTML, like Gecko) Chrome/53.0.2785.116 Safari/537.36','Mozilla/5.0 (Windows NT 6.1; Win64; x64) AppleWebKit/537.36 (KHTML, like Gecko) Chrome/61.0.3163.100 Safari/537.36','es',3002199,'M',0,'Active'),(128,2,'miguel.galvezn','c6bfbc4f1901a0dfbeb2b1873d6e70f1f33bb32c',6,'Miguel Angel','Galvez Nu&ntilde;ez','2016-10-05 13:10:37','2017-09-23 11:18:14','2016-10-05 18:10:00','2017-09-23 11:18:14','192.168.21.192','Mozilla/5.0 (X11; Linux x86_64) AppleWebKit/537.36 (KHTML, like Gecko) Chrome/52.0.2743.116 Safari/537.36','Mozilla/5.0 (Windows NT 10.0; Win64; x64) AppleWebKit/537.36 (KHTML, like Gecko) Chrome/60.0.3112.113 Safari/537.36','es',1000600,'M',0,'Active'),(129,2,'jhovany.monteverdeb','8f412d097284f80ddd319285f4b06b9984ae531b',3,'Jhovany Alejandro','Monteverde Beltran','2016-10-05 14:10:07','2017-06-16 15:06:12','2016-10-05 19:10:07','2017-06-16 15:06:12','189.173.175.170','Mozilla/5.0 (Windows NT 6.1; WOW64; Trident/7.0; rv:11.0) like Gecko','Mozilla/5.0 (Windows NT 6.1; WOW64; Trident/7.0; rv:11.0) like Gecko','es',1000803,'M',0,'Active'),(130,2,'jose.rendonr','efa37a089b54d6aa887da9ecdd8ce01e26bf0aac',3,'Jose Antonio','Rendon Rojas','2016-10-06 12:10:00','2017-04-21 10:31:20','2016-10-06 17:10:00','2017-04-21 10:31:20','10.42.44.200','Mozilla/5.0 (Windows NT 10.0; Win64; x64) AppleWebKit/537.36 (KHTML, like Gecko) Chrome/53.0.2785.143 Safari/537.36','Mozilla/5.0 (X11; Linux x86_64) AppleWebKit/537.36 (KHTML, like Gecko) Chrome/56.0.2924.87 Safari/537.36','es',1000804,'M',0,'Active'),(132,2,'angelica.vasquezb','437245f49a194075d8835253674c50d9cf7c14d6',3,'Angelica Dayanira','Vasquez Bustamante','2016-11-01 15:11:11','2016-11-29 11:18:44','2016-11-01 21:11:11','2016-11-29 11:18:44','189.170.26.51','Mozilla/5.0 (Windows NT 6.1; WOW64) AppleWebKit/537.36 (KHTML, like Gecko) Chrome/39.0.2171.95 Safari/537.36','Mozilla/5.0 (Windows NT 6.1; WOW64) AppleWebKit/537.36 (KHTML, like Gecko) Chrome/39.0.2171.95 Safari/537.36','es',1000727,'F',0,'Active'),(134,3,'romeo.sanchezj','ac8da74c3e11b07de44ea6507bc678d9727698f0',3,'Romeo De Jesus','Sanchez Jimenez','2016-11-01 17:11:16','2016-11-01 17:54:25','2016-11-01 23:11:16','2016-11-01 17:54:25','187.157.23.226','Mozilla/5.0 (Windows NT 6.1; WOW64) AppleWebKit/537.36 (KHTML, like Gecko) Chrome/54.0.2840.71 Safari/537.36','Mozilla/5.0 (Windows NT 6.1; WOW64) AppleWebKit/537.36 (KHTML, like Gecko) Chrome/54.0.2840.71 Safari/537.36','es',2000472,'M',0,'Active'),(135,2,'efren.morenou','a6708aedc4e7b3149f718f543444d4a9da0d0200',6,'Efren','Moreno Urias','2016-11-01 17:11:54','2016-12-08 13:36:55','2016-11-01 23:11:00','2016-12-08 13:36:55','192.168.20.237','Mozilla/5.0 (compatible; MSIE 10.0; Windows NT 6.1; WOW64; Trident/6.0)','Mozilla/5.0 (Windows NT 6.1; Win64; x64) AppleWebKit/537.36 (KHTML, like Gecko) Chrome/54.0.2840.99 Safari/537.36','es',1000662,'M',0,'Active'),(136,2,'michel.cosmez','9869464119b5fa559d149b8f1e20c3eae986609d',3,'Michel','Cosme Zarate','2016-11-03 10:11:43','2017-06-12 11:25:54','2016-11-03 16:11:43','2017-06-12 11:25:54','192.168.20.116','Mozilla/5.0 (Windows NT 6.1; Win64; x64) AppleWebKit/537.36 (KHTML, like Gecko) Chrome/54.0.2840.71 Safari/537.36','Mozilla/5.0 (Windows NT 6.1; Win64; x64) AppleWebKit/537.36 (KHTML, like Gecko) Chrome/58.0.3029.110 Safari/537.36','es',1000685,'F',0,'Active'),(137,2,'geronimo.herreraf','816192883125a8f010fa193277cf23fd523802b3',3,'Geronimo Aaron','Herrera Flores','2016-11-03 18:11:10','2016-11-03 18:11:10','2016-11-04 00:11:10','0000-00-00 00:00:00',NULL,'Mozilla/5.0 (Windows NT 6.1; Win64; x64) AppleWebKit/537.36 (KHTML, like Gecko) Chrome/54.0.2840.71 Safari/537.36','Mozilla/5.0 (Windows NT 6.1; Win64; x64) AppleWebKit/537.36 (KHTML, like Gecko) Chrome/54.0.2840.71 Safari/537.36','es',1000810,'M',0,'Active'),(139,1,'raul.hernandezj','5f6172c2fed08a6aac23603008bf42d3c8adc5e7',10,'Raul','Hernandez Jimenez','2016-11-23 10:11:45','2016-11-23 10:42:56','2016-11-23 16:11:45','2016-11-23 10:42:56','189.254.105.68','Mozilla/5.0 (Windows NT 10.0; WOW64) AppleWebKit/537.36 (KHTML, like Gecko) Chrome/54.0.2840.99 Safari/537.36','Mozilla/5.0 (Windows NT 10.0; WOW64) AppleWebKit/537.36 (KHTML, like Gecko) Chrome/54.0.2840.99 Safari/537.36','es',3002134,'M',0,'Active'),(141,1,'adrian.leonr','be50c67807d0c6487b90f5ef5a7b054357eb2e04',10,'Adrian','Leon  Rojas','2016-12-16 11:12:01','2017-05-04 16:31:23','2016-12-16 17:12:00','2016-12-23 17:15:00','192.168.1.66','Mozilla/5.0 (Windows NT 6.1; Win64; x64) AppleWebKit/537.36 (KHTML, like Gecko) Chrome/55.0.2883.87 Safari/537.36','Mozilla/5.0 (Windows NT 6.1; Win64; x64) AppleWebKit/537.36 (KHTML, like Gecko) Chrome/55.0.2883.87 Safari/537.36','es',3002208,'M',0,'Active'),(140,1,'juan.peraltac','86108f811c29af010c1de764982f7ef53ad2f507',3,'Juan Mario','Peralta Cruz','2016-12-14 16:12:20','2016-12-21 10:47:45','2016-12-14 22:12:20','2016-12-21 10:47:45','192.168.51.199','Mozilla/5.0 (Windows NT 6.1; WOW64; Trident/7.0; rv:11.0) like Gecko','Mozilla/5.0 (Windows NT 6.1; WOW64; Trident/7.0; rv:11.0) like Gecko','es',3002209,'M',0,'Active'),(143,3,'benito.priegoh','8761d44d509e26c0c6179ea72d395cf8c149bb2c',5,'Benito','Priego Hernandez','2017-01-06 17:41:07','2017-01-06 17:41:07','2017-01-06 23:39:00','2017-01-06 17:39:00',NULL,'','','es',200478,'M',0,'Active'),(155,1,'marco.ortegac','900e70334708e7ccd2a27301946c581dc4e46228',10,'Marco Antonio','Ortega Colin','2017-03-02 18:03:01','2017-03-02 18:03:01','2017-03-03 00:03:01','0000-00-00 00:00:00',NULL,'Mozilla/5.0 (X11; Linux x86_64) AppleWebKit/537.36 (KHTML, like Gecko) Chrome/56.0.2924.87 Safari/537.36','Mozilla/5.0 (X11; Linux x86_64) AppleWebKit/537.36 (KHTML, like Gecko) Chrome/56.0.2924.87 Safari/537.36','es',3002213,'M',0,'Active'),(142,2,'hannover.figueroac','b7bcc7495b99b782a8ab1a18f68d746fcf939dd3',3,'Hannover Guadalupe','Figueroa Cardenas','2016-12-30 12:12:21','2017-09-07 20:17:18','2016-12-30 18:12:21','2017-09-07 20:17:18','189.176.228.24','Mozilla/5.0 (Windows NT 6.1; WOW64) AppleWebKit/537.36 (KHTML, like Gecko) Chrome/55.0.2883.87 Safari/537.36','Mozilla/5.0 (Windows NT 6.1; Win64; x64) AppleWebKit/537.36 (KHTML, like Gecko) Chrome/60.0.3112.113 Safari/537.36','es',1000816,'M',0,'Active'),(148,1,'jose.ortizc','0f374aeb96d28b603086023703e731a290877bf7',3,'Jose Luis','Ortiz Calderilla','2017-01-27 14:01:31','2017-01-27 14:07:39','2017-01-27 20:01:31','2017-01-27 14:07:39','192.168.20.30','Mozilla/5.0 (Windows NT 6.1; Win64; x64) AppleWebKit/537.36 (KHTML, like Gecko) Chrome/55.0.2883.87 Safari/537.36','Mozilla/5.0 (Windows NT 6.1; Win64; x64) AppleWebKit/537.36 (KHTML, like Gecko) Chrome/55.0.2883.87 Safari/537.36','es',3002201,'M',0,'Active'),(144,2,'maria.ramirezr','832e670dafe461f8e43d218f764fba06f622ec5f',3,'Maria Dolores','Ramirez Reyes','2017-01-10 09:01:04','2017-09-12 16:15:57','2017-01-10 15:01:04','2017-09-12 16:15:57','187.218.61.133','Mozilla/5.0 (Windows NT 6.1; WOW64) AppleWebKit/537.36 (KHTML, like Gecko) Chrome/55.0.2883.87 Safari/537.36','Mozilla/5.0 (Windows NT 6.1; Win64; x64) AppleWebKit/537.36 (KHTML, like Gecko) Chrome/60.0.3112.113 Safari/537.36','es',1000710,'F',0,'Active'),(145,3,'juan.geronimos','c832c6d5be7adbff69f51ff72f84b0087de6303d',3,'Juan Carlos','Geronimo Santiago','2017-01-10 12:01:27','2017-01-21 11:36:26','2017-01-10 18:01:27','2017-01-21 11:36:26','187.157.23.226','Mozilla/5.0 (Windows NT 6.1; WOW64) AppleWebKit/537.36 (KHTML, like Gecko) Chrome/55.0.2883.87 Safari/537.36','Mozilla/5.0 (compatible; MSIE 9.0; Windows NT 6.1; WOW64; Trident/5.0)','es',2000473,'M',0,'Active'),(149,2,'rodolfo.alvarezr','b1a216a923b27421cebbb725d8e6f0b950bdc998',6,'Rodolfo Alonso','Alvarez Romo','2017-02-02 10:02:57','2017-09-08 17:16:13','2017-02-02 16:02:00','2017-09-08 17:16:13','192.168.20.238','Mozilla/5.0 (Windows NT 6.1; WOW64) AppleWebKit/537.36 (KHTML, like Gecko) Chrome/55.0.2883.87 Safari/537.36','Mozilla/5.0 (Windows NT 6.1; Win64; x64) AppleWebKit/537.36 (KHTML, like Gecko) Chrome/60.0.3112.113 Safari/537.36','es',1000877,'M',0,'Active'),(151,2,'noe.ricanot','1ef1b333a223b595f17f90a40fcebed50db2c9c1',3,'Noe','Rica&ntilde;o Torres','2017-02-15 17:02:08','2017-05-17 10:16:19','2017-02-15 23:02:08','2017-05-17 10:16:19','10.42.44.200','Mozilla/5.0 (Windows NT 6.1; Win64; x64) AppleWebKit/537.36 (KHTML, like Gecko) Chrome/56.0.2924.87 Safari/537.36','Mozilla/5.0 (Windows NT 6.1; Win64; x64) AppleWebKit/537.36 (KHTML, like Gecko) Chrome/58.0.3029.110 Safari/537.36','es',1000883,'M',0,'Active'),(153,4,'cyberio','906f8843cade98fecf0f8d09d490c33c6c145cbb',7,'carlos','lopez','2017-02-23 11:05:18','2017-02-27 14:43:59','2017-02-23 17:04:00','2017-02-27 14:43:59','187.253.190.18','','Mozilla/5.0 (X11; Fedora; Linux x86_64) AppleWebKit/537.36 (KHTML, like Gecko) Chrome/55.0.2883.87 Safari/537.36','es',90000100,'M',0,'Active'),(154,2,'edna.valdezp','abdfd121d4e2d96acff0275032430902e2e0686b',3,'Edna Viridiana','Valdez Palacios','2017-02-24 20:02:53','2017-10-03 11:47:16','2017-02-25 02:02:53','2017-10-03 11:47:16','201.142.255.134','Mozilla/5.0 (Windows NT 6.1) AppleWebKit/537.36 (KHTML, like Gecko) Chrome/56.0.2924.87 Safari/537.36','Mozilla/5.0 (Windows NT 6.1; rv:55.0) Gecko/20100101 Firefox/55.0','es',1000910,'M',0,'Active'),(162,3,'jacqueline.ariasg','50c2bd21878fac8594c83de7c2cfb14d120e943e',6,'Jacqueline Karoly','Arias Garcia','2017-04-07 13:04:05','2017-07-05 16:09:43','2017-04-07 18:04:00','2017-07-05 16:09:43','192.168.20.238','Mozilla/5.0 (Windows NT 6.1; WOW64) AppleWebKit/537.36 (KHTML, like Gecko) Chrome/57.0.2987.133 Safari/537.36','Mozilla/5.0 (Windows NT 6.1; Win64; x64) AppleWebKit/537.36 (KHTML, like Gecko) Chrome/59.0.3071.115 Safari/537.36','es',2000474,'F',0,'Active'),(156,2,'julio.morgheng','fa0444cd1ff0779e2a80a589c56f40bc725d444b',10,'Julio Cesar','Morghen Gradias','2017-03-02 18:03:56','2017-06-26 11:55:21','2017-03-03 00:03:56','2017-06-26 11:55:21','189.144.193.172','Mozilla/5.0 (X11; Linux x86_64) AppleWebKit/537.36 (KHTML, like Gecko) Chrome/56.0.2924.87 Safari/537.36','Mozilla/5.0 (Windows NT 6.1; Win64; x64) AppleWebKit/537.36 (KHTML, like Gecko) Chrome/58.0.3029.110 Safari/537.36','es',1000827,'M',0,'Active'),(157,5,'antonio.anayas','4517e8148af0c02b48fa0c7487c2ee972e6742fa',10,'Antonio','Anaya Sanchez','2017-03-02 18:03:24','2017-03-02 18:03:24','2017-03-03 00:03:24','0000-00-00 00:00:00',NULL,'Mozilla/5.0 (X11; Linux x86_64) AppleWebKit/537.36 (KHTML, like Gecko) Chrome/56.0.2924.87 Safari/537.36','Mozilla/5.0 (X11; Linux x86_64) AppleWebKit/537.36 (KHTML, like Gecko) Chrome/56.0.2924.87 Safari/537.36','es',5000125,'M',0,'Active'),(158,2,'alejandro.mendietar','28c8021c2dc34e951dd0dba60bbbb3e1ae07dd4e',3,'Alejandro','Mendieta','2017-03-13 17:41:19','2017-09-29 09:43:28','2017-03-13 23:38:00','2017-09-29 09:43:28','189.139.25.76','','Mozilla/5.0 (Windows NT 10.0; Win64; x64) AppleWebKit/537.36 (KHTML, like Gecko) Chrome/61.0.3163.100 Safari/537.36','es',80000000,'M',0,'Active'),(159,1,'luis.salazard','28c8021c2dc34e951dd0dba60bbbb3e1ae07dd4e',3,'','','2017-03-14 18:35:06','2017-03-15 11:13:01','2017-03-15 00:34:00','2017-03-15 11:13:01','192.168.51.180','','Mozilla/5.0 (Windows NT 6.1; WOW64; Trident/7.0; rv:11.0) like Gecko','es',5000000,'M',0,'Active'),(160,1,'veronica.celestino','40f00424f04e69be4c0a5fc780af2b2ca08b11ec',3,'Vernica Celestino','','2017-03-14 18:43:50','2017-03-14 18:43:50','2017-03-15 00:36:00','2017-03-14 18:36:00',NULL,'','','es',5100000,'F',0,'Active'),(161,1,'arturo.vegag','5241c14824668c76fea523cd32b30ba3a6e366b9',3,'Arturo Ismael','Vega Gonzalez','2017-03-17 12:03:11','2017-08-24 13:15:17','2017-03-17 18:03:11','2017-08-24 13:15:17','189.241.158.81','Mozilla/5.0 (Windows NT 6.1; WOW64) AppleWebKit/537.36 (KHTML, like Gecko) Chrome/56.0.2924.87 Safari/537.36','Mozilla/5.0 (Windows NT 6.1) AppleWebKit/537.36 (KHTML, like Gecko) Chrome/60.0.3112.101 Safari/537.36','es',3002219,'M',0,'Active'),(163,1,'luis.alonsog','f1a0129381dbfb18ab1e5924496779efa1d781e2',3,'Luis Humberto','Alonso Garcia','2017-04-07 16:04:33','2017-04-07 17:06:23','2017-04-07 21:04:33','2017-04-07 17:06:23','189.254.105.68','Mozilla/5.0 (Windows NT 10.0; WOW64) AppleWebKit/537.36 (KHTML, like Gecko) Chrome/57.0.2987.133 Safari/537.36','Mozilla/5.0 (Windows NT 10.0; WOW64) AppleWebKit/537.36 (KHTML, like Gecko) Chrome/57.0.2987.133 Safari/537.36','es',3002170,'M',0,'Active'),(176,1,'ivette.vazquezm','1e13f337e50c4ba4b2a76d88992e170806335cee',3,'Ivette','Vazquez Meza','2017-06-15 18:06:07','2017-06-16 17:54:51','2017-06-15 23:06:07','2017-06-16 17:54:51','192.168.1.81','Mozilla/5.0 (Windows NT 6.1; Win64; x64) AppleWebKit/537.36 (KHTML, like Gecko) Chrome/58.0.3029.110 Safari/537.36','Mozilla/5.0 (Windows NT 6.1; Win64; x64) AppleWebKit/537.36 (KHTML, like Gecko) Chrome/58.0.3029.110 Safari/537.36','es',3002232,'F',0,'Active'),(165,2,'maria.ruizf','a81c0c72ae73b1f13515c7c06323efd0924a86bc',3,'Maria Guadalupe','Ruiz Frausto','2017-04-24 16:04:31','2017-05-12 12:03:31','2017-04-24 21:04:31','2017-05-12 12:03:31','189.254.176.66','Mozilla/5.0 (Windows NT 6.1; WOW64; Trident/7.0; rv:11.0) like Gecko','Mozilla/5.0 (Windows NT 6.1; WOW64; Trident/7.0; rv:11.0) like Gecko','es',1000793,'F',0,'Active'),(166,2,'francisco.hernandezh','129edd804a2e9ff8c344055be0e39f101bd2bcfc',3,'Francisco Daniel','Hernandez Hernandez','2017-04-25 16:04:48','2017-04-25 16:25:33','2017-04-25 21:04:48','2017-04-25 16:25:33','187.139.30.196','Mozilla/5.0 (Windows NT 6.1; WOW64; Trident/7.0; rv:11.0) like Gecko','Mozilla/5.0 (Windows NT 6.1; WOW64; Trident/7.0; rv:11.0) like Gecko','es',1000954,'M',0,'Active'),(175,2,'luis.torala','05e5fd5732e8e1eda008b0b26806d4f0d9f5ec8e',3,'Luis Jovany','Toral Andrade','2017-06-02 16:06:53','2017-09-05 10:03:34','2017-06-02 21:06:53','2017-09-05 10:03:34','192.168.20.172','Mozilla/5.0 (X11; Linux x86_64) AppleWebKit/537.36 (KHTML, like Gecko) Chrome/58.0.3029.110 Safari/537.36','Mozilla/5.0 (Windows NT 6.1; Win64; x64) AppleWebKit/537.36 (KHTML, like Gecko) Chrome/60.0.3112.113 Safari/537.36','es',1000965,'M',0,'Active'),(170,2,'eder.aguilarr','5313e115cd949ae74819db9398cb9cdf8304f16e',6,'Eder Adan','Aguilar Rodriguez','2017-05-15 09:05:57','2017-05-15 12:40:13','2017-05-15 14:05:00','2017-05-15 12:40:13','192.168.20.112','Mozilla/5.0 (X11; Linux x86_64) AppleWebKit/537.36 (KHTML, like Gecko) Chrome/57.0.2987.98 Safari/537.36','Mozilla/5.0 (Windows NT 6.1; Win64; x64) AppleWebKit/537.36 (KHTML, like Gecko) Chrome/58.0.3029.110 Safari/537.36','es',1000176,'M',0,'Active'),(168,2,'ma.alvaradob','8097985915269cb993f44ee7d02f66ddaf2a5de6',3,'Ma Del Rosario','Alvarado Barajas','2017-05-05 17:05:33','2017-05-05 17:05:33','2017-05-05 22:05:33','0000-00-00 00:00:00',NULL,'Mozilla/5.0 (Windows NT 6.1; WOW64) AppleWebKit/537.36 (KHTML, like Gecko) Chrome/57.0.2987.133 Safari/537.36','Mozilla/5.0 (Windows NT 6.1; WOW64) AppleWebKit/537.36 (KHTML, like Gecko) Chrome/57.0.2987.133 Safari/537.36','es',1000745,'F',0,'Active'),(169,1,'aydee.gonzalezh','9265c5c6d4c23bb1167e55514d10e3570cfd3aa5',6,'Aydee','Gonzalez Hernandez','2017-05-06 12:05:14','2017-10-03 13:42:40','2017-05-06 17:05:00','2017-10-03 13:42:39','192.168.20.238','Mozilla/5.0 (Windows NT 6.1; Win64; x64) AppleWebKit/537.36 (KHTML, like Gecko) Chrome/58.0.3029.96 Safari/537.36','Mozilla/5.0 (Windows NT 6.1; Win64; x64) AppleWebKit/537.36 (KHTML, like Gecko) Chrome/61.0.3163.100 Safari/537.36','es',3002223,'F',0,'Active'),(173,1,'vicente.marinu','348614426ddcd5281eb68794fb2cb884f1e91eef',3,'Vicente Javier','Marin Uribe','2017-05-18 17:05:08','2017-09-29 19:01:23','2017-05-18 22:05:08','2017-09-29 19:01:23','189.139.25.76','Mozilla/5.0 (Windows NT 6.1; Win64; x64) AppleWebKit/537.36 (KHTML, like Gecko) Chrome/58.0.3029.110 Safari/537.36','Mozilla/5.0 (Windows NT 6.1; Win64; x64) AppleWebKit/537.36 (KHTML, like Gecko) Chrome/61.0.3163.100 Safari/537.36','es',3002230,'M',0,'Active'),(174,1,'carlos.trujillog','c9da4d12fa37251b2839e53fc3bdec28c880ae3d',3,'Carlos Tomas','Trujillo Gonzalez','2017-06-02 08:06:59','2017-06-02 08:55:23','2017-06-02 13:06:59','2017-06-02 08:55:23','192.168.51.63','Mozilla/5.0 (compatible; MSIE 9.0; Windows NT 6.1; WOW64; Trident/5.0)','Mozilla/5.0 (compatible; MSIE 9.0; Windows NT 6.1; WOW64; Trident/5.0)','es',3002216,'M',0,'Active'),(177,2,'franz.maldonadot','8d32ca92e0ca78d6e824432f3bf5132e96de2bde',3,'Franz','Maldonado Tress','2017-06-27 10:06:46','2017-10-02 16:47:20','2017-06-27 15:06:46','2017-10-02 16:47:20','10.42.44.200','Mozilla/5.0 (Windows NT 6.1; Win64; x64) AppleWebKit/537.36 (KHTML, like Gecko) Chrome/58.0.3029.110 Safari/537.36','Mozilla/5.0 (Windows NT 6.1; Win64; x64) AppleWebKit/537.36 (KHTML, like Gecko) Chrome/61.0.3163.100 Safari/537.36','es',1000976,'M',0,'Active'),(178,1,'mario.bustamantes','586fd07a53de37662b2894be8b72cf470610dbc3',3,'Mario Alberto','Bustamante Sierra','2017-07-08 11:07:15','2017-07-08 11:26:52','2017-07-08 16:07:15','2017-07-08 11:26:52','192.168.20.238','Mozilla/5.0 (Windows NT 6.1; Win64; x64) AppleWebKit/537.36 (KHTML, like Gecko) Chrome/59.0.3071.115 Safari/537.36','Mozilla/5.0 (Windows NT 6.1; Win64; x64) AppleWebKit/537.36 (KHTML, like Gecko) Chrome/59.0.3071.115 Safari/537.36','es',3002231,'M',0,'Active'),(180,2,'miguel.zaratef','6ae50c12498f247e289891abd2bfcbfdbdad9e04',6,'Miguel Angel','Zarate Flores','2017-07-26 09:07:30','2017-10-02 12:48:34','2017-07-26 14:07:00','2017-10-02 12:48:34','192.168.20.182','Mozilla/5.0 (Windows NT 6.1; Win64; x64) AppleWebKit/537.36 (KHTML, like Gecko) Chrome/59.0.3071.115 Safari/537.36','Mozilla/5.0 (Windows NT 6.1; Win64; x64) AppleWebKit/537.36 (KHTML, like Gecko) Chrome/61.0.3163.100 Safari/537.36','es',1000985,'M',0,'Active'),(182,2,'francisca.llanezm','d2ec3220677c50c1524d858ae7d69abf91bbc359',3,'Francisca Judith','Llanez Martinez','2017-08-17 13:08:57','2017-08-17 13:08:57','2017-08-17 18:08:57','0000-00-00 00:00:00',NULL,'Mozilla/5.0 (Windows NT 6.1; Win64; x64) AppleWebKit/537.36 (KHTML, like Gecko) Chrome/60.0.3112.90 Safari/537.36','Mozilla/5.0 (Windows NT 6.1; Win64; x64) AppleWebKit/537.36 (KHTML, like Gecko) Chrome/60.0.3112.90 Safari/537.36','es',1001018,'M',0,'Active'),(184,2,'jesus.cuevass','04972011896e8ec244b78eaacba9d42f62eb4c7f',6,'Jesus Antonio','Cuevas Sosa','2017-09-29 13:09:07','2017-09-29 18:11:26','2017-09-29 18:09:00','2017-09-29 18:11:26','192.168.20.238','Mozilla/5.0 (X11; Linux x86_64) AppleWebKit/537.36 (KHTML, like Gecko) Chrome/61.0.3163.100 Safari/537.36','Mozilla/5.0 (Windows NT 6.1; Win64; x64) AppleWebKit/537.36 (KHTML, like Gecko) Chrome/61.0.3163.100 Safari/537.36','es',1000992,'M',0,'Active'),(183,3,'jesus.maganaa','1eda48bdb6d17be66db3ebee0f47f0dad9a44e6c',6,'Jesus Miguel','Maga&ntilde;a Aquino','2017-09-06 09:09:57','2017-10-01 22:56:38','2017-09-06 14:09:00','2017-10-01 22:56:38','189.148.247.242','Mozilla/5.0 (Windows NT 6.1; Win64; x64) AppleWebKit/537.36 (KHTML, like Gecko) Chrome/61.0.3163.79 Safari/537.36','Mozilla/5.0 (Windows NT 10.0; Win64; x64) AppleWebKit/537.36 (KHTML, like Gecko) Chrome/61.0.3163.100 Safari/537.36','es',2000504,'M',0,'Active');
/*!40000 ALTER TABLE `users` ENABLE KEYS */;
UNLOCK TABLES;

--
-- Table structure for table `widgets`
--

DROP TABLE IF EXISTS `widgets`;
/*!40101 SET @saved_cs_client     = @@character_set_client */;
/*!40101 SET character_set_client = utf8 */;
CREATE TABLE `widgets` (
  `id` int(11) NOT NULL AUTO_INCREMENT,
  `name` varchar(100) NOT NULL,
  `part_no` varchar(12) DEFAULT NULL,
  `quantity` int(11) DEFAULT NULL,
  `status` enum('Active','Inactive') NOT NULL DEFAULT 'Active',
  `current_date_time` timestamp NOT NULL DEFAULT CURRENT_TIMESTAMP,
  PRIMARY KEY (`id`)
) ENGINE=MyISAM DEFAULT CHARSET=utf8;
/*!40101 SET character_set_client = @saved_cs_client */;

--
-- Dumping data for table `widgets`
--

LOCK TABLES `widgets` WRITE;
/*!40000 ALTER TABLE `widgets` DISABLE KEYS */;
/*!40000 ALTER TABLE `widgets` ENABLE KEYS */;
UNLOCK TABLES;

--
-- Current Database: `portal_user_info`
--

CREATE DATABASE /*!32312 IF NOT EXISTS*/ `portal_user_info` /*!40100 DEFAULT CHARACTER SET utf8 */;

USE `portal_user_info`;

--
-- Table structure for table `catalog_datas`
--

DROP TABLE IF EXISTS `catalog_datas`;
/*!40101 SET @saved_cs_client     = @@character_set_client */;
/*!40101 SET character_set_client = utf8 */;
CREATE TABLE `catalog_datas` (
  `id` int(11) unsigned NOT NULL AUTO_INCREMENT,
  `catalog_names_id` int(11) unsigned NOT NULL,
  `catalog_fields_id` int(11) unsigned NOT NULL,
  `catalog_data` varchar(250) DEFAULT NULL,
  `catalog_data_description` text,
  `catalog_data_taken` tinyint(1) NOT NULL DEFAULT '0',
  `create` timestamp NOT NULL DEFAULT CURRENT_TIMESTAMP,
  `modified` datetime DEFAULT NULL,
  `status` enum('Active','Inactive') NOT NULL DEFAULT 'Active',
  PRIMARY KEY (`id`)
) ENGINE=MyISAM AUTO_INCREMENT=8 DEFAULT CHARSET=utf8;
/*!40101 SET character_set_client = @saved_cs_client */;

--
-- Dumping data for table `catalog_datas`
--

LOCK TABLES `catalog_datas` WRITE;
/*!40000 ALTER TABLE `catalog_datas` DISABLE KEYS */;
INSERT INTO `catalog_datas` VALUES (1,1,1,'187.141.67.234','app_debian_server',0,'0000-00-00 00:00:00','2015-12-08 13:25:54','Active'),(2,2,3,'extension','extension',0,'0000-00-00 00:00:00','2016-04-08 12:43:58','Active'),(3,2,3,'3156','3156',0,'0000-00-00 00:00:00','2016-04-12 09:28:02','Active'),(4,3,5,'N8TB9-HHWY-68MYV-KYPPF-369VX','Hermosillo Almacen 	',0,'0000-00-00 00:00:00','2016-07-04 15:23:12','Active'),(5,3,5,'TQQNY-9324Q-4F8DT-BTBP9-8QKVX 	','Guadalajara Diesel 	',0,'0000-00-00 00:00:00','2016-07-04 15:23:37','Active'),(6,3,5,'WVJWB-4YNR2-B7898-Q84VK-66PMK ','Office home and bussines 2016 32/64 es latam sku-t5d-02294 ',0,'0000-00-00 00:00:00','2016-07-04 15:24:08','Active'),(7,5,9,'carlos.rodriguezm.gst','Usuario skype gerencia de Seguridad GST',0,'0000-00-00 00:00:00','2016-07-04 15:58:17','Active');
/*!40000 ALTER TABLE `catalog_datas` ENABLE KEYS */;
UNLOCK TABLES;

--
-- Table structure for table `catalog_fields`
--

DROP TABLE IF EXISTS `catalog_fields`;
/*!40101 SET @saved_cs_client     = @@character_set_client */;
/*!40101 SET character_set_client = utf8 */;
CREATE TABLE `catalog_fields` (
  `id` int(11) unsigned NOT NULL AUTO_INCREMENT,
  `catalog_names_id` int(11) unsigned NOT NULL,
  `catalog_field` varchar(250) NOT NULL,
  `catalog_field_description` text,
  `create` timestamp NOT NULL DEFAULT CURRENT_TIMESTAMP,
  `modified` datetime DEFAULT NULL,
  `status` enum('Active','Inactive') NOT NULL DEFAULT 'Active',
  PRIMARY KEY (`id`)
) ENGINE=MyISAM AUTO_INCREMENT=10 DEFAULT CHARSET=utf8;
/*!40101 SET character_set_client = @saved_cs_client */;

--
-- Dumping data for table `catalog_fields`
--

LOCK TABLES `catalog_fields` WRITE;
/*!40000 ALTER TABLE `catalog_fields` DISABLE KEYS */;
INSERT INTO `catalog_fields` VALUES (1,1,'ip_tbk_server','ips servidores tbk','0000-00-00 00:00:00','2015-12-08 13:24:10','Active'),(2,1,'ip_tbk','ip tbk','0000-00-00 00:00:00','2015-12-08 13:27:09','Active'),(3,2,'extensiones_teisa','extensiones dentro de teisa','0000-00-00 00:00:00','2016-04-08 12:43:19','Active'),(4,3,'Licencia Office 2010','Licencias Office 2010','0000-00-00 00:00:00','2016-07-04 15:21:51','Active'),(5,3,'Licencia Office 2016','Licencias Office 2016','0000-00-00 00:00:00','2016-07-04 15:22:12','Active'),(6,4,'Correo','password de correo','0000-00-00 00:00:00','2016-07-04 15:27:06','Active'),(7,4,'skype','contrasea de skype','0000-00-00 00:00:00','2016-07-04 15:27:53','Active'),(8,4,'Servidores','Server passwords','0000-00-00 00:00:00','2016-07-04 15:28:25','Active'),(9,5,'Skype UID','Skype ID','0000-00-00 00:00:00','2016-07-04 16:07:10','Active');
/*!40000 ALTER TABLE `catalog_fields` ENABLE KEYS */;
UNLOCK TABLES;

--
-- Table structure for table `catalog_names`
--

DROP TABLE IF EXISTS `catalog_names`;
/*!40101 SET @saved_cs_client     = @@character_set_client */;
/*!40101 SET character_set_client = utf8 */;
CREATE TABLE `catalog_names` (
  `id` int(11) unsigned NOT NULL AUTO_INCREMENT,
  `catalog_name` varchar(250) NOT NULL,
  `catalog_description` text,
  `create` timestamp NOT NULL DEFAULT CURRENT_TIMESTAMP,
  `modified` datetime DEFAULT NULL,
  `status` enum('Active','Inactive') NOT NULL DEFAULT 'Active',
  PRIMARY KEY (`id`)
) ENGINE=MyISAM AUTO_INCREMENT=6 DEFAULT CHARSET=utf8;
/*!40101 SET character_set_client = @saved_cs_client */;

--
-- Dumping data for table `catalog_names`
--

LOCK TABLES `catalog_names` WRITE;
/*!40000 ALTER TABLE `catalog_names` DISABLE KEYS */;
INSERT INTO `catalog_names` VALUES (1,'direccion ip','direccion ip','0000-00-00 00:00:00','2015-12-08 13:22:34','Active'),(2,'extension','Extension telefonica ','0000-00-00 00:00:00','2016-04-08 12:42:21','Active'),(3,'Licencias','Licencias de Software','0000-00-00 00:00:00','2016-07-04 15:20:49','Active'),(4,'Password','Contraseas ','0000-00-00 00:00:00','2016-07-04 15:25:48','Active'),(5,'UID','user id','0000-00-00 00:00:00','2016-07-04 16:12:14','Active');
/*!40000 ALTER TABLE `catalog_names` ENABLE KEYS */;
UNLOCK TABLES;

--
-- Table structure for table `field_datas`
--

DROP TABLE IF EXISTS `field_datas`;
/*!40101 SET @saved_cs_client     = @@character_set_client */;
/*!40101 SET character_set_client = utf8 */;
CREATE TABLE `field_datas` (
  `id` int(11) unsigned NOT NULL AUTO_INCREMENT,
  `field_names_id` int(11) unsigned DEFAULT NULL,
  `user_id` int(11) unsigned NOT NULL,
  `group_id` int(11) unsigned NOT NULL,
  `catalog_datas_id` int(11) unsigned DEFAULT NULL,
  `create` timestamp NOT NULL DEFAULT CURRENT_TIMESTAMP,
  `modified` datetime DEFAULT NULL,
  `status` enum('Active','Inactive') NOT NULL DEFAULT 'Active',
  PRIMARY KEY (`id`),
  UNIQUE KEY `catalog_datas_id` (`catalog_datas_id`)
) ENGINE=MyISAM AUTO_INCREMENT=1382 DEFAULT CHARSET=utf8;
/*!40101 SET character_set_client = @saved_cs_client */;

--
-- Dumping data for table `field_datas`
--

LOCK TABLES `field_datas` WRITE;
/*!40000 ALTER TABLE `field_datas` DISABLE KEYS */;
INSERT INTO `field_datas` VALUES (1,1,1,7,NULL,'2015-12-08 19:12:00','2015-12-08 13:28:00','Active'),(2,1,2,1,NULL,'2015-12-08 19:12:00','2015-12-08 13:28:00','Active'),(3,1,3,1,NULL,'2015-12-08 19:12:00','2015-12-08 13:28:00','Active'),(4,1,4,7,NULL,'2015-12-08 19:12:00','2015-12-08 13:28:00','Active'),(5,1,5,3,1,'0000-00-00 00:00:00','2015-12-10 12:37:04','Active'),(6,1,8,5,NULL,'2015-12-08 19:12:00','2015-12-08 13:28:00','Active'),(7,1,9,3,NULL,'2015-12-08 19:12:00','2015-12-08 13:28:00','Active'),(8,1,10,1,NULL,'2015-12-08 19:12:00','2015-12-08 13:28:00','Active'),(9,1,11,3,NULL,'2015-12-08 19:12:00','2015-12-08 13:28:00','Active'),(10,1,12,3,0,'0000-00-00 00:00:00','2015-12-10 12:36:53','Active'),(11,1,13,3,NULL,'2015-12-08 19:12:00','2015-12-08 13:28:00','Active'),(12,1,14,3,NULL,'2015-12-08 19:12:00','2015-12-08 13:28:00','Active'),(13,1,15,3,NULL,'2015-12-08 19:12:00','2015-12-08 13:28:00','Active'),(14,1,16,3,NULL,'2015-12-08 19:12:00','2015-12-08 13:28:00','Active'),(15,1,17,3,NULL,'2015-12-08 19:12:00','2015-12-08 13:28:00','Active'),(16,1,18,3,NULL,'2015-12-08 19:12:00','2015-12-08 13:28:00','Active'),(17,1,19,3,NULL,'2015-12-08 19:12:00','2015-12-08 13:28:00','Active'),(18,1,20,3,NULL,'2015-12-08 19:12:00','2015-12-08 13:28:00','Active'),(19,1,21,3,NULL,'2015-12-08 19:12:00','2015-12-08 13:28:00','Active'),(20,1,22,3,NULL,'2015-12-08 19:12:00','2015-12-08 13:28:00','Active'),(21,1,23,3,NULL,'2015-12-08 19:12:00','2015-12-08 13:28:00','Active'),(22,1,24,3,NULL,'2015-12-08 19:12:00','2015-12-08 13:28:00','Active'),(23,1,25,3,NULL,'2015-12-08 19:12:00','2015-12-08 13:28:00','Active'),(24,1,26,3,NULL,'2015-12-08 19:12:00','2015-12-08 13:28:00','Active'),(25,1,27,3,NULL,'2015-12-08 19:12:00','2015-12-08 13:28:00','Active'),(26,1,28,3,NULL,'2015-12-08 19:12:00','2015-12-08 13:28:00','Active'),(27,1,29,3,NULL,'2015-12-08 19:12:00','2015-12-08 13:28:00','Active'),(28,1,30,3,NULL,'2015-12-08 19:12:00','2015-12-08 13:28:00','Active'),(29,1,31,3,NULL,'2015-12-08 19:12:00','2015-12-08 13:28:00','Active'),(30,1,32,3,NULL,'2015-12-08 19:12:00','2015-12-08 13:28:00','Active'),(31,1,33,3,NULL,'2015-12-08 19:12:00','2015-12-08 13:28:00','Active'),(32,1,34,3,NULL,'2015-12-08 19:12:00','2015-12-08 13:28:00','Active'),(33,1,35,3,NULL,'2015-12-08 19:12:00','2015-12-08 13:28:00','Active'),(34,1,36,3,NULL,'2015-12-08 19:12:00','2015-12-08 13:28:00','Active'),(35,1,37,3,NULL,'2015-12-08 19:12:00','2015-12-08 13:28:00','Active'),(36,1,38,3,NULL,'2015-12-08 19:12:00','2015-12-08 13:28:00','Active'),(37,1,39,3,NULL,'2015-12-08 19:12:00','2015-12-08 13:28:00','Active'),(38,1,40,3,NULL,'2015-12-08 19:12:00','2015-12-08 13:28:00','Active'),(39,1,41,3,NULL,'2015-12-08 19:12:00','2015-12-08 13:28:00','Active'),(40,1,42,3,NULL,'2015-12-08 19:12:00','2015-12-08 13:28:00','Active'),(41,1,43,3,NULL,'2015-12-08 19:12:00','2015-12-08 13:28:00','Active'),(42,1,44,3,NULL,'2015-12-08 19:12:00','2015-12-08 13:28:00','Active'),(43,1,45,3,NULL,'2015-12-08 19:12:00','2015-12-08 13:28:00','Active'),(44,1,46,3,NULL,'2015-12-08 19:12:00','2015-12-08 13:28:00','Active'),(45,1,47,3,NULL,'2015-12-08 19:12:00','2015-12-08 13:28:00','Active'),(46,1,48,3,NULL,'2015-12-08 19:12:00','2015-12-08 13:28:00','Active'),(47,1,49,3,NULL,'2015-12-08 19:12:00','2015-12-08 13:28:00','Active'),(48,1,50,3,NULL,'2015-12-08 19:12:00','2015-12-08 13:28:00','Active'),(49,1,51,3,NULL,'2015-12-08 19:12:00','2015-12-08 13:28:00','Active'),(50,1,52,3,NULL,'2015-12-08 19:12:00','2015-12-08 13:28:00','Active'),(51,1,53,3,NULL,'2015-12-08 19:12:00','2015-12-08 13:28:00','Active'),(52,1,54,3,NULL,'2015-12-08 19:12:00','2015-12-08 13:28:00','Active'),(53,1,55,6,NULL,'2015-12-08 19:12:00','2015-12-08 13:28:00','Active'),(54,1,56,3,NULL,'2015-12-08 19:12:00','2015-12-08 13:28:00','Active'),(55,1,57,3,NULL,'2015-12-08 19:12:00','2015-12-08 13:28:00','Active'),(56,1,75,3,NULL,'2015-12-08 19:12:00','2015-12-08 13:28:00','Active'),(57,1,58,3,NULL,'2015-12-08 19:12:00','2015-12-08 13:28:00','Active'),(58,1,59,3,NULL,'2015-12-08 19:12:00','2015-12-08 13:28:00','Active'),(59,1,60,3,NULL,'2015-12-08 19:12:00','2015-12-08 13:28:00','Active'),(60,1,61,3,NULL,'2015-12-08 19:12:00','2015-12-08 13:28:00','Active'),(61,1,62,3,NULL,'2015-12-08 19:12:00','2015-12-08 13:28:00','Active'),(62,1,63,3,NULL,'2015-12-08 19:12:00','2015-12-08 13:28:00','Active'),(63,1,64,3,NULL,'2015-12-08 19:12:00','2015-12-08 13:28:00','Active'),(64,1,65,3,NULL,'2015-12-08 19:12:00','2015-12-08 13:28:00','Active'),(65,1,66,3,NULL,'2015-12-08 19:12:00','2015-12-08 13:28:00','Active'),(66,1,67,3,NULL,'2015-12-08 19:12:00','2015-12-08 13:28:00','Active'),(67,1,68,3,NULL,'2015-12-08 19:12:00','2015-12-08 13:28:00','Active'),(68,1,69,3,NULL,'2015-12-08 19:12:00','2015-12-08 13:28:00','Active'),(69,1,70,3,NULL,'2015-12-08 19:12:00','2015-12-08 13:28:00','Active'),(70,1,71,3,NULL,'2015-12-08 19:12:00','2015-12-08 13:28:00','Active'),(71,1,72,3,NULL,'2015-12-08 19:12:00','2015-12-08 13:28:00','Active'),(72,1,73,3,NULL,'2015-12-08 19:12:00','2015-12-08 13:28:00','Active'),(73,1,74,3,NULL,'2015-12-08 19:12:00','2015-12-08 13:28:00','Active'),(74,1,76,3,NULL,'2015-12-08 19:12:00','2015-12-08 13:28:00','Active'),(75,1,77,3,NULL,'2015-12-08 19:12:00','2015-12-08 13:28:00','Active'),(76,1,78,3,NULL,'2015-12-08 19:12:00','2015-12-08 13:28:00','Active'),(77,1,79,3,NULL,'2015-12-08 19:12:00','2015-12-08 13:28:00','Active'),(78,1,81,3,NULL,'2015-12-08 19:12:00','2015-12-08 13:28:00','Active'),(79,1,80,3,NULL,'2015-12-08 19:12:00','2015-12-08 13:28:00','Active'),(80,1,82,3,NULL,'2015-12-08 19:12:00','2015-12-08 13:28:00','Active'),(81,1,83,3,NULL,'2015-12-08 19:12:00','2015-12-08 13:28:00','Active'),(82,1,84,3,NULL,'2015-12-08 19:12:00','2015-12-08 13:28:00','Active'),(83,1,91,3,NULL,'2016-02-02 18:02:53','2016-02-02 12:35:53','Active'),(84,1,92,3,NULL,'2016-02-02 18:02:51','2016-02-02 12:57:51','Active'),(85,1,93,3,NULL,'2016-02-02 19:02:29','2016-02-02 13:08:29','Active'),(86,1,94,3,NULL,'2016-02-02 20:02:03','2016-02-02 14:15:03','Active'),(87,1,95,3,NULL,'2016-02-03 19:02:34','2016-02-03 13:52:34','Active'),(88,1,96,3,NULL,'2016-02-04 16:02:58','2016-02-04 10:10:58','Active'),(89,1,97,3,NULL,'2016-02-04 22:02:20','2016-02-04 16:08:20','Active'),(90,1,98,3,NULL,'2016-02-10 16:02:20','2016-02-10 10:50:20','Active'),(91,1,99,3,NULL,'2016-02-17 19:02:12','2016-02-17 13:03:12','Active'),(92,1,100,3,NULL,'2016-02-22 19:02:23','2016-02-22 13:11:23','Active'),(93,1,101,3,NULL,'2016-02-26 17:02:39','2016-02-26 11:12:39','Active'),(94,1,102,3,NULL,'2016-03-10 19:03:07','2016-03-10 13:28:07','Active'),(95,1,103,3,NULL,'2016-03-30 16:03:42','2016-03-30 10:32:42','Active'),(96,1,104,3,NULL,'2016-04-07 22:04:52','2016-04-07 17:36:52','Active'),(97,2,1,7,NULL,'2016-04-08 17:04:46','2016-04-08 12:44:46','Active'),(98,2,2,1,NULL,'2016-04-08 17:04:46','2016-04-08 12:44:46','Active'),(99,2,3,1,NULL,'2016-04-08 17:04:46','2016-04-08 12:44:46','Active'),(100,2,4,7,NULL,'2016-04-08 17:04:46','2016-04-08 12:44:46','Active'),(101,2,5,4,NULL,'2016-04-08 17:04:46','2016-04-08 12:44:46','Active'),(102,2,8,5,NULL,'2016-04-08 17:04:46','2016-04-08 12:44:46','Active'),(103,2,9,3,NULL,'2016-04-08 17:04:46','2016-04-08 12:44:46','Active'),(104,2,10,1,NULL,'2016-04-08 17:04:46','2016-04-08 12:44:46','Active'),(105,2,11,3,NULL,'2016-04-08 17:04:46','2016-04-08 12:44:46','Active'),(106,2,12,3,NULL,'2016-04-08 17:04:46','2016-04-08 12:44:46','Active'),(107,2,13,3,NULL,'2016-04-08 17:04:46','2016-04-08 12:44:46','Active'),(108,2,14,3,NULL,'2016-04-08 17:04:46','2016-04-08 12:44:46','Active'),(109,2,15,3,NULL,'2016-04-08 17:04:46','2016-04-08 12:44:46','Active'),(110,2,16,3,NULL,'2016-04-08 17:04:46','2016-04-08 12:44:46','Active'),(111,2,17,3,NULL,'2016-04-08 17:04:46','2016-04-08 12:44:46','Active'),(112,2,18,3,NULL,'2016-04-08 17:04:46','2016-04-08 12:44:46','Active'),(113,2,19,3,NULL,'2016-04-08 17:04:46','2016-04-08 12:44:46','Active'),(114,2,20,3,NULL,'2016-04-08 17:04:46','2016-04-08 12:44:46','Active'),(115,2,21,3,NULL,'2016-04-08 17:04:46','2016-04-08 12:44:46','Active'),(116,2,22,4,3,'0000-00-00 00:00:00','2016-04-08 12:47:31','Active'),(117,2,23,3,NULL,'2016-04-08 17:04:46','2016-04-08 12:44:46','Active'),(118,2,24,3,NULL,'2016-04-08 17:04:46','2016-04-08 12:44:46','Active'),(119,2,25,3,NULL,'2016-04-08 17:04:46','2016-04-08 12:44:46','Active'),(120,2,26,3,NULL,'2016-04-08 17:04:46','2016-04-08 12:44:46','Active'),(121,2,27,3,NULL,'2016-04-08 17:04:46','2016-04-08 12:44:46','Active'),(122,2,28,3,NULL,'2016-04-08 17:04:46','2016-04-08 12:44:46','Active'),(123,2,29,3,NULL,'2016-04-08 17:04:46','2016-04-08 12:44:46','Active'),(124,2,30,3,NULL,'2016-04-08 17:04:46','2016-04-08 12:44:46','Active'),(125,2,31,3,NULL,'2016-04-08 17:04:46','2016-04-08 12:44:46','Active'),(126,2,32,3,NULL,'2016-04-08 17:04:46','2016-04-08 12:44:46','Active'),(127,2,33,3,NULL,'2016-04-08 17:04:46','2016-04-08 12:44:46','Active'),(128,2,34,3,NULL,'2016-04-08 17:04:46','2016-04-08 12:44:46','Active'),(129,2,35,3,NULL,'2016-04-08 17:04:46','2016-04-08 12:44:46','Active'),(130,2,36,3,NULL,'2016-04-08 17:04:46','2016-04-08 12:44:46','Active'),(131,2,37,3,NULL,'2016-04-08 17:04:46','2016-04-08 12:44:46','Active'),(132,2,38,3,NULL,'2016-04-08 17:04:46','2016-04-08 12:44:46','Active'),(133,2,39,3,NULL,'2016-04-08 17:04:46','2016-04-08 12:44:46','Active'),(134,2,40,3,NULL,'2016-04-08 17:04:46','2016-04-08 12:44:46','Active'),(135,2,41,3,NULL,'2016-04-08 17:04:46','2016-04-08 12:44:46','Active'),(136,2,42,3,NULL,'2016-04-08 17:04:46','2016-04-08 12:44:46','Active'),(137,2,43,3,NULL,'2016-04-08 17:04:46','2016-04-08 12:44:46','Active'),(138,2,44,3,NULL,'2016-04-08 17:04:46','2016-04-08 12:44:46','Active'),(139,2,45,3,NULL,'2016-04-08 17:04:46','2016-04-08 12:44:46','Active'),(140,2,46,3,NULL,'2016-04-08 17:04:46','2016-04-08 12:44:46','Active'),(141,2,47,3,NULL,'2016-04-08 17:04:46','2016-04-08 12:44:46','Active'),(142,2,48,3,NULL,'2016-04-08 17:04:46','2016-04-08 12:44:46','Active'),(143,2,49,3,NULL,'2016-04-08 17:04:46','2016-04-08 12:44:46','Active'),(144,2,50,3,NULL,'2016-04-08 17:04:46','2016-04-08 12:44:46','Active'),(145,2,51,3,NULL,'2016-04-08 17:04:46','2016-04-08 12:44:46','Active'),(146,2,52,3,NULL,'2016-04-08 17:04:46','2016-04-08 12:44:46','Active'),(147,2,53,3,NULL,'2016-04-08 17:04:46','2016-04-08 12:44:46','Active'),(148,2,54,3,NULL,'2016-04-08 17:04:46','2016-04-08 12:44:46','Active'),(149,2,55,6,NULL,'2016-04-08 17:04:46','2016-04-08 12:44:46','Active'),(150,2,56,3,NULL,'2016-04-08 17:04:46','2016-04-08 12:44:46','Active'),(151,2,57,3,NULL,'2016-04-08 17:04:46','2016-04-08 12:44:46','Active'),(152,2,75,3,NULL,'2016-04-08 17:04:46','2016-04-08 12:44:46','Active'),(153,2,58,3,NULL,'2016-04-08 17:04:46','2016-04-08 12:44:46','Active'),(154,2,59,3,NULL,'2016-04-08 17:04:46','2016-04-08 12:44:46','Active'),(155,2,60,3,NULL,'2016-04-08 17:04:46','2016-04-08 12:44:46','Active'),(156,2,61,3,NULL,'2016-04-08 17:04:46','2016-04-08 12:44:46','Active'),(157,2,62,3,NULL,'2016-04-08 17:04:46','2016-04-08 12:44:46','Active'),(158,2,63,3,NULL,'2016-04-08 17:04:46','2016-04-08 12:44:46','Active'),(159,2,64,3,NULL,'2016-04-08 17:04:46','2016-04-08 12:44:46','Active'),(160,2,65,3,NULL,'2016-04-08 17:04:46','2016-04-08 12:44:46','Active'),(161,2,66,3,NULL,'2016-04-08 17:04:46','2016-04-08 12:44:46','Active'),(162,2,67,3,NULL,'2016-04-08 17:04:46','2016-04-08 12:44:46','Active'),(163,2,68,3,NULL,'2016-04-08 17:04:46','2016-04-08 12:44:46','Active'),(164,2,69,3,NULL,'2016-04-08 17:04:46','2016-04-08 12:44:46','Active'),(165,2,70,3,NULL,'2016-04-08 17:04:46','2016-04-08 12:44:46','Active'),(166,2,71,3,NULL,'2016-04-08 17:04:46','2016-04-08 12:44:46','Active'),(167,2,72,3,NULL,'2016-04-08 17:04:46','2016-04-08 12:44:46','Active'),(168,2,73,3,NULL,'2016-04-08 17:04:46','2016-04-08 12:44:46','Active'),(169,2,74,3,NULL,'2016-04-08 17:04:46','2016-04-08 12:44:46','Active'),(170,2,76,3,NULL,'2016-04-08 17:04:46','2016-04-08 12:44:46','Active'),(171,2,77,3,NULL,'2016-04-08 17:04:46','2016-04-08 12:44:46','Active'),(172,2,78,3,NULL,'2016-04-08 17:04:46','2016-04-08 12:44:46','Active'),(173,2,79,3,NULL,'2016-04-08 17:04:46','2016-04-08 12:44:46','Active'),(174,2,81,3,NULL,'2016-04-08 17:04:46','2016-04-08 12:44:46','Active'),(175,2,80,3,NULL,'2016-04-08 17:04:46','2016-04-08 12:44:46','Active'),(176,2,82,3,NULL,'2016-04-08 17:04:46','2016-04-08 12:44:46','Active'),(177,2,83,3,NULL,'2016-04-08 17:04:46','2016-04-08 12:44:46','Active'),(178,2,84,3,NULL,'2016-04-08 17:04:46','2016-04-08 12:44:46','Active'),(179,2,85,3,NULL,'2016-04-08 17:04:46','2016-04-08 12:44:46','Active'),(180,2,86,3,NULL,'2016-04-08 17:04:46','2016-04-08 12:44:46','Active'),(181,2,87,3,NULL,'2016-04-08 17:04:46','2016-04-08 12:44:46','Active'),(182,2,88,3,NULL,'2016-04-08 17:04:46','2016-04-08 12:44:46','Active'),(183,2,89,3,NULL,'2016-04-08 17:04:46','2016-04-08 12:44:46','Active'),(184,2,90,3,NULL,'2016-04-08 17:04:46','2016-04-08 12:44:46','Active'),(185,2,102,3,NULL,'2016-04-08 17:04:46','2016-04-08 12:44:46','Active'),(186,2,91,3,NULL,'2016-04-08 17:04:46','2016-04-08 12:44:46','Active'),(187,2,92,3,NULL,'2016-04-08 17:04:46','2016-04-08 12:44:46','Active'),(188,2,93,3,NULL,'2016-04-08 17:04:46','2016-04-08 12:44:46','Active'),(189,2,94,3,NULL,'2016-04-08 17:04:46','2016-04-08 12:44:46','Active'),(190,2,98,3,NULL,'2016-04-08 17:04:46','2016-04-08 12:44:46','Active'),(191,2,95,3,NULL,'2016-04-08 17:04:46','2016-04-08 12:44:46','Active'),(192,2,96,3,NULL,'2016-04-08 17:04:46','2016-04-08 12:44:46','Active'),(193,2,97,3,NULL,'2016-04-08 17:04:46','2016-04-08 12:44:46','Active'),(194,2,99,3,NULL,'2016-04-08 17:04:46','2016-04-08 12:44:46','Active'),(195,2,100,3,NULL,'2016-04-08 17:04:46','2016-04-08 12:44:46','Active'),(196,2,101,3,NULL,'2016-04-08 17:04:46','2016-04-08 12:44:46','Active'),(197,2,103,3,NULL,'2016-04-08 17:04:46','2016-04-08 12:44:46','Active'),(198,2,104,3,NULL,'2016-04-08 17:04:46','2016-04-08 12:44:46','Active'),(199,1,105,3,NULL,'2016-04-13 18:04:12','2016-04-13 13:42:12','Active'),(200,2,105,3,NULL,'2016-04-13 18:04:12','2016-04-13 13:42:13','Active'),(201,1,106,3,NULL,'2016-04-13 18:04:39','2016-04-13 13:43:39','Active'),(202,2,106,3,NULL,'2016-04-13 18:04:39','2016-04-13 13:43:39','Active'),(203,1,107,3,NULL,'2016-04-15 18:04:09','2016-04-15 13:29:09','Active'),(204,2,107,3,NULL,'2016-04-15 18:04:09','2016-04-15 13:29:09','Active'),(205,1,108,3,NULL,'2016-05-17 21:05:28','2016-05-17 16:27:28','Active'),(206,2,108,3,NULL,'2016-05-17 21:05:28','2016-05-17 16:27:28','Active'),(207,1,109,3,NULL,'2016-05-30 18:05:49','2016-05-30 13:38:49','Active'),(208,2,109,3,NULL,'2016-05-30 18:05:49','2016-05-30 13:38:49','Active'),(209,1,110,3,NULL,'2016-06-08 23:06:19','2016-06-08 18:05:19','Active'),(210,2,110,3,NULL,'2016-06-08 23:06:19','2016-06-08 18:05:19','Active'),(211,1,111,3,NULL,'2016-06-24 22:06:11','2016-06-24 17:26:11','Active'),(212,2,111,3,NULL,'2016-06-24 22:06:11','2016-06-24 17:26:11','Active'),(213,1,112,3,NULL,'2016-06-24 22:06:26','2016-06-24 17:26:26','Active'),(214,2,112,3,NULL,'2016-06-24 22:06:26','2016-06-24 17:26:26','Active'),(215,1,113,3,NULL,'2016-06-28 22:06:46','2016-06-28 17:47:46','Active'),(216,2,113,3,NULL,'2016-06-28 22:06:46','2016-06-28 17:47:46','Active'),(217,1,114,3,NULL,'2016-06-30 22:06:44','2016-06-30 17:12:44','Active'),(218,2,114,3,NULL,'2016-06-30 22:06:44','2016-06-30 17:12:44','Active'),(219,1,115,3,NULL,'2016-07-04 15:07:52','2016-07-04 10:34:52','Active'),(220,2,115,3,NULL,'2016-07-04 15:07:52','2016-07-04 10:34:52','Active'),(221,3,1,7,NULL,'2016-07-04 20:07:54','2016-07-04 15:29:54','Active'),(222,3,2,1,NULL,'2016-07-04 20:07:54','2016-07-04 15:29:54','Active'),(223,3,3,6,NULL,'2016-07-04 20:07:54','2016-07-04 15:29:54','Active'),(224,3,4,7,NULL,'2016-07-04 20:07:54','2016-07-04 15:29:54','Active'),(225,3,5,3,NULL,'2016-07-04 20:07:54','2016-07-04 15:29:54','Active'),(226,3,8,5,NULL,'2016-07-04 20:07:54','2016-07-04 15:29:54','Active'),(227,3,9,3,NULL,'2016-07-04 20:07:54','2016-07-04 15:29:54','Active'),(228,3,10,1,NULL,'2016-07-04 20:07:54','2016-07-04 15:29:54','Active'),(229,3,11,3,NULL,'2016-07-04 20:07:54','2016-07-04 15:29:54','Active'),(230,3,12,3,NULL,'2016-07-04 20:07:54','2016-07-04 15:29:54','Active'),(231,3,13,3,NULL,'2016-07-04 20:07:54','2016-07-04 15:29:54','Active'),(232,3,14,3,NULL,'2016-07-04 20:07:54','2016-07-04 15:29:54','Active'),(233,3,15,3,NULL,'2016-07-04 20:07:54','2016-07-04 15:29:54','Active'),(234,3,16,3,NULL,'2016-07-04 20:07:54','2016-07-04 15:29:54','Active'),(235,3,17,3,NULL,'2016-07-04 20:07:54','2016-07-04 15:29:54','Active'),(236,3,18,3,NULL,'2016-07-04 20:07:54','2016-07-04 15:29:54','Active'),(237,3,19,3,NULL,'2016-07-04 20:07:54','2016-07-04 15:29:54','Active'),(238,3,20,3,NULL,'2016-07-04 20:07:54','2016-07-04 15:29:54','Active'),(239,3,21,3,NULL,'2016-07-04 20:07:54','2016-07-04 15:29:54','Active'),(240,3,22,3,NULL,'2016-07-04 20:07:54','2016-07-04 15:29:54','Active'),(241,3,23,3,NULL,'2016-07-04 20:07:54','2016-07-04 15:29:54','Active'),(242,3,24,3,NULL,'2016-07-04 20:07:54','2016-07-04 15:29:54','Active'),(243,3,25,3,NULL,'2016-07-04 20:07:54','2016-07-04 15:29:54','Active'),(244,3,26,3,NULL,'2016-07-04 20:07:54','2016-07-04 15:29:54','Active'),(245,3,27,3,NULL,'2016-07-04 20:07:54','2016-07-04 15:29:54','Active'),(246,3,28,3,NULL,'2016-07-04 20:07:54','2016-07-04 15:29:54','Active'),(247,3,29,6,NULL,'2016-07-04 20:07:54','2016-07-04 15:29:54','Active'),(248,3,30,3,NULL,'2016-07-04 20:07:54','2016-07-04 15:29:54','Active'),(249,3,31,3,NULL,'2016-07-04 20:07:54','2016-07-04 15:29:54','Active'),(250,3,32,6,NULL,'2016-07-04 20:07:54','2016-07-04 15:29:54','Active'),(251,3,33,3,NULL,'2016-07-04 20:07:54','2016-07-04 15:29:54','Active'),(252,3,34,3,NULL,'2016-07-04 20:07:54','2016-07-04 15:29:54','Active'),(253,3,35,3,NULL,'2016-07-04 20:07:54','2016-07-04 15:29:54','Active'),(254,3,36,3,NULL,'2016-07-04 20:07:54','2016-07-04 15:29:54','Active'),(255,3,37,3,NULL,'2016-07-04 20:07:54','2016-07-04 15:29:54','Active'),(256,3,38,3,NULL,'2016-07-04 20:07:54','2016-07-04 15:29:54','Active'),(257,3,39,3,NULL,'2016-07-04 20:07:54','2016-07-04 15:29:54','Active'),(258,3,40,3,NULL,'2016-07-04 20:07:54','2016-07-04 15:29:54','Active'),(259,3,41,8,NULL,'2016-07-04 20:07:54','2016-07-04 15:29:54','Active'),(260,3,42,3,NULL,'2016-07-04 20:07:54','2016-07-04 15:29:54','Active'),(261,3,43,3,NULL,'2016-07-04 20:07:54','2016-07-04 15:29:54','Active'),(262,3,44,3,NULL,'2016-07-04 20:07:54','2016-07-04 15:29:54','Active'),(263,3,45,3,NULL,'2016-07-04 20:07:54','2016-07-04 15:29:54','Active'),(264,3,46,3,NULL,'2016-07-04 20:07:54','2016-07-04 15:29:54','Active'),(265,3,47,3,NULL,'2016-07-04 20:07:54','2016-07-04 15:29:54','Active'),(266,3,48,3,NULL,'2016-07-04 20:07:54','2016-07-04 15:29:54','Active'),(267,3,49,3,NULL,'2016-07-04 20:07:54','2016-07-04 15:29:54','Active'),(268,3,50,3,NULL,'2016-07-04 20:07:54','2016-07-04 15:29:54','Active'),(269,3,51,3,NULL,'2016-07-04 20:07:54','2016-07-04 15:29:54','Active'),(270,3,52,3,NULL,'2016-07-04 20:07:54','2016-07-04 15:29:54','Active'),(271,3,53,3,NULL,'2016-07-04 20:07:54','2016-07-04 15:29:54','Active'),(272,3,54,3,NULL,'2016-07-04 20:07:54','2016-07-04 15:29:54','Active'),(273,3,55,6,NULL,'2016-07-04 20:07:54','2016-07-04 15:29:54','Active'),(274,3,56,3,NULL,'2016-07-04 20:07:54','2016-07-04 15:29:54','Active'),(275,3,57,3,NULL,'2016-07-04 20:07:54','2016-07-04 15:29:54','Active'),(276,3,75,3,NULL,'2016-07-04 20:07:54','2016-07-04 15:29:54','Active'),(277,3,58,3,NULL,'2016-07-04 20:07:54','2016-07-04 15:29:54','Active'),(278,3,59,3,NULL,'2016-07-04 20:07:54','2016-07-04 15:29:54','Active'),(279,3,60,3,NULL,'2016-07-04 20:07:54','2016-07-04 15:29:54','Active'),(280,3,61,3,NULL,'2016-07-04 20:07:54','2016-07-04 15:29:54','Active'),(281,3,62,3,NULL,'2016-07-04 20:07:54','2016-07-04 15:29:54','Active'),(282,3,63,3,NULL,'2016-07-04 20:07:54','2016-07-04 15:29:54','Active'),(283,3,64,3,NULL,'2016-07-04 20:07:54','2016-07-04 15:29:54','Active'),(284,3,65,3,NULL,'2016-07-04 20:07:54','2016-07-04 15:29:54','Active'),(285,3,66,3,NULL,'2016-07-04 20:07:54','2016-07-04 15:29:54','Active'),(286,3,67,3,NULL,'2016-07-04 20:07:54','2016-07-04 15:29:54','Active'),(287,3,68,3,NULL,'2016-07-04 20:07:54','2016-07-04 15:29:54','Active'),(288,3,69,3,NULL,'2016-07-04 20:07:54','2016-07-04 15:29:54','Active'),(289,3,70,3,NULL,'2016-07-04 20:07:54','2016-07-04 15:29:54','Active'),(290,3,71,3,NULL,'2016-07-04 20:07:54','2016-07-04 15:29:54','Active'),(291,3,72,3,NULL,'2016-07-04 20:07:54','2016-07-04 15:29:54','Active'),(292,3,73,3,NULL,'2016-07-04 20:07:54','2016-07-04 15:29:54','Active'),(293,3,74,3,NULL,'2016-07-04 20:07:54','2016-07-04 15:29:54','Active'),(294,3,76,3,NULL,'2016-07-04 20:07:54','2016-07-04 15:29:54','Active'),(295,3,77,3,NULL,'2016-07-04 20:07:54','2016-07-04 15:29:54','Active'),(296,3,78,3,NULL,'2016-07-04 20:07:54','2016-07-04 15:29:54','Active'),(297,3,79,3,NULL,'2016-07-04 20:07:54','2016-07-04 15:29:54','Active'),(298,3,81,3,NULL,'2016-07-04 20:07:54','2016-07-04 15:29:54','Active'),(299,3,80,3,NULL,'2016-07-04 20:07:54','2016-07-04 15:29:54','Active'),(300,3,82,3,NULL,'2016-07-04 20:07:54','2016-07-04 15:29:54','Active'),(301,3,83,3,NULL,'2016-07-04 20:07:54','2016-07-04 15:29:54','Active'),(302,3,84,3,NULL,'2016-07-04 20:07:54','2016-07-04 15:29:54','Active'),(303,3,85,3,NULL,'2016-07-04 20:07:54','2016-07-04 15:29:54','Active'),(304,3,86,3,NULL,'2016-07-04 20:07:54','2016-07-04 15:29:54','Active'),(305,3,87,3,NULL,'2016-07-04 20:07:54','2016-07-04 15:29:54','Active'),(306,3,88,3,NULL,'2016-07-04 20:07:54','2016-07-04 15:29:54','Active'),(307,3,89,8,NULL,'2016-07-04 20:07:54','2016-07-04 15:29:54','Active'),(308,3,90,3,NULL,'2016-07-04 20:07:54','2016-07-04 15:29:54','Active'),(309,3,102,3,NULL,'2016-07-04 20:07:54','2016-07-04 15:29:54','Active'),(310,3,91,3,NULL,'2016-07-04 20:07:54','2016-07-04 15:29:54','Active'),(311,3,92,3,NULL,'2016-07-04 20:07:54','2016-07-04 15:29:54','Active'),(312,3,93,3,NULL,'2016-07-04 20:07:54','2016-07-04 15:29:54','Active'),(313,3,94,3,NULL,'2016-07-04 20:07:54','2016-07-04 15:29:54','Active'),(314,3,98,3,NULL,'2016-07-04 20:07:54','2016-07-04 15:29:54','Active'),(315,3,95,3,NULL,'2016-07-04 20:07:54','2016-07-04 15:29:54','Active'),(316,3,96,3,NULL,'2016-07-04 20:07:54','2016-07-04 15:29:54','Active'),(317,3,97,3,NULL,'2016-07-04 20:07:54','2016-07-04 15:29:54','Active'),(318,3,99,3,NULL,'2016-07-04 20:07:54','2016-07-04 15:29:54','Active'),(319,3,100,3,NULL,'2016-07-04 20:07:54','2016-07-04 15:29:54','Active'),(320,3,101,8,NULL,'2016-07-04 20:07:54','2016-07-04 15:29:54','Active'),(321,3,103,3,NULL,'2016-07-04 20:07:54','2016-07-04 15:29:54','Active'),(322,3,104,6,NULL,'2016-07-04 20:07:54','2016-07-04 15:29:54','Active'),(323,3,105,3,NULL,'2016-07-04 20:07:54','2016-07-04 15:29:54','Active'),(324,3,106,3,NULL,'2016-07-04 20:07:54','2016-07-04 15:29:54','Active'),(325,3,107,3,NULL,'2016-07-04 20:07:54','2016-07-04 15:29:54','Active'),(326,3,108,3,NULL,'2016-07-04 20:07:54','2016-07-04 15:29:54','Active'),(327,3,109,3,NULL,'2016-07-04 20:07:54','2016-07-04 15:29:54','Active'),(328,3,111,6,NULL,'2016-07-04 20:07:54','2016-07-04 15:29:54','Active'),(329,3,110,3,NULL,'2016-07-04 20:07:54','2016-07-04 15:29:54','Active'),(330,3,112,3,NULL,'2016-07-04 20:07:54','2016-07-04 15:29:54','Active'),(331,3,113,3,NULL,'2016-07-04 20:07:54','2016-07-04 15:29:54','Active'),(332,3,114,6,NULL,'2016-07-04 20:07:54','2016-07-04 15:29:54','Active'),(333,3,115,3,NULL,'2016-07-04 20:07:54','2016-07-04 15:29:54','Active'),(334,4,1,7,NULL,'2016-07-04 20:07:18','2016-07-04 15:30:18','Active'),(335,4,2,1,NULL,'2016-07-04 20:07:18','2016-07-04 15:30:18','Active'),(336,4,3,6,NULL,'2016-07-04 20:07:18','2016-07-04 15:30:18','Active'),(337,4,4,7,NULL,'2016-07-04 20:07:18','2016-07-04 15:30:18','Active'),(338,4,5,3,NULL,'2016-07-04 20:07:18','2016-07-04 15:30:18','Active'),(339,4,8,5,NULL,'2016-07-04 20:07:18','2016-07-04 15:30:18','Active'),(340,4,9,3,NULL,'2016-07-04 20:07:18','2016-07-04 15:30:18','Active'),(341,4,10,1,NULL,'2016-07-04 20:07:18','2016-07-04 15:30:18','Active'),(342,4,11,3,NULL,'2016-07-04 20:07:18','2016-07-04 15:30:18','Active'),(343,4,12,3,NULL,'2016-07-04 20:07:18','2016-07-04 15:30:18','Active'),(344,4,13,3,NULL,'2016-07-04 20:07:18','2016-07-04 15:30:18','Active'),(345,4,14,3,NULL,'2016-07-04 20:07:18','2016-07-04 15:30:18','Active'),(346,4,15,3,NULL,'2016-07-04 20:07:18','2016-07-04 15:30:18','Active'),(347,4,16,3,NULL,'2016-07-04 20:07:18','2016-07-04 15:30:18','Active'),(348,4,17,3,NULL,'2016-07-04 20:07:18','2016-07-04 15:30:18','Active'),(349,4,18,3,NULL,'2016-07-04 20:07:18','2016-07-04 15:30:18','Active'),(350,4,19,3,NULL,'2016-07-04 20:07:18','2016-07-04 15:30:18','Active'),(351,4,20,3,NULL,'2016-07-04 20:07:18','2016-07-04 15:30:18','Active'),(352,4,21,3,NULL,'2016-07-04 20:07:18','2016-07-04 15:30:18','Active'),(353,4,22,3,NULL,'2016-07-04 20:07:18','2016-07-04 15:30:18','Active'),(354,4,23,3,NULL,'2016-07-04 20:07:18','2016-07-04 15:30:18','Active'),(355,4,24,3,NULL,'2016-07-04 20:07:18','2016-07-04 15:30:18','Active'),(356,4,25,3,NULL,'2016-07-04 20:07:18','2016-07-04 15:30:18','Active'),(357,4,26,3,NULL,'2016-07-04 20:07:18','2016-07-04 15:30:18','Active'),(358,4,27,3,NULL,'2016-07-04 20:07:18','2016-07-04 15:30:18','Active'),(359,4,28,3,NULL,'2016-07-04 20:07:18','2016-07-04 15:30:18','Active'),(360,4,29,6,NULL,'2016-07-04 20:07:18','2016-07-04 15:30:18','Active'),(361,4,30,3,NULL,'2016-07-04 20:07:18','2016-07-04 15:30:18','Active'),(362,4,31,3,NULL,'2016-07-04 20:07:18','2016-07-04 15:30:18','Active'),(363,4,32,6,NULL,'2016-07-04 20:07:18','2016-07-04 15:30:18','Active'),(364,4,33,3,NULL,'2016-07-04 20:07:18','2016-07-04 15:30:18','Active'),(365,4,34,3,NULL,'2016-07-04 20:07:18','2016-07-04 15:30:18','Active'),(366,4,35,3,NULL,'2016-07-04 20:07:18','2016-07-04 15:30:18','Active'),(367,4,36,3,NULL,'2016-07-04 20:07:18','2016-07-04 15:30:18','Active'),(368,4,37,3,NULL,'2016-07-04 20:07:18','2016-07-04 15:30:18','Active'),(369,4,38,3,NULL,'2016-07-04 20:07:18','2016-07-04 15:30:18','Active'),(370,4,39,3,NULL,'2016-07-04 20:07:18','2016-07-04 15:30:18','Active'),(371,4,40,3,NULL,'2016-07-04 20:07:18','2016-07-04 15:30:18','Active'),(372,4,41,8,NULL,'2016-07-04 20:07:18','2016-07-04 15:30:18','Active'),(373,4,42,3,NULL,'2016-07-04 20:07:18','2016-07-04 15:30:18','Active'),(374,4,43,3,NULL,'2016-07-04 20:07:18','2016-07-04 15:30:18','Active'),(375,4,44,3,NULL,'2016-07-04 20:07:18','2016-07-04 15:30:18','Active'),(376,4,45,3,NULL,'2016-07-04 20:07:18','2016-07-04 15:30:18','Active'),(377,4,46,3,NULL,'2016-07-04 20:07:18','2016-07-04 15:30:18','Active'),(378,4,47,3,NULL,'2016-07-04 20:07:18','2016-07-04 15:30:18','Active'),(379,4,48,3,NULL,'2016-07-04 20:07:18','2016-07-04 15:30:18','Active'),(380,4,49,3,NULL,'2016-07-04 20:07:18','2016-07-04 15:30:18','Active'),(381,4,50,3,NULL,'2016-07-04 20:07:18','2016-07-04 15:30:18','Active'),(382,4,51,3,NULL,'2016-07-04 20:07:18','2016-07-04 15:30:18','Active'),(383,4,52,3,NULL,'2016-07-04 20:07:18','2016-07-04 15:30:18','Active'),(384,4,53,3,NULL,'2016-07-04 20:07:18','2016-07-04 15:30:18','Active'),(385,4,54,3,NULL,'2016-07-04 20:07:18','2016-07-04 15:30:18','Active'),(386,4,55,6,NULL,'2016-07-04 20:07:18','2016-07-04 15:30:18','Active'),(387,4,56,3,NULL,'2016-07-04 20:07:18','2016-07-04 15:30:18','Active'),(388,4,57,3,NULL,'2016-07-04 20:07:18','2016-07-04 15:30:18','Active'),(389,4,75,3,NULL,'2016-07-04 20:07:18','2016-07-04 15:30:18','Active'),(390,4,58,3,NULL,'2016-07-04 20:07:18','2016-07-04 15:30:18','Active'),(391,4,59,3,NULL,'2016-07-04 20:07:18','2016-07-04 15:30:18','Active'),(392,4,60,3,NULL,'2016-07-04 20:07:18','2016-07-04 15:30:18','Active'),(393,4,61,3,NULL,'2016-07-04 20:07:18','2016-07-04 15:30:18','Active'),(394,4,62,3,NULL,'2016-07-04 20:07:18','2016-07-04 15:30:18','Active'),(395,4,63,3,NULL,'2016-07-04 20:07:18','2016-07-04 15:30:18','Active'),(396,4,64,3,NULL,'2016-07-04 20:07:18','2016-07-04 15:30:18','Active'),(397,4,65,3,NULL,'2016-07-04 20:07:18','2016-07-04 15:30:18','Active'),(398,4,66,3,NULL,'2016-07-04 20:07:18','2016-07-04 15:30:18','Active'),(399,4,67,3,NULL,'2016-07-04 20:07:18','2016-07-04 15:30:18','Active'),(400,4,68,3,NULL,'2016-07-04 20:07:18','2016-07-04 15:30:18','Active'),(401,4,69,3,NULL,'2016-07-04 20:07:18','2016-07-04 15:30:18','Active'),(402,4,70,3,NULL,'2016-07-04 20:07:18','2016-07-04 15:30:18','Active'),(403,4,71,3,NULL,'2016-07-04 20:07:18','2016-07-04 15:30:18','Active'),(404,4,72,3,NULL,'2016-07-04 20:07:18','2016-07-04 15:30:18','Active'),(405,4,73,3,NULL,'2016-07-04 20:07:18','2016-07-04 15:30:18','Active'),(406,4,74,3,NULL,'2016-07-04 20:07:18','2016-07-04 15:30:18','Active'),(407,4,76,3,NULL,'2016-07-04 20:07:18','2016-07-04 15:30:18','Active'),(408,4,77,3,NULL,'2016-07-04 20:07:18','2016-07-04 15:30:18','Active'),(409,4,78,3,NULL,'2016-07-04 20:07:18','2016-07-04 15:30:18','Active'),(410,4,79,3,NULL,'2016-07-04 20:07:18','2016-07-04 15:30:18','Active'),(411,4,81,3,NULL,'2016-07-04 20:07:18','2016-07-04 15:30:18','Active'),(412,4,80,3,NULL,'2016-07-04 20:07:18','2016-07-04 15:30:18','Active'),(413,4,82,3,NULL,'2016-07-04 20:07:18','2016-07-04 15:30:18','Active'),(414,4,83,3,NULL,'2016-07-04 20:07:18','2016-07-04 15:30:18','Active'),(415,4,84,3,NULL,'2016-07-04 20:07:18','2016-07-04 15:30:18','Active'),(416,4,85,3,NULL,'2016-07-04 20:07:18','2016-07-04 15:30:18','Active'),(417,4,86,3,NULL,'2016-07-04 20:07:18','2016-07-04 15:30:18','Active'),(418,4,87,3,NULL,'2016-07-04 20:07:18','2016-07-04 15:30:18','Active'),(419,4,88,3,NULL,'2016-07-04 20:07:18','2016-07-04 15:30:18','Active'),(420,4,89,8,NULL,'2016-07-04 20:07:18','2016-07-04 15:30:18','Active'),(421,4,90,3,NULL,'2016-07-04 20:07:18','2016-07-04 15:30:18','Active'),(422,4,102,3,NULL,'2016-07-04 20:07:18','2016-07-04 15:30:18','Active'),(423,4,91,3,NULL,'2016-07-04 20:07:18','2016-07-04 15:30:18','Active'),(424,4,92,3,NULL,'2016-07-04 20:07:18','2016-07-04 15:30:18','Active'),(425,4,93,3,NULL,'2016-07-04 20:07:18','2016-07-04 15:30:18','Active'),(426,4,94,3,NULL,'2016-07-04 20:07:18','2016-07-04 15:30:18','Active'),(427,4,98,3,NULL,'2016-07-04 20:07:18','2016-07-04 15:30:18','Active'),(428,4,95,3,NULL,'2016-07-04 20:07:18','2016-07-04 15:30:18','Active'),(429,4,96,3,NULL,'2016-07-04 20:07:18','2016-07-04 15:30:18','Active'),(430,4,97,3,NULL,'2016-07-04 20:07:18','2016-07-04 15:30:18','Active'),(431,4,99,3,NULL,'2016-07-04 20:07:18','2016-07-04 15:30:18','Active'),(432,4,100,3,NULL,'2016-07-04 20:07:18','2016-07-04 15:30:18','Active'),(433,4,101,8,NULL,'2016-07-04 20:07:18','2016-07-04 15:30:18','Active'),(434,4,103,3,NULL,'2016-07-04 20:07:18','2016-07-04 15:30:18','Active'),(435,4,104,6,NULL,'2016-07-04 20:07:18','2016-07-04 15:30:18','Active'),(436,4,105,3,NULL,'2016-07-04 20:07:18','2016-07-04 15:30:18','Active'),(437,4,106,3,NULL,'2016-07-04 20:07:18','2016-07-04 15:30:18','Active'),(438,4,107,3,NULL,'2016-07-04 20:07:18','2016-07-04 15:30:18','Active'),(439,4,108,3,NULL,'2016-07-04 20:07:18','2016-07-04 15:30:18','Active'),(440,4,109,3,NULL,'2016-07-04 20:07:18','2016-07-04 15:30:18','Active'),(441,4,111,6,NULL,'2016-07-04 20:07:18','2016-07-04 15:30:18','Active'),(442,4,110,3,NULL,'2016-07-04 20:07:18','2016-07-04 15:30:18','Active'),(443,4,112,3,NULL,'2016-07-04 20:07:18','2016-07-04 15:30:18','Active'),(444,4,113,3,NULL,'2016-07-04 20:07:18','2016-07-04 15:30:18','Active'),(445,4,114,6,NULL,'2016-07-04 20:07:18','2016-07-04 15:30:18','Active'),(446,4,115,3,NULL,'2016-07-04 20:07:18','2016-07-04 15:30:18','Active'),(447,5,1,7,NULL,'2016-07-04 20:07:02','2016-07-04 15:31:02','Active'),(448,5,2,1,NULL,'2016-07-04 20:07:02','2016-07-04 15:31:02','Active'),(449,5,3,6,NULL,'2016-07-04 20:07:02','2016-07-04 15:31:02','Active'),(450,5,4,7,NULL,'2016-07-04 20:07:02','2016-07-04 15:31:02','Active'),(451,5,5,3,NULL,'2016-07-04 20:07:02','2016-07-04 15:31:02','Active'),(452,5,8,5,NULL,'2016-07-04 20:07:02','2016-07-04 15:31:02','Active'),(453,5,9,3,NULL,'2016-07-04 20:07:02','2016-07-04 15:31:02','Active'),(454,5,10,1,NULL,'2016-07-04 20:07:02','2016-07-04 15:31:02','Active'),(455,5,11,3,NULL,'2016-07-04 20:07:02','2016-07-04 15:31:02','Active'),(456,5,12,3,NULL,'2016-07-04 20:07:02','2016-07-04 15:31:02','Active'),(457,5,13,3,NULL,'2016-07-04 20:07:02','2016-07-04 15:31:02','Active'),(458,5,14,3,NULL,'2016-07-04 20:07:02','2016-07-04 15:31:02','Active'),(459,5,15,3,NULL,'2016-07-04 20:07:02','2016-07-04 15:31:02','Active'),(460,5,16,3,NULL,'2016-07-04 20:07:02','2016-07-04 15:31:02','Active'),(461,5,17,3,NULL,'2016-07-04 20:07:02','2016-07-04 15:31:02','Active'),(462,5,18,3,NULL,'2016-07-04 20:07:02','2016-07-04 15:31:02','Active'),(463,5,19,3,NULL,'2016-07-04 20:07:02','2016-07-04 15:31:02','Active'),(464,5,20,3,NULL,'2016-07-04 20:07:02','2016-07-04 15:31:02','Active'),(465,5,21,3,NULL,'2016-07-04 20:07:02','2016-07-04 15:31:02','Active'),(466,5,22,3,NULL,'2016-07-04 20:07:02','2016-07-04 15:31:02','Active'),(467,5,23,3,NULL,'2016-07-04 20:07:02','2016-07-04 15:31:02','Active'),(468,5,24,3,NULL,'2016-07-04 20:07:02','2016-07-04 15:31:02','Active'),(469,5,25,3,NULL,'2016-07-04 20:07:02','2016-07-04 15:31:02','Active'),(470,5,26,3,NULL,'2016-07-04 20:07:02','2016-07-04 15:31:02','Active'),(471,5,27,3,NULL,'2016-07-04 20:07:02','2016-07-04 15:31:02','Active'),(472,5,28,3,NULL,'2016-07-04 20:07:02','2016-07-04 15:31:02','Active'),(473,5,29,6,NULL,'2016-07-04 20:07:02','2016-07-04 15:31:02','Active'),(474,5,30,3,NULL,'2016-07-04 20:07:02','2016-07-04 15:31:02','Active'),(475,5,31,3,NULL,'2016-07-04 20:07:02','2016-07-04 15:31:02','Active'),(476,5,32,6,NULL,'2016-07-04 20:07:02','2016-07-04 15:31:02','Active'),(477,5,33,3,NULL,'2016-07-04 20:07:02','2016-07-04 15:31:02','Active'),(478,5,34,3,NULL,'2016-07-04 20:07:02','2016-07-04 15:31:02','Active'),(479,5,35,3,NULL,'2016-07-04 20:07:02','2016-07-04 15:31:02','Active'),(480,5,36,3,NULL,'2016-07-04 20:07:02','2016-07-04 15:31:02','Active'),(481,5,37,3,NULL,'2016-07-04 20:07:02','2016-07-04 15:31:02','Active'),(482,5,38,3,NULL,'2016-07-04 20:07:02','2016-07-04 15:31:02','Active'),(483,5,39,3,NULL,'2016-07-04 20:07:02','2016-07-04 15:31:02','Active'),(484,5,40,3,NULL,'2016-07-04 20:07:02','2016-07-04 15:31:02','Active'),(485,5,41,8,NULL,'2016-07-04 20:07:02','2016-07-04 15:31:02','Active'),(486,5,42,3,NULL,'2016-07-04 20:07:02','2016-07-04 15:31:02','Active'),(487,5,43,3,NULL,'2016-07-04 20:07:02','2016-07-04 15:31:02','Active'),(488,5,44,3,NULL,'2016-07-04 20:07:02','2016-07-04 15:31:02','Active'),(489,5,45,3,NULL,'2016-07-04 20:07:02','2016-07-04 15:31:02','Active'),(490,5,46,3,NULL,'2016-07-04 20:07:02','2016-07-04 15:31:02','Active'),(491,5,47,3,NULL,'2016-07-04 20:07:02','2016-07-04 15:31:02','Active'),(492,5,48,3,NULL,'2016-07-04 20:07:02','2016-07-04 15:31:02','Active'),(493,5,49,3,NULL,'2016-07-04 20:07:02','2016-07-04 15:31:02','Active'),(494,5,50,3,NULL,'2016-07-04 20:07:02','2016-07-04 15:31:02','Active'),(495,5,51,3,NULL,'2016-07-04 20:07:02','2016-07-04 15:31:02','Active'),(496,5,52,3,NULL,'2016-07-04 20:07:02','2016-07-04 15:31:02','Active'),(497,5,53,3,NULL,'2016-07-04 20:07:02','2016-07-04 15:31:02','Active'),(498,5,54,3,NULL,'2016-07-04 20:07:02','2016-07-04 15:31:02','Active'),(499,5,55,6,NULL,'2016-07-04 20:07:02','2016-07-04 15:31:02','Active'),(500,5,56,3,NULL,'2016-07-04 20:07:02','2016-07-04 15:31:02','Active'),(501,5,57,3,NULL,'2016-07-04 20:07:02','2016-07-04 15:31:02','Active'),(502,5,75,3,NULL,'2016-07-04 20:07:02','2016-07-04 15:31:02','Active'),(503,5,58,3,NULL,'2016-07-04 20:07:02','2016-07-04 15:31:02','Active'),(504,5,59,3,NULL,'2016-07-04 20:07:02','2016-07-04 15:31:02','Active'),(505,5,60,3,NULL,'2016-07-04 20:07:02','2016-07-04 15:31:02','Active'),(506,5,61,3,NULL,'2016-07-04 20:07:02','2016-07-04 15:31:02','Active'),(507,5,62,3,NULL,'2016-07-04 20:07:02','2016-07-04 15:31:02','Active'),(508,5,63,3,NULL,'2016-07-04 20:07:02','2016-07-04 15:31:02','Active'),(509,5,64,3,NULL,'2016-07-04 20:07:02','2016-07-04 15:31:02','Active'),(510,5,65,3,NULL,'2016-07-04 20:07:02','2016-07-04 15:31:02','Active'),(511,5,66,3,NULL,'2016-07-04 20:07:02','2016-07-04 15:31:02','Active'),(512,5,67,3,NULL,'2016-07-04 20:07:02','2016-07-04 15:31:02','Active'),(513,5,68,3,NULL,'2016-07-04 20:07:02','2016-07-04 15:31:02','Active'),(514,5,69,3,NULL,'2016-07-04 20:07:02','2016-07-04 15:31:02','Active'),(515,5,70,3,NULL,'2016-07-04 20:07:02','2016-07-04 15:31:02','Active'),(516,5,71,3,NULL,'2016-07-04 20:07:02','2016-07-04 15:31:02','Active'),(517,5,72,3,NULL,'2016-07-04 20:07:02','2016-07-04 15:31:02','Active'),(518,5,73,3,NULL,'2016-07-04 20:07:02','2016-07-04 15:31:02','Active'),(519,5,74,3,NULL,'2016-07-04 20:07:02','2016-07-04 15:31:02','Active'),(520,5,76,3,NULL,'2016-07-04 20:07:02','2016-07-04 15:31:02','Active'),(521,5,77,3,NULL,'2016-07-04 20:07:02','2016-07-04 15:31:02','Active'),(522,5,78,3,NULL,'2016-07-04 20:07:02','2016-07-04 15:31:02','Active'),(523,5,79,3,NULL,'2016-07-04 20:07:02','2016-07-04 15:31:02','Active'),(524,5,81,3,NULL,'2016-07-04 20:07:02','2016-07-04 15:31:02','Active'),(525,5,80,3,NULL,'2016-07-04 20:07:02','2016-07-04 15:31:02','Active'),(526,5,82,3,NULL,'2016-07-04 20:07:02','2016-07-04 15:31:02','Active'),(527,5,83,3,NULL,'2016-07-04 20:07:02','2016-07-04 15:31:02','Active'),(528,5,84,3,NULL,'2016-07-04 20:07:02','2016-07-04 15:31:02','Active'),(529,5,85,3,NULL,'2016-07-04 20:07:02','2016-07-04 15:31:02','Active'),(530,5,86,3,NULL,'2016-07-04 20:07:02','2016-07-04 15:31:02','Active'),(531,5,87,3,NULL,'2016-07-04 20:07:02','2016-07-04 15:31:02','Active'),(532,5,88,3,NULL,'2016-07-04 20:07:02','2016-07-04 15:31:02','Active'),(533,5,89,8,NULL,'2016-07-04 20:07:02','2016-07-04 15:31:02','Active'),(534,5,90,3,NULL,'2016-07-04 20:07:02','2016-07-04 15:31:02','Active'),(535,5,102,3,NULL,'2016-07-04 20:07:02','2016-07-04 15:31:02','Active'),(536,5,91,3,NULL,'2016-07-04 20:07:02','2016-07-04 15:31:02','Active'),(537,5,92,3,NULL,'2016-07-04 20:07:02','2016-07-04 15:31:02','Active'),(538,5,93,3,NULL,'2016-07-04 20:07:02','2016-07-04 15:31:02','Active'),(539,5,94,3,NULL,'2016-07-04 20:07:02','2016-07-04 15:31:02','Active'),(540,5,98,3,NULL,'2016-07-04 20:07:02','2016-07-04 15:31:02','Active'),(541,5,95,3,NULL,'2016-07-04 20:07:02','2016-07-04 15:31:02','Active'),(542,5,96,3,NULL,'2016-07-04 20:07:02','2016-07-04 15:31:02','Active'),(543,5,97,3,NULL,'2016-07-04 20:07:02','2016-07-04 15:31:02','Active'),(544,5,99,3,NULL,'2016-07-04 20:07:02','2016-07-04 15:31:02','Active'),(545,5,100,3,NULL,'2016-07-04 20:07:02','2016-07-04 15:31:02','Active'),(546,5,101,8,NULL,'2016-07-04 20:07:02','2016-07-04 15:31:02','Active'),(547,5,103,3,NULL,'2016-07-04 20:07:02','2016-07-04 15:31:02','Active'),(548,5,104,6,NULL,'2016-07-04 20:07:02','2016-07-04 15:31:02','Active'),(549,5,105,3,NULL,'2016-07-04 20:07:02','2016-07-04 15:31:02','Active'),(550,5,106,3,NULL,'2016-07-04 20:07:02','2016-07-04 15:31:02','Active'),(551,5,107,3,NULL,'2016-07-04 20:07:02','2016-07-04 15:31:02','Active'),(552,5,108,3,NULL,'2016-07-04 20:07:02','2016-07-04 15:31:02','Active'),(553,5,109,3,NULL,'2016-07-04 20:07:02','2016-07-04 15:31:02','Active'),(554,5,111,6,NULL,'2016-07-04 20:07:02','2016-07-04 15:31:02','Active'),(555,5,110,3,NULL,'2016-07-04 20:07:02','2016-07-04 15:31:02','Active'),(556,5,112,3,NULL,'2016-07-04 20:07:02','2016-07-04 15:31:02','Active'),(557,5,113,3,NULL,'2016-07-04 20:07:02','2016-07-04 15:31:02','Active'),(558,5,114,6,NULL,'2016-07-04 20:07:02','2016-07-04 15:31:02','Active'),(559,5,115,3,NULL,'2016-07-04 20:07:02','2016-07-04 15:31:02','Active'),(560,6,1,7,NULL,'2016-07-04 20:07:17','2016-07-04 15:31:17','Active'),(561,6,2,1,NULL,'2016-07-04 20:07:17','2016-07-04 15:31:17','Active'),(562,6,3,6,NULL,'2016-07-04 20:07:17','2016-07-04 15:31:17','Active'),(563,6,4,7,NULL,'2016-07-04 20:07:17','2016-07-04 15:31:17','Active'),(564,6,5,3,NULL,'2016-07-04 20:07:17','2016-07-04 15:31:17','Active'),(565,6,8,5,NULL,'2016-07-04 20:07:17','2016-07-04 15:31:17','Active'),(566,6,9,3,NULL,'2016-07-04 20:07:17','2016-07-04 15:31:17','Active'),(567,6,10,1,NULL,'2016-07-04 20:07:17','2016-07-04 15:31:17','Active'),(568,6,11,3,NULL,'2016-07-04 20:07:17','2016-07-04 15:31:17','Active'),(569,6,12,3,NULL,'2016-07-04 20:07:17','2016-07-04 15:31:17','Active'),(570,6,13,3,NULL,'2016-07-04 20:07:17','2016-07-04 15:31:17','Active'),(571,6,14,3,NULL,'2016-07-04 20:07:17','2016-07-04 15:31:17','Active'),(572,6,15,3,NULL,'2016-07-04 20:07:17','2016-07-04 15:31:17','Active'),(573,6,16,3,NULL,'2016-07-04 20:07:17','2016-07-04 15:31:17','Active'),(574,6,17,3,NULL,'2016-07-04 20:07:17','2016-07-04 15:31:17','Active'),(575,6,18,3,NULL,'2016-07-04 20:07:17','2016-07-04 15:31:17','Active'),(576,6,19,3,NULL,'2016-07-04 20:07:17','2016-07-04 15:31:17','Active'),(577,6,20,3,NULL,'2016-07-04 20:07:17','2016-07-04 15:31:17','Active'),(578,6,21,3,NULL,'2016-07-04 20:07:17','2016-07-04 15:31:17','Active'),(579,6,22,3,NULL,'2016-07-04 20:07:17','2016-07-04 15:31:17','Active'),(580,6,23,3,NULL,'2016-07-04 20:07:17','2016-07-04 15:31:17','Active'),(581,6,24,3,NULL,'2016-07-04 20:07:17','2016-07-04 15:31:17','Active'),(582,6,25,3,NULL,'2016-07-04 20:07:17','2016-07-04 15:31:17','Active'),(583,6,26,3,NULL,'2016-07-04 20:07:17','2016-07-04 15:31:17','Active'),(584,6,27,3,NULL,'2016-07-04 20:07:17','2016-07-04 15:31:17','Active'),(585,6,28,3,NULL,'2016-07-04 20:07:17','2016-07-04 15:31:17','Active'),(586,6,29,6,NULL,'2016-07-04 20:07:17','2016-07-04 15:31:17','Active'),(587,6,30,3,NULL,'2016-07-04 20:07:17','2016-07-04 15:31:17','Active'),(588,6,31,3,NULL,'2016-07-04 20:07:17','2016-07-04 15:31:17','Active'),(589,6,32,6,NULL,'2016-07-04 20:07:17','2016-07-04 15:31:17','Active'),(590,6,33,3,NULL,'2016-07-04 20:07:17','2016-07-04 15:31:17','Active'),(591,6,34,3,NULL,'2016-07-04 20:07:17','2016-07-04 15:31:17','Active'),(592,6,35,3,NULL,'2016-07-04 20:07:17','2016-07-04 15:31:17','Active'),(593,6,36,3,NULL,'2016-07-04 20:07:17','2016-07-04 15:31:17','Active'),(594,6,37,3,NULL,'2016-07-04 20:07:17','2016-07-04 15:31:17','Active'),(595,6,38,3,NULL,'2016-07-04 20:07:17','2016-07-04 15:31:17','Active'),(596,6,39,3,NULL,'2016-07-04 20:07:17','2016-07-04 15:31:17','Active'),(597,6,40,3,NULL,'2016-07-04 20:07:17','2016-07-04 15:31:17','Active'),(598,6,41,8,NULL,'2016-07-04 20:07:17','2016-07-04 15:31:17','Active'),(599,6,42,3,NULL,'2016-07-04 20:07:17','2016-07-04 15:31:17','Active'),(600,6,43,3,NULL,'2016-07-04 20:07:17','2016-07-04 15:31:17','Active'),(601,6,44,3,NULL,'2016-07-04 20:07:17','2016-07-04 15:31:17','Active'),(602,6,45,3,NULL,'2016-07-04 20:07:17','2016-07-04 15:31:17','Active'),(603,6,46,3,NULL,'2016-07-04 20:07:17','2016-07-04 15:31:17','Active'),(604,6,47,3,NULL,'2016-07-04 20:07:17','2016-07-04 15:31:17','Active'),(605,6,48,3,NULL,'2016-07-04 20:07:17','2016-07-04 15:31:17','Active'),(606,6,49,3,NULL,'2016-07-04 20:07:17','2016-07-04 15:31:17','Active'),(607,6,50,3,NULL,'2016-07-04 20:07:17','2016-07-04 15:31:17','Active'),(608,6,51,3,NULL,'2016-07-04 20:07:17','2016-07-04 15:31:17','Active'),(609,6,52,3,NULL,'2016-07-04 20:07:17','2016-07-04 15:31:17','Active'),(610,6,53,3,NULL,'2016-07-04 20:07:17','2016-07-04 15:31:17','Active'),(611,6,54,3,NULL,'2016-07-04 20:07:17','2016-07-04 15:31:17','Active'),(612,6,55,6,NULL,'2016-07-04 20:07:17','2016-07-04 15:31:17','Active'),(613,6,56,3,NULL,'2016-07-04 20:07:17','2016-07-04 15:31:17','Active'),(614,6,57,3,NULL,'2016-07-04 20:07:17','2016-07-04 15:31:17','Active'),(615,6,75,3,NULL,'2016-07-04 20:07:17','2016-07-04 15:31:17','Active'),(616,6,58,3,NULL,'2016-07-04 20:07:17','2016-07-04 15:31:17','Active'),(617,6,59,3,NULL,'2016-07-04 20:07:17','2016-07-04 15:31:17','Active'),(618,6,60,3,NULL,'2016-07-04 20:07:17','2016-07-04 15:31:17','Active'),(619,6,61,3,NULL,'2016-07-04 20:07:17','2016-07-04 15:31:17','Active'),(620,6,62,3,NULL,'2016-07-04 20:07:17','2016-07-04 15:31:17','Active'),(621,6,63,3,NULL,'2016-07-04 20:07:17','2016-07-04 15:31:17','Active'),(622,6,64,3,NULL,'2016-07-04 20:07:17','2016-07-04 15:31:17','Active'),(623,6,65,3,NULL,'2016-07-04 20:07:17','2016-07-04 15:31:17','Active'),(624,6,66,3,NULL,'2016-07-04 20:07:17','2016-07-04 15:31:17','Active'),(625,6,67,3,NULL,'2016-07-04 20:07:17','2016-07-04 15:31:17','Active'),(626,6,68,3,NULL,'2016-07-04 20:07:17','2016-07-04 15:31:17','Active'),(627,6,69,3,NULL,'2016-07-04 20:07:17','2016-07-04 15:31:17','Active'),(628,6,70,3,NULL,'2016-07-04 20:07:17','2016-07-04 15:31:17','Active'),(629,6,71,3,NULL,'2016-07-04 20:07:17','2016-07-04 15:31:17','Active'),(630,6,72,3,NULL,'2016-07-04 20:07:17','2016-07-04 15:31:17','Active'),(631,6,73,3,NULL,'2016-07-04 20:07:17','2016-07-04 15:31:17','Active'),(632,6,74,3,NULL,'2016-07-04 20:07:17','2016-07-04 15:31:17','Active'),(633,6,76,3,NULL,'2016-07-04 20:07:17','2016-07-04 15:31:17','Active'),(634,6,77,3,NULL,'2016-07-04 20:07:17','2016-07-04 15:31:17','Active'),(635,6,78,3,NULL,'2016-07-04 20:07:17','2016-07-04 15:31:17','Active'),(636,6,79,3,NULL,'2016-07-04 20:07:17','2016-07-04 15:31:17','Active'),(637,6,81,3,NULL,'2016-07-04 20:07:17','2016-07-04 15:31:17','Active'),(638,6,80,3,NULL,'2016-07-04 20:07:17','2016-07-04 15:31:17','Active'),(639,6,82,3,NULL,'2016-07-04 20:07:17','2016-07-04 15:31:17','Active'),(640,6,83,3,NULL,'2016-07-04 20:07:17','2016-07-04 15:31:17','Active'),(641,6,84,3,NULL,'2016-07-04 20:07:17','2016-07-04 15:31:17','Active'),(642,6,85,3,NULL,'2016-07-04 20:07:17','2016-07-04 15:31:17','Active'),(643,6,86,3,NULL,'2016-07-04 20:07:17','2016-07-04 15:31:17','Active'),(644,6,87,3,NULL,'2016-07-04 20:07:17','2016-07-04 15:31:17','Active'),(645,6,88,3,NULL,'2016-07-04 20:07:17','2016-07-04 15:31:17','Active'),(646,6,89,8,NULL,'2016-07-04 20:07:17','2016-07-04 15:31:17','Active'),(647,6,90,3,NULL,'2016-07-04 20:07:17','2016-07-04 15:31:17','Active'),(648,6,102,3,NULL,'2016-07-04 20:07:17','2016-07-04 15:31:17','Active'),(649,6,91,3,NULL,'2016-07-04 20:07:17','2016-07-04 15:31:17','Active'),(650,6,92,3,NULL,'2016-07-04 20:07:17','2016-07-04 15:31:17','Active'),(651,6,93,3,NULL,'2016-07-04 20:07:17','2016-07-04 15:31:17','Active'),(652,6,94,3,NULL,'2016-07-04 20:07:17','2016-07-04 15:31:17','Active'),(653,6,98,3,NULL,'2016-07-04 20:07:17','2016-07-04 15:31:17','Active'),(654,6,95,3,NULL,'2016-07-04 20:07:17','2016-07-04 15:31:17','Active'),(655,6,96,3,NULL,'2016-07-04 20:07:17','2016-07-04 15:31:17','Active'),(656,6,97,3,NULL,'2016-07-04 20:07:17','2016-07-04 15:31:17','Active'),(657,6,99,3,NULL,'2016-07-04 20:07:17','2016-07-04 15:31:17','Active'),(658,6,100,3,NULL,'2016-07-04 20:07:17','2016-07-04 15:31:17','Active'),(659,6,101,8,NULL,'2016-07-04 20:07:17','2016-07-04 15:31:17','Active'),(660,6,103,3,NULL,'2016-07-04 20:07:17','2016-07-04 15:31:17','Active'),(661,6,104,6,NULL,'2016-07-04 20:07:17','2016-07-04 15:31:17','Active'),(662,6,105,3,NULL,'2016-07-04 20:07:17','2016-07-04 15:31:17','Active'),(663,6,106,3,NULL,'2016-07-04 20:07:17','2016-07-04 15:31:17','Active'),(664,6,107,3,NULL,'2016-07-04 20:07:17','2016-07-04 15:31:17','Active'),(665,6,108,3,NULL,'2016-07-04 20:07:17','2016-07-04 15:31:17','Active'),(666,6,109,3,NULL,'2016-07-04 20:07:17','2016-07-04 15:31:17','Active'),(667,6,111,6,NULL,'2016-07-04 20:07:17','2016-07-04 15:31:17','Active'),(668,6,110,3,NULL,'2016-07-04 20:07:17','2016-07-04 15:31:17','Active'),(669,6,112,3,NULL,'2016-07-04 20:07:17','2016-07-04 15:31:17','Active'),(670,6,113,3,NULL,'2016-07-04 20:07:17','2016-07-04 15:31:17','Active'),(671,6,114,6,NULL,'2016-07-04 20:07:17','2016-07-04 15:31:17','Active'),(672,6,115,3,NULL,'2016-07-04 20:07:17','2016-07-04 15:31:17','Active'),(673,7,1,7,NULL,'2016-07-04 20:07:06','2016-07-04 15:59:06','Active'),(674,7,2,1,NULL,'2016-07-04 20:07:06','2016-07-04 15:59:06','Active'),(675,7,3,6,NULL,'2016-07-04 20:07:06','2016-07-04 15:59:06','Active'),(676,7,4,7,NULL,'2016-07-04 20:07:06','2016-07-04 15:59:06','Active'),(677,7,5,3,NULL,'2016-07-04 20:07:06','2016-07-04 15:59:06','Active'),(678,7,8,5,NULL,'2016-07-04 20:07:06','2016-07-04 15:59:06','Active'),(679,7,9,3,NULL,'2016-07-04 20:07:06','2016-07-04 15:59:06','Active'),(680,7,10,1,NULL,'2016-07-04 20:07:06','2016-07-04 15:59:06','Active'),(681,7,11,3,NULL,'2016-07-04 20:07:06','2016-07-04 15:59:06','Active'),(682,7,12,3,NULL,'2016-07-04 20:07:06','2016-07-04 15:59:06','Active'),(683,7,13,3,NULL,'2016-07-04 20:07:06','2016-07-04 15:59:06','Active'),(684,7,14,3,NULL,'2016-07-04 20:07:06','2016-07-04 15:59:06','Active'),(685,7,15,3,NULL,'2016-07-04 20:07:06','2016-07-04 15:59:06','Active'),(686,7,16,3,NULL,'2016-07-04 20:07:06','2016-07-04 15:59:06','Active'),(687,7,17,3,NULL,'2016-07-04 20:07:06','2016-07-04 15:59:06','Active'),(688,7,18,3,NULL,'2016-07-04 20:07:06','2016-07-04 15:59:06','Active'),(689,7,19,3,NULL,'2016-07-04 20:07:06','2016-07-04 15:59:06','Active'),(690,7,20,3,NULL,'2016-07-04 20:07:06','2016-07-04 15:59:06','Active'),(691,7,21,3,NULL,'2016-07-04 20:07:06','2016-07-04 15:59:06','Active'),(692,7,22,3,NULL,'2016-07-04 20:07:06','2016-07-04 15:59:06','Active'),(693,7,23,3,NULL,'2016-07-04 20:07:06','2016-07-04 15:59:06','Active'),(694,7,24,3,NULL,'2016-07-04 20:07:06','2016-07-04 15:59:06','Active'),(695,7,25,3,NULL,'2016-07-04 20:07:06','2016-07-04 15:59:06','Active'),(696,7,26,3,NULL,'2016-07-04 20:07:06','2016-07-04 15:59:06','Active'),(697,7,27,3,NULL,'2016-07-04 20:07:06','2016-07-04 15:59:06','Active'),(698,7,28,3,NULL,'2016-07-04 20:07:06','2016-07-04 15:59:06','Active'),(699,7,29,6,NULL,'2016-07-04 20:07:06','2016-07-04 15:59:06','Active'),(700,7,30,3,NULL,'2016-07-04 20:07:06','2016-07-04 15:59:06','Active'),(701,7,31,3,NULL,'2016-07-04 20:07:06','2016-07-04 15:59:06','Active'),(702,7,32,6,NULL,'2016-07-04 20:07:06','2016-07-04 15:59:06','Active'),(703,7,33,3,NULL,'2016-07-04 20:07:06','2016-07-04 15:59:06','Active'),(704,7,34,3,NULL,'2016-07-04 20:07:06','2016-07-04 15:59:06','Active'),(705,7,35,3,NULL,'2016-07-04 20:07:06','2016-07-04 15:59:06','Active'),(706,7,36,3,NULL,'2016-07-04 20:07:06','2016-07-04 15:59:06','Active'),(707,7,37,3,NULL,'2016-07-04 20:07:06','2016-07-04 15:59:06','Active'),(708,7,38,3,NULL,'2016-07-04 20:07:06','2016-07-04 15:59:06','Active'),(709,7,39,3,NULL,'2016-07-04 20:07:06','2016-07-04 15:59:06','Active'),(710,7,40,3,NULL,'2016-07-04 20:07:06','2016-07-04 15:59:06','Active'),(711,7,41,8,NULL,'2016-07-04 20:07:06','2016-07-04 15:59:06','Active'),(712,7,42,3,NULL,'2016-07-04 20:07:06','2016-07-04 15:59:06','Active'),(713,7,43,3,NULL,'2016-07-04 20:07:06','2016-07-04 15:59:06','Active'),(714,7,44,3,NULL,'2016-07-04 20:07:06','2016-07-04 15:59:06','Active'),(715,7,45,3,NULL,'2016-07-04 20:07:06','2016-07-04 15:59:06','Active'),(716,7,46,3,NULL,'2016-07-04 20:07:06','2016-07-04 15:59:06','Active'),(717,7,47,3,NULL,'2016-07-04 20:07:06','2016-07-04 15:59:06','Active'),(718,7,48,3,NULL,'2016-07-04 20:07:06','2016-07-04 15:59:06','Active'),(719,7,49,3,NULL,'2016-07-04 20:07:06','2016-07-04 15:59:06','Active'),(720,7,50,3,NULL,'2016-07-04 20:07:06','2016-07-04 15:59:06','Active'),(721,7,51,3,NULL,'2016-07-04 20:07:06','2016-07-04 15:59:06','Active'),(722,7,52,3,NULL,'2016-07-04 20:07:06','2016-07-04 15:59:06','Active'),(723,7,53,3,NULL,'2016-07-04 20:07:06','2016-07-04 15:59:06','Active'),(724,7,54,3,NULL,'2016-07-04 20:07:06','2016-07-04 15:59:06','Active'),(725,7,55,6,NULL,'2016-07-04 20:07:06','2016-07-04 15:59:06','Active'),(726,7,56,3,NULL,'2016-07-04 20:07:06','2016-07-04 15:59:06','Active'),(727,7,57,3,NULL,'2016-07-04 20:07:06','2016-07-04 15:59:06','Active'),(728,7,75,3,NULL,'2016-07-04 20:07:06','2016-07-04 15:59:06','Active'),(729,7,58,3,NULL,'2016-07-04 20:07:06','2016-07-04 15:59:06','Active'),(730,7,59,3,NULL,'2016-07-04 20:07:06','2016-07-04 15:59:06','Active'),(731,7,60,3,NULL,'2016-07-04 20:07:06','2016-07-04 15:59:06','Active'),(732,7,61,3,NULL,'2016-07-04 20:07:06','2016-07-04 15:59:06','Active'),(733,7,62,3,NULL,'2016-07-04 20:07:06','2016-07-04 15:59:06','Active'),(734,7,63,3,NULL,'2016-07-04 20:07:06','2016-07-04 15:59:06','Active'),(735,7,64,3,NULL,'2016-07-04 20:07:06','2016-07-04 15:59:06','Active'),(736,7,65,3,NULL,'2016-07-04 20:07:06','2016-07-04 15:59:06','Active'),(737,7,66,3,NULL,'2016-07-04 20:07:06','2016-07-04 15:59:06','Active'),(738,7,67,3,NULL,'2016-07-04 20:07:06','2016-07-04 15:59:06','Active'),(739,7,68,3,NULL,'2016-07-04 20:07:06','2016-07-04 15:59:06','Active'),(740,7,69,3,NULL,'2016-07-04 20:07:06','2016-07-04 15:59:06','Active'),(741,7,70,3,NULL,'2016-07-04 20:07:06','2016-07-04 15:59:06','Active'),(742,7,71,3,NULL,'2016-07-04 20:07:06','2016-07-04 15:59:06','Active'),(743,7,72,3,NULL,'2016-07-04 20:07:06','2016-07-04 15:59:06','Active'),(744,7,73,3,NULL,'2016-07-04 20:07:06','2016-07-04 15:59:06','Active'),(745,7,74,3,NULL,'2016-07-04 20:07:06','2016-07-04 15:59:06','Active'),(746,7,76,3,NULL,'2016-07-04 20:07:06','2016-07-04 15:59:06','Active'),(747,7,77,3,NULL,'2016-07-04 20:07:06','2016-07-04 15:59:06','Active'),(748,7,78,3,NULL,'2016-07-04 20:07:06','2016-07-04 15:59:06','Active'),(749,7,79,3,NULL,'2016-07-04 20:07:06','2016-07-04 15:59:06','Active'),(750,7,81,3,NULL,'2016-07-04 20:07:06','2016-07-04 15:59:06','Active'),(751,7,80,3,NULL,'2016-07-04 20:07:06','2016-07-04 15:59:06','Active'),(752,7,82,3,NULL,'2016-07-04 20:07:06','2016-07-04 15:59:06','Active'),(753,7,83,3,NULL,'2016-07-04 20:07:06','2016-07-04 15:59:06','Active'),(754,7,84,3,NULL,'2016-07-04 20:07:06','2016-07-04 15:59:06','Active'),(755,7,85,3,NULL,'2016-07-04 20:07:06','2016-07-04 15:59:06','Active'),(756,7,86,3,NULL,'2016-07-04 20:07:06','2016-07-04 15:59:06','Active'),(757,7,87,3,NULL,'2016-07-04 20:07:06','2016-07-04 15:59:06','Active'),(758,7,88,3,NULL,'2016-07-04 20:07:06','2016-07-04 15:59:06','Active'),(759,7,89,8,NULL,'2016-07-04 20:07:06','2016-07-04 15:59:06','Active'),(760,7,90,3,NULL,'2016-07-04 20:07:06','2016-07-04 15:59:06','Active'),(761,7,102,3,NULL,'2016-07-04 20:07:06','2016-07-04 15:59:06','Active'),(762,7,91,3,NULL,'2016-07-04 20:07:06','2016-07-04 15:59:06','Active'),(763,7,92,3,NULL,'2016-07-04 20:07:06','2016-07-04 15:59:06','Active'),(764,7,93,3,NULL,'2016-07-04 20:07:06','2016-07-04 15:59:06','Active'),(765,7,94,3,NULL,'2016-07-04 20:07:06','2016-07-04 15:59:06','Active'),(766,7,98,3,NULL,'2016-07-04 20:07:06','2016-07-04 15:59:06','Active'),(767,7,95,3,NULL,'2016-07-04 20:07:06','2016-07-04 15:59:06','Active'),(768,7,96,3,NULL,'2016-07-04 20:07:06','2016-07-04 15:59:06','Active'),(769,7,97,3,NULL,'2016-07-04 20:07:06','2016-07-04 15:59:06','Active'),(770,7,99,3,NULL,'2016-07-04 20:07:06','2016-07-04 15:59:06','Active'),(771,7,100,3,NULL,'2016-07-04 20:07:06','2016-07-04 15:59:06','Active'),(772,7,101,8,NULL,'2016-07-04 20:07:06','2016-07-04 15:59:06','Active'),(773,7,103,3,NULL,'2016-07-04 20:07:06','2016-07-04 15:59:06','Active'),(774,7,104,6,NULL,'2016-07-04 20:07:06','2016-07-04 15:59:06','Active'),(775,7,105,3,NULL,'2016-07-04 20:07:06','2016-07-04 15:59:06','Active'),(776,7,106,3,NULL,'2016-07-04 20:07:06','2016-07-04 15:59:06','Active'),(777,7,107,3,NULL,'2016-07-04 20:07:06','2016-07-04 15:59:06','Active'),(778,7,108,3,NULL,'2016-07-04 20:07:06','2016-07-04 15:59:06','Active'),(779,7,109,3,NULL,'2016-07-04 20:07:06','2016-07-04 15:59:06','Active'),(780,7,111,6,NULL,'2016-07-04 20:07:06','2016-07-04 15:59:06','Active'),(781,7,110,3,NULL,'2016-07-04 20:07:06','2016-07-04 15:59:06','Active'),(782,7,112,3,NULL,'2016-07-04 20:07:06','2016-07-04 15:59:06','Active'),(783,7,113,3,NULL,'2016-07-04 20:07:06','2016-07-04 15:59:06','Active'),(784,7,114,6,NULL,'2016-07-04 20:07:06','2016-07-04 15:59:06','Active'),(785,7,115,3,NULL,'2016-07-04 20:07:06','2016-07-04 15:59:06','Active'),(786,8,1,7,NULL,'2016-07-04 21:07:19','2016-07-04 16:08:19','Active'),(787,8,2,1,NULL,'2016-07-04 21:07:19','2016-07-04 16:08:19','Active'),(788,8,3,6,NULL,'2016-07-04 21:07:19','2016-07-04 16:08:19','Active'),(789,8,4,7,NULL,'2016-07-04 21:07:19','2016-07-04 16:08:19','Active'),(790,8,5,3,NULL,'2016-07-04 21:07:19','2016-07-04 16:08:19','Active'),(791,8,8,5,NULL,'2016-07-04 21:07:19','2016-07-04 16:08:19','Active'),(792,8,9,3,NULL,'2016-07-04 21:07:19','2016-07-04 16:08:19','Active'),(793,8,10,1,NULL,'2016-07-04 21:07:19','2016-07-04 16:08:19','Active'),(794,8,11,3,NULL,'2016-07-04 21:07:19','2016-07-04 16:08:19','Active'),(795,8,12,3,NULL,'2016-07-04 21:07:19','2016-07-04 16:08:19','Active'),(796,8,13,3,NULL,'2016-07-04 21:07:19','2016-07-04 16:08:19','Active'),(797,8,14,3,NULL,'2016-07-04 21:07:19','2016-07-04 16:08:19','Active'),(798,8,15,3,NULL,'2016-07-04 21:07:19','2016-07-04 16:08:19','Active'),(799,8,16,3,NULL,'2016-07-04 21:07:19','2016-07-04 16:08:19','Active'),(800,8,17,3,NULL,'2016-07-04 21:07:19','2016-07-04 16:08:19','Active'),(801,8,18,3,NULL,'2016-07-04 21:07:19','2016-07-04 16:08:19','Active'),(802,8,19,3,NULL,'2016-07-04 21:07:19','2016-07-04 16:08:19','Active'),(803,8,20,3,NULL,'2016-07-04 21:07:19','2016-07-04 16:08:19','Active'),(804,8,21,3,NULL,'2016-07-04 21:07:19','2016-07-04 16:08:19','Active'),(805,8,22,3,NULL,'2016-07-04 21:07:19','2016-07-04 16:08:19','Active'),(806,8,23,3,NULL,'2016-07-04 21:07:19','2016-07-04 16:08:19','Active'),(807,8,24,3,NULL,'2016-07-04 21:07:19','2016-07-04 16:08:19','Active'),(808,8,25,3,NULL,'2016-07-04 21:07:19','2016-07-04 16:08:19','Active'),(809,8,26,3,NULL,'2016-07-04 21:07:19','2016-07-04 16:08:19','Active'),(810,8,27,3,NULL,'2016-07-04 21:07:19','2016-07-04 16:08:19','Active'),(811,8,28,3,NULL,'2016-07-04 21:07:19','2016-07-04 16:08:19','Active'),(812,8,29,6,NULL,'2016-07-04 21:07:19','2016-07-04 16:08:19','Active'),(813,8,30,3,NULL,'2016-07-04 21:07:19','2016-07-04 16:08:19','Active'),(814,8,31,3,NULL,'2016-07-04 21:07:19','2016-07-04 16:08:19','Active'),(815,8,32,6,NULL,'2016-07-04 21:07:19','2016-07-04 16:08:19','Active'),(816,8,33,3,NULL,'2016-07-04 21:07:19','2016-07-04 16:08:19','Active'),(817,8,34,3,NULL,'2016-07-04 21:07:19','2016-07-04 16:08:19','Active'),(818,8,35,3,NULL,'2016-07-04 21:07:19','2016-07-04 16:08:19','Active'),(819,8,36,3,NULL,'2016-07-04 21:07:19','2016-07-04 16:08:19','Active'),(820,8,37,3,NULL,'2016-07-04 21:07:19','2016-07-04 16:08:19','Active'),(821,8,38,3,NULL,'2016-07-04 21:07:19','2016-07-04 16:08:19','Active'),(822,8,39,3,NULL,'2016-07-04 21:07:19','2016-07-04 16:08:19','Active'),(823,8,40,3,NULL,'2016-07-04 21:07:19','2016-07-04 16:08:19','Active'),(824,8,41,8,NULL,'2016-07-04 21:07:19','2016-07-04 16:08:19','Active'),(825,8,42,3,NULL,'2016-07-04 21:07:19','2016-07-04 16:08:19','Active'),(826,8,43,3,NULL,'2016-07-04 21:07:19','2016-07-04 16:08:19','Active'),(827,8,44,3,NULL,'2016-07-04 21:07:19','2016-07-04 16:08:19','Active'),(828,8,45,3,NULL,'2016-07-04 21:07:19','2016-07-04 16:08:19','Active'),(829,8,46,3,NULL,'2016-07-04 21:07:19','2016-07-04 16:08:19','Active'),(830,8,47,3,NULL,'2016-07-04 21:07:19','2016-07-04 16:08:19','Active'),(831,8,48,3,NULL,'2016-07-04 21:07:19','2016-07-04 16:08:19','Active'),(832,8,49,3,NULL,'2016-07-04 21:07:19','2016-07-04 16:08:19','Active'),(833,8,50,3,NULL,'2016-07-04 21:07:19','2016-07-04 16:08:19','Active'),(834,8,51,3,NULL,'2016-07-04 21:07:19','2016-07-04 16:08:19','Active'),(835,8,52,3,NULL,'2016-07-04 21:07:19','2016-07-04 16:08:19','Active'),(836,8,53,3,NULL,'2016-07-04 21:07:19','2016-07-04 16:08:19','Active'),(837,8,54,3,NULL,'2016-07-04 21:07:19','2016-07-04 16:08:19','Active'),(838,8,55,6,NULL,'2016-07-04 21:07:19','2016-07-04 16:08:19','Active'),(839,8,56,3,NULL,'2016-07-04 21:07:19','2016-07-04 16:08:19','Active'),(840,8,57,3,NULL,'2016-07-04 21:07:19','2016-07-04 16:08:19','Active'),(841,8,75,3,NULL,'2016-07-04 21:07:19','2016-07-04 16:08:19','Active'),(842,8,58,3,NULL,'2016-07-04 21:07:19','2016-07-04 16:08:19','Active'),(843,8,59,3,NULL,'2016-07-04 21:07:19','2016-07-04 16:08:19','Active'),(844,8,60,3,NULL,'2016-07-04 21:07:19','2016-07-04 16:08:19','Active'),(845,8,61,3,NULL,'2016-07-04 21:07:19','2016-07-04 16:08:19','Active'),(846,8,62,3,NULL,'2016-07-04 21:07:19','2016-07-04 16:08:19','Active'),(847,8,63,3,NULL,'2016-07-04 21:07:19','2016-07-04 16:08:19','Active'),(848,8,64,3,NULL,'2016-07-04 21:07:19','2016-07-04 16:08:19','Active'),(849,8,65,3,NULL,'2016-07-04 21:07:19','2016-07-04 16:08:19','Active'),(850,8,66,3,NULL,'2016-07-04 21:07:19','2016-07-04 16:08:19','Active'),(851,8,67,3,NULL,'2016-07-04 21:07:19','2016-07-04 16:08:19','Active'),(852,8,68,3,NULL,'2016-07-04 21:07:19','2016-07-04 16:08:19','Active'),(853,8,69,3,NULL,'2016-07-04 21:07:19','2016-07-04 16:08:19','Active'),(854,8,70,3,NULL,'2016-07-04 21:07:19','2016-07-04 16:08:19','Active'),(855,8,71,3,NULL,'2016-07-04 21:07:19','2016-07-04 16:08:19','Active'),(856,8,72,3,NULL,'2016-07-04 21:07:19','2016-07-04 16:08:19','Active'),(857,8,73,3,NULL,'2016-07-04 21:07:19','2016-07-04 16:08:19','Active'),(858,8,74,3,NULL,'2016-07-04 21:07:19','2016-07-04 16:08:19','Active'),(859,8,76,3,NULL,'2016-07-04 21:07:19','2016-07-04 16:08:19','Active'),(860,8,77,3,NULL,'2016-07-04 21:07:19','2016-07-04 16:08:19','Active'),(861,8,78,3,NULL,'2016-07-04 21:07:19','2016-07-04 16:08:19','Active'),(862,8,79,3,NULL,'2016-07-04 21:07:19','2016-07-04 16:08:19','Active'),(863,8,81,3,NULL,'2016-07-04 21:07:19','2016-07-04 16:08:19','Active'),(864,8,80,3,NULL,'2016-07-04 21:07:19','2016-07-04 16:08:19','Active'),(865,8,82,3,NULL,'2016-07-04 21:07:19','2016-07-04 16:08:19','Active'),(866,8,83,3,NULL,'2016-07-04 21:07:19','2016-07-04 16:08:19','Active'),(867,8,84,3,NULL,'2016-07-04 21:07:19','2016-07-04 16:08:19','Active'),(868,8,85,3,NULL,'2016-07-04 21:07:19','2016-07-04 16:08:19','Active'),(869,8,86,3,NULL,'2016-07-04 21:07:19','2016-07-04 16:08:19','Active'),(870,8,87,3,NULL,'2016-07-04 21:07:19','2016-07-04 16:08:19','Active'),(871,8,88,3,NULL,'2016-07-04 21:07:19','2016-07-04 16:08:19','Active'),(872,8,89,8,NULL,'2016-07-04 21:07:19','2016-07-04 16:08:19','Active'),(873,8,90,3,NULL,'2016-07-04 21:07:19','2016-07-04 16:08:19','Active'),(874,8,102,3,NULL,'2016-07-04 21:07:19','2016-07-04 16:08:19','Active'),(875,8,91,3,NULL,'2016-07-04 21:07:19','2016-07-04 16:08:19','Active'),(876,8,92,3,NULL,'2016-07-04 21:07:19','2016-07-04 16:08:19','Active'),(877,8,93,3,NULL,'2016-07-04 21:07:19','2016-07-04 16:08:19','Active'),(878,8,94,3,NULL,'2016-07-04 21:07:19','2016-07-04 16:08:19','Active'),(879,8,98,3,NULL,'2016-07-04 21:07:19','2016-07-04 16:08:19','Active'),(880,8,95,3,NULL,'2016-07-04 21:07:19','2016-07-04 16:08:19','Active'),(881,8,96,3,NULL,'2016-07-04 21:07:19','2016-07-04 16:08:19','Active'),(882,8,97,3,NULL,'2016-07-04 21:07:19','2016-07-04 16:08:19','Active'),(883,8,99,3,NULL,'2016-07-04 21:07:19','2016-07-04 16:08:19','Active'),(884,8,100,3,NULL,'2016-07-04 21:07:19','2016-07-04 16:08:19','Active'),(885,8,101,8,NULL,'2016-07-04 21:07:19','2016-07-04 16:08:19','Active'),(886,8,103,3,NULL,'2016-07-04 21:07:19','2016-07-04 16:08:19','Active'),(887,8,104,6,NULL,'2016-07-04 21:07:19','2016-07-04 16:08:19','Active'),(888,8,105,3,NULL,'2016-07-04 21:07:19','2016-07-04 16:08:19','Active'),(889,8,106,3,NULL,'2016-07-04 21:07:19','2016-07-04 16:08:19','Active'),(890,8,107,3,NULL,'2016-07-04 21:07:19','2016-07-04 16:08:19','Active'),(891,8,108,3,NULL,'2016-07-04 21:07:19','2016-07-04 16:08:19','Active'),(892,8,109,3,NULL,'2016-07-04 21:07:19','2016-07-04 16:08:19','Active'),(893,8,111,6,NULL,'2016-07-04 21:07:19','2016-07-04 16:08:19','Active'),(894,8,110,3,NULL,'2016-07-04 21:07:19','2016-07-04 16:08:19','Active'),(895,8,112,3,NULL,'2016-07-04 21:07:19','2016-07-04 16:08:19','Active'),(896,8,113,3,NULL,'2016-07-04 21:07:19','2016-07-04 16:08:19','Active'),(897,8,114,6,NULL,'2016-07-04 21:07:19','2016-07-04 16:08:19','Active'),(898,8,115,3,NULL,'2016-07-04 21:07:19','2016-07-04 16:08:19','Active'),(899,1,116,3,NULL,'2016-07-21 15:07:37','2016-07-21 10:42:37','Active'),(900,2,116,3,NULL,'2016-07-21 15:07:37','2016-07-21 10:42:37','Active'),(901,3,116,3,NULL,'2016-07-21 15:07:37','2016-07-21 10:42:37','Active'),(902,4,116,3,NULL,'2016-07-21 15:07:37','2016-07-21 10:42:37','Active'),(903,5,116,3,NULL,'2016-07-21 15:07:37','2016-07-21 10:42:37','Active'),(904,6,116,3,NULL,'2016-07-21 15:07:37','2016-07-21 10:42:37','Active'),(905,8,116,3,NULL,'2016-07-21 15:07:37','2016-07-21 10:42:37','Active'),(906,1,117,3,NULL,'2016-07-21 23:07:52','2016-07-21 18:28:52','Active'),(907,2,117,3,NULL,'2016-07-21 23:07:52','2016-07-21 18:28:52','Active'),(908,3,117,3,NULL,'2016-07-21 23:07:52','2016-07-21 18:28:52','Active'),(909,4,117,3,NULL,'2016-07-21 23:07:52','2016-07-21 18:28:52','Active'),(910,5,117,3,NULL,'2016-07-21 23:07:52','2016-07-21 18:28:52','Active'),(911,6,117,3,NULL,'2016-07-21 23:07:52','2016-07-21 18:28:52','Active'),(912,8,117,3,NULL,'2016-07-21 23:07:52','2016-07-21 18:28:52','Active'),(913,1,118,3,NULL,'2016-08-24 21:08:41','2016-08-24 16:38:41','Active'),(914,2,118,3,NULL,'2016-08-24 21:08:41','2016-08-24 16:38:41','Active'),(915,3,118,3,NULL,'2016-08-24 21:08:41','2016-08-24 16:38:41','Active'),(916,4,118,3,NULL,'2016-08-24 21:08:41','2016-08-24 16:38:41','Active'),(917,5,118,3,NULL,'2016-08-24 21:08:41','2016-08-24 16:38:41','Active'),(918,6,118,3,NULL,'2016-08-24 21:08:41','2016-08-24 16:38:41','Active'),(919,8,118,3,NULL,'2016-08-24 21:08:41','2016-08-24 16:38:41','Active'),(920,1,119,3,NULL,'2016-09-01 14:09:41','2016-09-01 09:10:41','Active'),(921,2,119,3,NULL,'2016-09-01 14:09:41','2016-09-01 09:10:41','Active'),(922,3,119,3,NULL,'2016-09-01 14:09:41','2016-09-01 09:10:41','Active'),(923,4,119,3,NULL,'2016-09-01 14:09:41','2016-09-01 09:10:41','Active'),(924,5,119,3,NULL,'2016-09-01 14:09:41','2016-09-01 09:10:41','Active'),(925,6,119,3,NULL,'2016-09-01 14:09:41','2016-09-01 09:10:41','Active'),(926,8,119,3,NULL,'2016-09-01 14:09:41','2016-09-01 09:10:41','Active'),(927,1,120,3,NULL,'2016-09-01 22:09:40','2016-09-01 17:26:40','Active'),(928,2,120,3,NULL,'2016-09-01 22:09:40','2016-09-01 17:26:40','Active'),(929,3,120,3,NULL,'2016-09-01 22:09:40','2016-09-01 17:26:40','Active'),(930,4,120,3,NULL,'2016-09-01 22:09:40','2016-09-01 17:26:40','Active'),(931,5,120,3,NULL,'2016-09-01 22:09:40','2016-09-01 17:26:40','Active'),(932,6,120,3,NULL,'2016-09-01 22:09:40','2016-09-01 17:26:40','Active'),(933,8,120,3,NULL,'2016-09-01 22:09:40','2016-09-01 17:26:40','Active'),(934,1,121,3,NULL,'2016-09-13 15:09:38','2016-09-13 10:32:38','Active'),(935,2,121,3,NULL,'2016-09-13 15:09:38','2016-09-13 10:32:38','Active'),(936,3,121,3,NULL,'2016-09-13 15:09:38','2016-09-13 10:32:38','Active'),(937,4,121,3,NULL,'2016-09-13 15:09:38','2016-09-13 10:32:38','Active'),(938,5,121,3,NULL,'2016-09-13 15:09:38','2016-09-13 10:32:38','Active'),(939,6,121,3,NULL,'2016-09-13 15:09:38','2016-09-13 10:32:38','Active'),(940,8,121,3,NULL,'2016-09-13 15:09:38','2016-09-13 10:32:38','Active'),(941,1,122,3,NULL,'2016-09-13 15:09:40','2016-09-13 10:40:40','Active'),(942,2,122,3,NULL,'2016-09-13 15:09:40','2016-09-13 10:40:40','Active'),(943,3,122,3,NULL,'2016-09-13 15:09:40','2016-09-13 10:40:40','Active'),(944,4,122,3,NULL,'2016-09-13 15:09:40','2016-09-13 10:40:40','Active'),(945,5,122,3,NULL,'2016-09-13 15:09:40','2016-09-13 10:40:40','Active'),(946,6,122,3,NULL,'2016-09-13 15:09:40','2016-09-13 10:40:40','Active'),(947,8,122,3,NULL,'2016-09-13 15:09:40','2016-09-13 10:40:40','Active'),(948,1,123,3,NULL,'2016-09-15 17:09:37','2016-09-15 12:04:37','Active'),(949,2,123,3,NULL,'2016-09-15 17:09:37','2016-09-15 12:04:37','Active'),(950,3,123,3,NULL,'2016-09-15 17:09:37','2016-09-15 12:04:37','Active'),(951,4,123,3,NULL,'2016-09-15 17:09:37','2016-09-15 12:04:37','Active'),(952,5,123,3,NULL,'2016-09-15 17:09:37','2016-09-15 12:04:37','Active'),(953,6,123,3,NULL,'2016-09-15 17:09:37','2016-09-15 12:04:37','Active'),(954,8,123,3,NULL,'2016-09-15 17:09:37','2016-09-15 12:04:37','Active'),(955,1,124,3,NULL,'2016-09-15 17:09:01','2016-09-15 12:05:01','Active'),(956,2,124,3,NULL,'2016-09-15 17:09:01','2016-09-15 12:05:01','Active'),(957,3,124,3,NULL,'2016-09-15 17:09:01','2016-09-15 12:05:01','Active'),(958,4,124,3,NULL,'2016-09-15 17:09:01','2016-09-15 12:05:01','Active'),(959,5,124,3,NULL,'2016-09-15 17:09:01','2016-09-15 12:05:01','Active'),(960,6,124,3,NULL,'2016-09-15 17:09:01','2016-09-15 12:05:01','Active'),(961,8,124,3,NULL,'2016-09-15 17:09:01','2016-09-15 12:05:01','Active'),(962,1,125,3,NULL,'2016-09-27 14:09:39','2016-09-27 09:51:39','Active'),(963,2,125,3,NULL,'2016-09-27 14:09:39','2016-09-27 09:51:39','Active'),(964,3,125,3,NULL,'2016-09-27 14:09:39','2016-09-27 09:51:39','Active'),(965,4,125,3,NULL,'2016-09-27 14:09:39','2016-09-27 09:51:39','Active'),(966,5,125,3,NULL,'2016-09-27 14:09:39','2016-09-27 09:51:39','Active'),(967,6,125,3,NULL,'2016-09-27 14:09:39','2016-09-27 09:51:39','Active'),(968,8,125,3,NULL,'2016-09-27 14:09:39','2016-09-27 09:51:39','Active'),(969,1,126,3,NULL,'2016-09-29 15:09:54','2016-09-29 10:31:54','Active'),(970,2,126,3,NULL,'2016-09-29 15:09:54','2016-09-29 10:31:54','Active'),(971,3,126,3,NULL,'2016-09-29 15:09:54','2016-09-29 10:31:54','Active'),(972,4,126,3,NULL,'2016-09-29 15:09:54','2016-09-29 10:31:54','Active'),(973,5,126,3,NULL,'2016-09-29 15:09:54','2016-09-29 10:31:54','Active'),(974,6,126,3,NULL,'2016-09-29 15:09:54','2016-09-29 10:31:54','Active'),(975,8,126,3,NULL,'2016-09-29 15:09:54','2016-09-29 10:31:54','Active'),(976,1,127,3,NULL,'2016-09-30 15:09:07','2016-09-30 10:06:07','Active'),(977,2,127,3,NULL,'2016-09-30 15:09:07','2016-09-30 10:06:07','Active'),(978,3,127,3,NULL,'2016-09-30 15:09:07','2016-09-30 10:06:07','Active'),(979,4,127,3,NULL,'2016-09-30 15:09:07','2016-09-30 10:06:07','Active'),(980,5,127,3,NULL,'2016-09-30 15:09:07','2016-09-30 10:06:07','Active'),(981,6,127,3,NULL,'2016-09-30 15:09:07','2016-09-30 10:06:07','Active'),(982,8,127,3,NULL,'2016-09-30 15:09:07','2016-09-30 10:06:07','Active'),(983,1,128,3,NULL,'2016-10-05 18:10:38','2016-10-05 13:19:38','Active'),(984,2,128,3,NULL,'2016-10-05 18:10:38','2016-10-05 13:19:38','Active'),(985,3,128,3,NULL,'2016-10-05 18:10:38','2016-10-05 13:19:38','Active'),(986,4,128,3,NULL,'2016-10-05 18:10:38','2016-10-05 13:19:38','Active'),(987,5,128,3,NULL,'2016-10-05 18:10:38','2016-10-05 13:19:38','Active'),(988,6,128,3,NULL,'2016-10-05 18:10:38','2016-10-05 13:19:38','Active'),(989,8,128,3,NULL,'2016-10-05 18:10:38','2016-10-05 13:19:38','Active'),(990,1,129,3,NULL,'2016-10-05 19:10:08','2016-10-05 14:33:08','Active'),(991,2,129,3,NULL,'2016-10-05 19:10:08','2016-10-05 14:33:08','Active'),(992,3,129,3,NULL,'2016-10-05 19:10:08','2016-10-05 14:33:08','Active'),(993,4,129,3,NULL,'2016-10-05 19:10:08','2016-10-05 14:33:08','Active'),(994,5,129,3,NULL,'2016-10-05 19:10:08','2016-10-05 14:33:08','Active'),(995,6,129,3,NULL,'2016-10-05 19:10:08','2016-10-05 14:33:08','Active'),(996,8,129,3,NULL,'2016-10-05 19:10:08','2016-10-05 14:33:08','Active'),(997,1,130,3,NULL,'2016-10-06 17:10:01','2016-10-06 12:21:01','Active'),(998,2,130,3,NULL,'2016-10-06 17:10:01','2016-10-06 12:21:01','Active'),(999,3,130,3,NULL,'2016-10-06 17:10:01','2016-10-06 12:21:01','Active'),(1000,4,130,3,NULL,'2016-10-06 17:10:01','2016-10-06 12:21:01','Active'),(1001,5,130,3,NULL,'2016-10-06 17:10:01','2016-10-06 12:21:01','Active'),(1002,6,130,3,NULL,'2016-10-06 17:10:01','2016-10-06 12:21:01','Active'),(1003,8,130,3,NULL,'2016-10-06 17:10:01','2016-10-06 12:21:01','Active'),(1004,1,131,3,NULL,'2016-11-01 21:11:20','2016-11-01 15:24:20','Active'),(1005,2,131,3,NULL,'2016-11-01 21:11:20','2016-11-01 15:24:20','Active'),(1006,3,131,3,NULL,'2016-11-01 21:11:20','2016-11-01 15:24:20','Active'),(1007,4,131,3,NULL,'2016-11-01 21:11:20','2016-11-01 15:24:20','Active'),(1008,5,131,3,NULL,'2016-11-01 21:11:20','2016-11-01 15:24:20','Active'),(1009,6,131,3,NULL,'2016-11-01 21:11:20','2016-11-01 15:24:20','Active'),(1010,8,131,3,NULL,'2016-11-01 21:11:20','2016-11-01 15:24:20','Active'),(1011,1,132,3,NULL,'2016-11-01 21:11:12','2016-11-01 15:26:12','Active'),(1012,2,132,3,NULL,'2016-11-01 21:11:12','2016-11-01 15:26:12','Active'),(1013,3,132,3,NULL,'2016-11-01 21:11:12','2016-11-01 15:26:12','Active'),(1014,4,132,3,NULL,'2016-11-01 21:11:12','2016-11-01 15:26:12','Active'),(1015,5,132,3,NULL,'2016-11-01 21:11:12','2016-11-01 15:26:12','Active'),(1016,6,132,3,NULL,'2016-11-01 21:11:12','2016-11-01 15:26:12','Active'),(1017,8,132,3,NULL,'2016-11-01 21:11:12','2016-11-01 15:26:12','Active'),(1018,1,133,1,NULL,'2016-11-01 23:11:15','2016-11-01 17:09:15','Active'),(1019,2,133,1,NULL,'2016-11-01 23:11:15','2016-11-01 17:09:15','Active'),(1020,3,133,1,NULL,'2016-11-01 23:11:15','2016-11-01 17:09:15','Active'),(1021,4,133,1,NULL,'2016-11-01 23:11:15','2016-11-01 17:09:15','Active'),(1022,5,133,1,NULL,'2016-11-01 23:11:15','2016-11-01 17:09:15','Active'),(1023,6,133,1,NULL,'2016-11-01 23:11:15','2016-11-01 17:09:15','Active'),(1024,8,133,1,NULL,'2016-11-01 23:11:15','2016-11-01 17:09:15','Active'),(1025,1,134,3,NULL,'2016-11-01 23:11:16','2016-11-01 17:11:16','Active'),(1026,2,134,3,NULL,'2016-11-01 23:11:16','2016-11-01 17:11:16','Active'),(1027,3,134,3,NULL,'2016-11-01 23:11:16','2016-11-01 17:11:16','Active'),(1028,4,134,3,NULL,'2016-11-01 23:11:16','2016-11-01 17:11:16','Active'),(1029,5,134,3,NULL,'2016-11-01 23:11:16','2016-11-01 17:11:16','Active'),(1030,6,134,3,NULL,'2016-11-01 23:11:16','2016-11-01 17:11:16','Active'),(1031,8,134,3,NULL,'2016-11-01 23:11:16','2016-11-01 17:11:16','Active'),(1032,1,135,3,NULL,'2016-11-01 23:11:54','2016-11-01 17:34:54','Active'),(1033,2,135,3,NULL,'2016-11-01 23:11:54','2016-11-01 17:34:54','Active'),(1034,3,135,3,NULL,'2016-11-01 23:11:54','2016-11-01 17:34:54','Active'),(1035,4,135,3,NULL,'2016-11-01 23:11:54','2016-11-01 17:34:54','Active'),(1036,5,135,3,NULL,'2016-11-01 23:11:54','2016-11-01 17:34:54','Active'),(1037,6,135,3,NULL,'2016-11-01 23:11:54','2016-11-01 17:34:54','Active'),(1038,8,135,3,NULL,'2016-11-01 23:11:54','2016-11-01 17:34:54','Active'),(1039,1,136,3,NULL,'2016-11-03 16:11:44','2016-11-03 10:06:44','Active'),(1040,2,136,3,NULL,'2016-11-03 16:11:44','2016-11-03 10:06:44','Active'),(1041,3,136,3,NULL,'2016-11-03 16:11:44','2016-11-03 10:06:44','Active'),(1042,4,136,3,NULL,'2016-11-03 16:11:44','2016-11-03 10:06:44','Active'),(1043,5,136,3,NULL,'2016-11-03 16:11:44','2016-11-03 10:06:44','Active'),(1044,6,136,3,NULL,'2016-11-03 16:11:44','2016-11-03 10:06:44','Active'),(1045,8,136,3,NULL,'2016-11-03 16:11:44','2016-11-03 10:06:44','Active'),(1046,1,137,3,NULL,'2016-11-04 00:11:10','2016-11-03 18:57:10','Active'),(1047,2,137,3,NULL,'2016-11-04 00:11:10','2016-11-03 18:57:10','Active'),(1048,3,137,3,NULL,'2016-11-04 00:11:10','2016-11-03 18:57:10','Active'),(1049,4,137,3,NULL,'2016-11-04 00:11:10','2016-11-03 18:57:10','Active'),(1050,5,137,3,NULL,'2016-11-04 00:11:10','2016-11-03 18:57:10','Active'),(1051,6,137,3,NULL,'2016-11-04 00:11:10','2016-11-03 18:57:10','Active'),(1052,8,137,3,NULL,'2016-11-04 00:11:10','2016-11-03 18:57:10','Active'),(1053,1,138,3,NULL,'2016-11-07 16:11:39','2016-11-07 10:59:39','Active'),(1054,2,138,3,NULL,'2016-11-07 16:11:39','2016-11-07 10:59:39','Active'),(1055,3,138,3,NULL,'2016-11-07 16:11:39','2016-11-07 10:59:39','Active'),(1056,4,138,3,NULL,'2016-11-07 16:11:39','2016-11-07 10:59:39','Active'),(1057,5,138,3,NULL,'2016-11-07 16:11:39','2016-11-07 10:59:39','Active'),(1058,6,138,3,NULL,'2016-11-07 16:11:39','2016-11-07 10:59:39','Active'),(1059,8,138,3,NULL,'2016-11-07 16:11:39','2016-11-07 10:59:39','Active'),(1060,1,139,3,NULL,'2016-11-23 16:11:45','2016-11-23 10:42:45','Active'),(1061,2,139,3,NULL,'2016-11-23 16:11:45','2016-11-23 10:42:45','Active'),(1062,3,139,3,NULL,'2016-11-23 16:11:45','2016-11-23 10:42:45','Active'),(1063,4,139,3,NULL,'2016-11-23 16:11:45','2016-11-23 10:42:45','Active'),(1064,5,139,3,NULL,'2016-11-23 16:11:45','2016-11-23 10:42:45','Active'),(1065,6,139,3,NULL,'2016-11-23 16:11:45','2016-11-23 10:42:45','Active'),(1066,8,139,3,NULL,'2016-11-23 16:11:45','2016-11-23 10:42:45','Active'),(1067,1,140,3,NULL,'2016-12-14 22:12:20','2016-12-14 16:16:20','Active'),(1068,2,140,3,NULL,'2016-12-14 22:12:20','2016-12-14 16:16:20','Active'),(1069,3,140,3,NULL,'2016-12-14 22:12:20','2016-12-14 16:16:20','Active'),(1070,4,140,3,NULL,'2016-12-14 22:12:20','2016-12-14 16:16:20','Active'),(1071,5,140,3,NULL,'2016-12-14 22:12:20','2016-12-14 16:16:20','Active'),(1072,6,140,3,NULL,'2016-12-14 22:12:20','2016-12-14 16:16:20','Active'),(1073,8,140,3,NULL,'2016-12-14 22:12:20','2016-12-14 16:16:20','Active'),(1074,1,141,3,NULL,'2016-12-16 17:12:01','2016-12-16 11:02:01','Active'),(1075,2,141,3,NULL,'2016-12-16 17:12:01','2016-12-16 11:02:01','Active'),(1076,3,141,3,NULL,'2016-12-16 17:12:01','2016-12-16 11:02:01','Active'),(1077,4,141,3,NULL,'2016-12-16 17:12:01','2016-12-16 11:02:01','Active'),(1078,5,141,3,NULL,'2016-12-16 17:12:01','2016-12-16 11:02:01','Active'),(1079,6,141,3,NULL,'2016-12-16 17:12:01','2016-12-16 11:02:01','Active'),(1080,8,141,3,NULL,'2016-12-16 17:12:01','2016-12-16 11:02:01','Active'),(1081,1,142,3,NULL,'2016-12-30 18:12:22','2016-12-30 12:18:22','Active'),(1082,2,142,3,NULL,'2016-12-30 18:12:22','2016-12-30 12:18:22','Active'),(1083,3,142,3,NULL,'2016-12-30 18:12:22','2016-12-30 12:18:22','Active'),(1084,4,142,3,NULL,'2016-12-30 18:12:22','2016-12-30 12:18:22','Active'),(1085,5,142,3,NULL,'2016-12-30 18:12:22','2016-12-30 12:18:22','Active'),(1086,6,142,3,NULL,'2016-12-30 18:12:22','2016-12-30 12:18:22','Active'),(1087,8,142,3,NULL,'2016-12-30 18:12:22','2016-12-30 12:18:22','Active'),(1088,1,143,5,NULL,'2017-01-06 23:01:07','2017-01-06 17:41:07','Active'),(1089,2,143,5,NULL,'2017-01-06 23:01:07','2017-01-06 17:41:07','Active'),(1090,3,143,5,NULL,'2017-01-06 23:01:07','2017-01-06 17:41:07','Active'),(1091,4,143,5,NULL,'2017-01-06 23:01:07','2017-01-06 17:41:07','Active'),(1092,5,143,5,NULL,'2017-01-06 23:01:07','2017-01-06 17:41:07','Active'),(1093,6,143,5,NULL,'2017-01-06 23:01:07','2017-01-06 17:41:07','Active'),(1094,8,143,5,NULL,'2017-01-06 23:01:07','2017-01-06 17:41:07','Active'),(1095,1,144,3,NULL,'2017-01-10 15:01:05','2017-01-10 09:16:05','Active'),(1096,2,144,3,NULL,'2017-01-10 15:01:05','2017-01-10 09:16:05','Active'),(1097,3,144,3,NULL,'2017-01-10 15:01:05','2017-01-10 09:16:05','Active'),(1098,4,144,3,NULL,'2017-01-10 15:01:05','2017-01-10 09:16:05','Active'),(1099,5,144,3,NULL,'2017-01-10 15:01:05','2017-01-10 09:16:05','Active'),(1100,6,144,3,NULL,'2017-01-10 15:01:05','2017-01-10 09:16:05','Active'),(1101,8,144,3,NULL,'2017-01-10 15:01:05','2017-01-10 09:16:05','Active'),(1102,1,145,3,NULL,'2017-01-10 18:01:28','2017-01-10 12:25:28','Active'),(1103,2,145,3,NULL,'2017-01-10 18:01:28','2017-01-10 12:25:28','Active'),(1104,3,145,3,NULL,'2017-01-10 18:01:28','2017-01-10 12:25:28','Active'),(1105,4,145,3,NULL,'2017-01-10 18:01:28','2017-01-10 12:25:28','Active'),(1106,5,145,3,NULL,'2017-01-10 18:01:28','2017-01-10 12:25:28','Active'),(1107,6,145,3,NULL,'2017-01-10 18:01:28','2017-01-10 12:25:28','Active'),(1108,8,145,3,NULL,'2017-01-10 18:01:28','2017-01-10 12:25:28','Active'),(1109,1,146,3,NULL,'2017-01-18 18:01:09','2017-01-18 12:59:09','Active'),(1110,2,146,3,NULL,'2017-01-18 18:01:09','2017-01-18 12:59:09','Active'),(1111,3,146,3,NULL,'2017-01-18 18:01:09','2017-01-18 12:59:09','Active'),(1112,4,146,3,NULL,'2017-01-18 18:01:09','2017-01-18 12:59:09','Active'),(1113,5,146,3,NULL,'2017-01-18 18:01:09','2017-01-18 12:59:09','Active'),(1114,6,146,3,NULL,'2017-01-18 18:01:09','2017-01-18 12:59:09','Active'),(1115,8,146,3,NULL,'2017-01-18 18:01:09','2017-01-18 12:59:09','Active'),(1116,1,147,3,NULL,'2017-01-25 22:01:20','2017-01-25 16:29:20','Active'),(1117,2,147,3,NULL,'2017-01-25 22:01:20','2017-01-25 16:29:20','Active'),(1118,3,147,3,NULL,'2017-01-25 22:01:20','2017-01-25 16:29:20','Active'),(1119,4,147,3,NULL,'2017-01-25 22:01:20','2017-01-25 16:29:20','Active'),(1120,5,147,3,NULL,'2017-01-25 22:01:20','2017-01-25 16:29:20','Active'),(1121,6,147,3,NULL,'2017-01-25 22:01:20','2017-01-25 16:29:20','Active'),(1122,8,147,3,NULL,'2017-01-25 22:01:20','2017-01-25 16:29:20','Active'),(1123,1,148,3,NULL,'2017-01-27 20:01:31','2017-01-27 14:07:31','Active'),(1124,2,148,3,NULL,'2017-01-27 20:01:31','2017-01-27 14:07:31','Active'),(1125,3,148,3,NULL,'2017-01-27 20:01:31','2017-01-27 14:07:31','Active'),(1126,4,148,3,NULL,'2017-01-27 20:01:31','2017-01-27 14:07:31','Active'),(1127,5,148,3,NULL,'2017-01-27 20:01:31','2017-01-27 14:07:31','Active'),(1128,6,148,3,NULL,'2017-01-27 20:01:31','2017-01-27 14:07:31','Active'),(1129,8,148,3,NULL,'2017-01-27 20:01:31','2017-01-27 14:07:31','Active'),(1130,1,149,3,NULL,'2017-02-02 16:02:58','2017-02-02 10:57:58','Active'),(1131,2,149,3,NULL,'2017-02-02 16:02:58','2017-02-02 10:57:58','Active'),(1132,3,149,3,NULL,'2017-02-02 16:02:58','2017-02-02 10:57:58','Active'),(1133,4,149,3,NULL,'2017-02-02 16:02:58','2017-02-02 10:57:58','Active'),(1134,5,149,3,NULL,'2017-02-02 16:02:58','2017-02-02 10:57:58','Active'),(1135,6,149,3,NULL,'2017-02-02 16:02:58','2017-02-02 10:57:58','Active'),(1136,8,149,3,NULL,'2017-02-02 16:02:58','2017-02-02 10:57:58','Active'),(1137,1,150,6,NULL,'2017-02-13 20:02:28','2017-02-13 14:09:28','Active'),(1138,2,150,6,NULL,'2017-02-13 20:02:28','2017-02-13 14:09:28','Active'),(1139,3,150,6,NULL,'2017-02-13 20:02:28','2017-02-13 14:09:28','Active'),(1140,4,150,6,NULL,'2017-02-13 20:02:28','2017-02-13 14:09:28','Active'),(1141,5,150,6,NULL,'2017-02-13 20:02:28','2017-02-13 14:09:28','Active'),(1142,6,150,6,NULL,'2017-02-13 20:02:28','2017-02-13 14:09:28','Active'),(1143,8,150,6,NULL,'2017-02-13 20:02:28','2017-02-13 14:09:28','Active'),(1144,1,151,3,NULL,'2017-02-15 23:02:09','2017-02-15 17:18:09','Active'),(1145,2,151,3,NULL,'2017-02-15 23:02:09','2017-02-15 17:18:09','Active'),(1146,3,151,3,NULL,'2017-02-15 23:02:09','2017-02-15 17:18:09','Active'),(1147,4,151,3,NULL,'2017-02-15 23:02:09','2017-02-15 17:18:09','Active'),(1148,5,151,3,NULL,'2017-02-15 23:02:09','2017-02-15 17:18:09','Active'),(1149,6,151,3,NULL,'2017-02-15 23:02:09','2017-02-15 17:18:09','Active'),(1150,8,151,3,NULL,'2017-02-15 23:02:09','2017-02-15 17:18:09','Active'),(1151,1,152,5,NULL,'2017-02-17 22:02:23','2017-02-17 16:55:23','Active'),(1152,2,152,5,NULL,'2017-02-17 22:02:23','2017-02-17 16:55:23','Active'),(1153,3,152,5,NULL,'2017-02-17 22:02:23','2017-02-17 16:55:23','Active'),(1154,4,152,5,NULL,'2017-02-17 22:02:23','2017-02-17 16:55:23','Active'),(1155,5,152,5,NULL,'2017-02-17 22:02:23','2017-02-17 16:55:23','Active'),(1156,6,152,5,NULL,'2017-02-17 22:02:23','2017-02-17 16:55:23','Active'),(1157,8,152,5,NULL,'2017-02-17 22:02:23','2017-02-17 16:55:23','Active'),(1158,1,153,7,NULL,'2017-02-23 17:02:18','2017-02-23 11:05:18','Active'),(1159,2,153,7,NULL,'2017-02-23 17:02:18','2017-02-23 11:05:19','Active'),(1160,3,153,7,NULL,'2017-02-23 17:02:18','2017-02-23 11:05:19','Active'),(1161,4,153,7,NULL,'2017-02-23 17:02:18','2017-02-23 11:05:19','Active'),(1162,5,153,7,NULL,'2017-02-23 17:02:18','2017-02-23 11:05:19','Active'),(1163,6,153,7,NULL,'2017-02-23 17:02:18','2017-02-23 11:05:19','Active'),(1164,8,153,7,NULL,'2017-02-23 17:02:18','2017-02-23 11:05:19','Active'),(1165,1,154,3,NULL,'2017-02-25 02:02:53','2017-02-24 20:15:53','Active'),(1166,2,154,3,NULL,'2017-02-25 02:02:53','2017-02-24 20:15:53','Active'),(1167,3,154,3,NULL,'2017-02-25 02:02:53','2017-02-24 20:15:53','Active'),(1168,4,154,3,NULL,'2017-02-25 02:02:53','2017-02-24 20:15:53','Active'),(1169,5,154,3,NULL,'2017-02-25 02:02:53','2017-02-24 20:15:53','Active'),(1170,6,154,3,NULL,'2017-02-25 02:02:53','2017-02-24 20:15:53','Active'),(1171,8,154,3,NULL,'2017-02-25 02:02:53','2017-02-24 20:15:53','Active'),(1172,1,155,3,NULL,'2017-03-03 00:03:01','2017-03-02 18:08:01','Active'),(1173,2,155,3,NULL,'2017-03-03 00:03:01','2017-03-02 18:08:01','Active'),(1174,3,155,3,NULL,'2017-03-03 00:03:01','2017-03-02 18:08:01','Active'),(1175,4,155,3,NULL,'2017-03-03 00:03:01','2017-03-02 18:08:01','Active'),(1176,5,155,3,NULL,'2017-03-03 00:03:01','2017-03-02 18:08:01','Active'),(1177,6,155,3,NULL,'2017-03-03 00:03:01','2017-03-02 18:08:01','Active'),(1178,8,155,3,NULL,'2017-03-03 00:03:01','2017-03-02 18:08:01','Active'),(1179,1,156,3,NULL,'2017-03-03 00:03:56','2017-03-02 18:09:56','Active'),(1180,2,156,3,NULL,'2017-03-03 00:03:56','2017-03-02 18:09:56','Active'),(1181,3,156,3,NULL,'2017-03-03 00:03:56','2017-03-02 18:09:56','Active'),(1182,4,156,3,NULL,'2017-03-03 00:03:56','2017-03-02 18:09:56','Active'),(1183,5,156,3,NULL,'2017-03-03 00:03:56','2017-03-02 18:09:56','Active'),(1184,6,156,3,NULL,'2017-03-03 00:03:56','2017-03-02 18:09:56','Active'),(1185,8,156,3,NULL,'2017-03-03 00:03:56','2017-03-02 18:09:56','Active'),(1186,1,157,3,NULL,'2017-03-03 00:03:24','2017-03-02 18:15:24','Active'),(1187,2,157,3,NULL,'2017-03-03 00:03:24','2017-03-02 18:15:24','Active'),(1188,3,157,3,NULL,'2017-03-03 00:03:24','2017-03-02 18:15:24','Active'),(1189,4,157,3,NULL,'2017-03-03 00:03:24','2017-03-02 18:15:24','Active'),(1190,5,157,3,NULL,'2017-03-03 00:03:24','2017-03-02 18:15:24','Active'),(1191,6,157,3,NULL,'2017-03-03 00:03:24','2017-03-02 18:15:24','Active'),(1192,8,157,3,NULL,'2017-03-03 00:03:24','2017-03-02 18:15:24','Active'),(1193,1,158,3,NULL,'2017-03-13 23:03:19','2017-03-13 17:41:19','Active'),(1194,2,158,3,NULL,'2017-03-13 23:03:19','2017-03-13 17:41:19','Active'),(1195,3,158,3,NULL,'2017-03-13 23:03:19','2017-03-13 17:41:19','Active'),(1196,4,158,3,NULL,'2017-03-13 23:03:19','2017-03-13 17:41:19','Active'),(1197,5,158,3,NULL,'2017-03-13 23:03:19','2017-03-13 17:41:19','Active'),(1198,6,158,3,NULL,'2017-03-13 23:03:19','2017-03-13 17:41:19','Active'),(1199,8,158,3,NULL,'2017-03-13 23:03:19','2017-03-13 17:41:19','Active'),(1200,1,159,3,NULL,'2017-03-15 00:03:06','2017-03-14 18:35:06','Active'),(1201,2,159,3,NULL,'2017-03-15 00:03:06','2017-03-14 18:35:06','Active'),(1202,3,159,3,NULL,'2017-03-15 00:03:06','2017-03-14 18:35:06','Active'),(1203,4,159,3,NULL,'2017-03-15 00:03:06','2017-03-14 18:35:06','Active'),(1204,5,159,3,NULL,'2017-03-15 00:03:06','2017-03-14 18:35:06','Active'),(1205,6,159,3,NULL,'2017-03-15 00:03:06','2017-03-14 18:35:06','Active'),(1206,8,159,3,NULL,'2017-03-15 00:03:06','2017-03-14 18:35:06','Active'),(1207,1,160,3,NULL,'2017-03-15 00:03:51','2017-03-14 18:43:51','Active'),(1208,2,160,3,NULL,'2017-03-15 00:03:51','2017-03-14 18:43:51','Active'),(1209,3,160,3,NULL,'2017-03-15 00:03:51','2017-03-14 18:43:51','Active'),(1210,4,160,3,NULL,'2017-03-15 00:03:51','2017-03-14 18:43:51','Active'),(1211,5,160,3,NULL,'2017-03-15 00:03:51','2017-03-14 18:43:51','Active'),(1212,6,160,3,NULL,'2017-03-15 00:03:51','2017-03-14 18:43:51','Active'),(1213,8,160,3,NULL,'2017-03-15 00:03:51','2017-03-14 18:43:51','Active'),(1214,1,161,3,NULL,'2017-03-17 18:03:11','2017-03-17 12:32:11','Active'),(1215,2,161,3,NULL,'2017-03-17 18:03:11','2017-03-17 12:32:11','Active'),(1216,3,161,3,NULL,'2017-03-17 18:03:11','2017-03-17 12:32:11','Active'),(1217,4,161,3,NULL,'2017-03-17 18:03:11','2017-03-17 12:32:11','Active'),(1218,5,161,3,NULL,'2017-03-17 18:03:11','2017-03-17 12:32:11','Active'),(1219,6,161,3,NULL,'2017-03-17 18:03:11','2017-03-17 12:32:11','Active'),(1220,8,161,3,NULL,'2017-03-17 18:03:11','2017-03-17 12:32:11','Active'),(1221,1,162,3,NULL,'2017-04-07 18:04:05','2017-04-07 13:07:05','Active'),(1222,2,162,3,NULL,'2017-04-07 18:04:05','2017-04-07 13:07:05','Active'),(1223,3,162,3,NULL,'2017-04-07 18:04:05','2017-04-07 13:07:05','Active'),(1224,4,162,3,NULL,'2017-04-07 18:04:05','2017-04-07 13:07:05','Active'),(1225,5,162,3,NULL,'2017-04-07 18:04:05','2017-04-07 13:07:05','Active'),(1226,6,162,3,NULL,'2017-04-07 18:04:05','2017-04-07 13:07:05','Active'),(1227,8,162,3,NULL,'2017-04-07 18:04:05','2017-04-07 13:07:05','Active'),(1228,1,163,3,NULL,'2017-04-07 21:04:33','2017-04-07 16:12:33','Active'),(1229,2,163,3,NULL,'2017-04-07 21:04:33','2017-04-07 16:12:33','Active'),(1230,3,163,3,NULL,'2017-04-07 21:04:33','2017-04-07 16:12:33','Active'),(1231,4,163,3,NULL,'2017-04-07 21:04:33','2017-04-07 16:12:33','Active'),(1232,5,163,3,NULL,'2017-04-07 21:04:33','2017-04-07 16:12:33','Active'),(1233,6,163,3,NULL,'2017-04-07 21:04:33','2017-04-07 16:12:33','Active'),(1234,8,163,3,NULL,'2017-04-07 21:04:33','2017-04-07 16:12:33','Active'),(1235,1,164,3,NULL,'2017-04-18 22:04:58','2017-04-18 17:37:58','Active'),(1236,2,164,3,NULL,'2017-04-18 22:04:58','2017-04-18 17:37:58','Active'),(1237,3,164,3,NULL,'2017-04-18 22:04:58','2017-04-18 17:37:58','Active'),(1238,4,164,3,NULL,'2017-04-18 22:04:58','2017-04-18 17:37:58','Active'),(1239,5,164,3,NULL,'2017-04-18 22:04:58','2017-04-18 17:37:58','Active'),(1240,6,164,3,NULL,'2017-04-18 22:04:58','2017-04-18 17:37:58','Active'),(1241,8,164,3,NULL,'2017-04-18 22:04:58','2017-04-18 17:37:58','Active'),(1242,1,165,3,NULL,'2017-04-24 21:04:31','2017-04-24 16:12:31','Active'),(1243,2,165,3,NULL,'2017-04-24 21:04:31','2017-04-24 16:12:31','Active'),(1244,3,165,3,NULL,'2017-04-24 21:04:31','2017-04-24 16:12:31','Active'),(1245,4,165,3,NULL,'2017-04-24 21:04:31','2017-04-24 16:12:31','Active'),(1246,5,165,3,NULL,'2017-04-24 21:04:31','2017-04-24 16:12:31','Active'),(1247,6,165,3,NULL,'2017-04-24 21:04:31','2017-04-24 16:12:31','Active'),(1248,8,165,3,NULL,'2017-04-24 21:04:31','2017-04-24 16:12:31','Active'),(1249,1,166,3,NULL,'2017-04-25 21:04:48','2017-04-25 16:21:48','Active'),(1250,2,166,3,NULL,'2017-04-25 21:04:48','2017-04-25 16:21:48','Active'),(1251,3,166,3,NULL,'2017-04-25 21:04:48','2017-04-25 16:21:48','Active'),(1252,4,166,3,NULL,'2017-04-25 21:04:48','2017-04-25 16:21:48','Active'),(1253,5,166,3,NULL,'2017-04-25 21:04:48','2017-04-25 16:21:48','Active'),(1254,6,166,3,NULL,'2017-04-25 21:04:48','2017-04-25 16:21:48','Active'),(1255,8,166,3,NULL,'2017-04-25 21:04:48','2017-04-25 16:21:48','Active'),(1256,1,167,3,NULL,'2017-04-26 22:04:28','2017-04-26 17:45:28','Active'),(1257,2,167,3,NULL,'2017-04-26 22:04:28','2017-04-26 17:45:28','Active'),(1258,3,167,3,NULL,'2017-04-26 22:04:28','2017-04-26 17:45:28','Active'),(1259,4,167,3,NULL,'2017-04-26 22:04:28','2017-04-26 17:45:28','Active'),(1260,5,167,3,NULL,'2017-04-26 22:04:28','2017-04-26 17:45:28','Active'),(1261,6,167,3,NULL,'2017-04-26 22:04:28','2017-04-26 17:45:28','Active'),(1262,8,167,3,NULL,'2017-04-26 22:04:28','2017-04-26 17:45:28','Active'),(1263,1,168,3,NULL,'2017-05-05 22:05:34','2017-05-05 17:32:34','Active'),(1264,2,168,3,NULL,'2017-05-05 22:05:34','2017-05-05 17:32:34','Active'),(1265,3,168,3,NULL,'2017-05-05 22:05:34','2017-05-05 17:32:34','Active'),(1266,4,168,3,NULL,'2017-05-05 22:05:34','2017-05-05 17:32:34','Active'),(1267,5,168,3,NULL,'2017-05-05 22:05:34','2017-05-05 17:32:34','Active'),(1268,6,168,3,NULL,'2017-05-05 22:05:34','2017-05-05 17:32:34','Active'),(1269,8,168,3,NULL,'2017-05-05 22:05:34','2017-05-05 17:32:34','Active'),(1270,1,169,3,NULL,'2017-05-06 17:05:14','2017-05-06 12:11:14','Active'),(1271,2,169,3,NULL,'2017-05-06 17:05:14','2017-05-06 12:11:14','Active'),(1272,3,169,3,NULL,'2017-05-06 17:05:14','2017-05-06 12:11:14','Active'),(1273,4,169,3,NULL,'2017-05-06 17:05:14','2017-05-06 12:11:14','Active'),(1274,5,169,3,NULL,'2017-05-06 17:05:14','2017-05-06 12:11:14','Active'),(1275,6,169,3,NULL,'2017-05-06 17:05:14','2017-05-06 12:11:14','Active'),(1276,8,169,3,NULL,'2017-05-06 17:05:14','2017-05-06 12:11:14','Active'),(1277,1,170,3,NULL,'2017-05-15 14:05:57','2017-05-15 09:06:57','Active'),(1278,2,170,3,NULL,'2017-05-15 14:05:57','2017-05-15 09:06:57','Active'),(1279,3,170,3,NULL,'2017-05-15 14:05:57','2017-05-15 09:06:57','Active'),(1280,4,170,3,NULL,'2017-05-15 14:05:57','2017-05-15 09:06:57','Active'),(1281,5,170,3,NULL,'2017-05-15 14:05:57','2017-05-15 09:06:57','Active'),(1282,6,170,3,NULL,'2017-05-15 14:05:57','2017-05-15 09:06:57','Active'),(1283,8,170,3,NULL,'2017-05-15 14:05:57','2017-05-15 09:06:57','Active'),(1284,1,171,3,NULL,'2017-05-15 14:05:44','2017-05-15 09:10:44','Active'),(1285,2,171,3,NULL,'2017-05-15 14:05:44','2017-05-15 09:10:44','Active'),(1286,3,171,3,NULL,'2017-05-15 14:05:44','2017-05-15 09:10:44','Active'),(1287,4,171,3,NULL,'2017-05-15 14:05:44','2017-05-15 09:10:44','Active'),(1288,5,171,3,NULL,'2017-05-15 14:05:44','2017-05-15 09:10:44','Active'),(1289,6,171,3,NULL,'2017-05-15 14:05:44','2017-05-15 09:10:44','Active'),(1290,8,171,3,NULL,'2017-05-15 14:05:44','2017-05-15 09:10:44','Active'),(1291,1,172,3,NULL,'2017-05-18 13:05:55','2017-05-18 08:49:55','Active'),(1292,2,172,3,NULL,'2017-05-18 13:05:55','2017-05-18 08:49:55','Active'),(1293,3,172,3,NULL,'2017-05-18 13:05:55','2017-05-18 08:49:55','Active'),(1294,4,172,3,NULL,'2017-05-18 13:05:55','2017-05-18 08:49:55','Active'),(1295,5,172,3,NULL,'2017-05-18 13:05:55','2017-05-18 08:49:55','Active'),(1296,6,172,3,NULL,'2017-05-18 13:05:55','2017-05-18 08:49:55','Active'),(1297,8,172,3,NULL,'2017-05-18 13:05:55','2017-05-18 08:49:55','Active'),(1298,1,173,3,NULL,'2017-05-18 22:05:09','2017-05-18 17:06:09','Active'),(1299,2,173,3,NULL,'2017-05-18 22:05:09','2017-05-18 17:06:09','Active'),(1300,3,173,3,NULL,'2017-05-18 22:05:09','2017-05-18 17:06:09','Active'),(1301,4,173,3,NULL,'2017-05-18 22:05:09','2017-05-18 17:06:09','Active'),(1302,5,173,3,NULL,'2017-05-18 22:05:09','2017-05-18 17:06:09','Active'),(1303,6,173,3,NULL,'2017-05-18 22:05:09','2017-05-18 17:06:09','Active'),(1304,8,173,3,NULL,'2017-05-18 22:05:09','2017-05-18 17:06:09','Active'),(1305,1,174,3,NULL,'2017-06-02 13:06:59','2017-06-02 08:52:59','Active'),(1306,2,174,3,NULL,'2017-06-02 13:06:59','2017-06-02 08:52:59','Active'),(1307,3,174,3,NULL,'2017-06-02 13:06:59','2017-06-02 08:52:59','Active'),(1308,4,174,3,NULL,'2017-06-02 13:06:59','2017-06-02 08:52:59','Active'),(1309,5,174,3,NULL,'2017-06-02 13:06:59','2017-06-02 08:52:59','Active'),(1310,6,174,3,NULL,'2017-06-02 13:06:59','2017-06-02 08:52:59','Active'),(1311,8,174,3,NULL,'2017-06-02 13:06:59','2017-06-02 08:52:59','Active'),(1312,1,175,3,NULL,'2017-06-02 21:06:53','2017-06-02 16:59:53','Active'),(1313,2,175,3,NULL,'2017-06-02 21:06:53','2017-06-02 16:59:53','Active'),(1314,3,175,3,NULL,'2017-06-02 21:06:53','2017-06-02 16:59:53','Active'),(1315,4,175,3,NULL,'2017-06-02 21:06:53','2017-06-02 16:59:53','Active'),(1316,5,175,3,NULL,'2017-06-02 21:06:53','2017-06-02 16:59:53','Active'),(1317,6,175,3,NULL,'2017-06-02 21:06:53','2017-06-02 16:59:53','Active'),(1318,8,175,3,NULL,'2017-06-02 21:06:53','2017-06-02 16:59:53','Active'),(1319,1,176,3,NULL,'2017-06-15 23:06:07','2017-06-15 18:04:07','Active'),(1320,2,176,3,NULL,'2017-06-15 23:06:07','2017-06-15 18:04:07','Active'),(1321,3,176,3,NULL,'2017-06-15 23:06:07','2017-06-15 18:04:07','Active'),(1322,4,176,3,NULL,'2017-06-15 23:06:07','2017-06-15 18:04:07','Active'),(1323,5,176,3,NULL,'2017-06-15 23:06:07','2017-06-15 18:04:07','Active'),(1324,6,176,3,NULL,'2017-06-15 23:06:07','2017-06-15 18:04:07','Active'),(1325,8,176,3,NULL,'2017-06-15 23:06:07','2017-06-15 18:04:07','Active'),(1326,1,177,3,NULL,'2017-06-27 15:06:47','2017-06-27 10:57:47','Active'),(1327,2,177,3,NULL,'2017-06-27 15:06:47','2017-06-27 10:57:47','Active'),(1328,3,177,3,NULL,'2017-06-27 15:06:47','2017-06-27 10:57:47','Active'),(1329,4,177,3,NULL,'2017-06-27 15:06:47','2017-06-27 10:57:47','Active'),(1330,5,177,3,NULL,'2017-06-27 15:06:47','2017-06-27 10:57:47','Active'),(1331,6,177,3,NULL,'2017-06-27 15:06:47','2017-06-27 10:57:47','Active'),(1332,8,177,3,NULL,'2017-06-27 15:06:47','2017-06-27 10:57:47','Active'),(1333,1,178,3,NULL,'2017-07-08 16:07:15','2017-07-08 11:26:15','Active'),(1334,2,178,3,NULL,'2017-07-08 16:07:15','2017-07-08 11:26:15','Active'),(1335,3,178,3,NULL,'2017-07-08 16:07:15','2017-07-08 11:26:15','Active'),(1336,4,178,3,NULL,'2017-07-08 16:07:15','2017-07-08 11:26:15','Active'),(1337,5,178,3,NULL,'2017-07-08 16:07:15','2017-07-08 11:26:15','Active'),(1338,6,178,3,NULL,'2017-07-08 16:07:15','2017-07-08 11:26:15','Active'),(1339,8,178,3,NULL,'2017-07-08 16:07:15','2017-07-08 11:26:15','Active'),(1340,1,179,3,NULL,'2017-07-26 14:07:44','2017-07-26 09:02:44','Active'),(1341,2,179,3,NULL,'2017-07-26 14:07:44','2017-07-26 09:02:44','Active'),(1342,3,179,3,NULL,'2017-07-26 14:07:44','2017-07-26 09:02:44','Active'),(1343,4,179,3,NULL,'2017-07-26 14:07:44','2017-07-26 09:02:44','Active'),(1344,5,179,3,NULL,'2017-07-26 14:07:44','2017-07-26 09:02:44','Active'),(1345,6,179,3,NULL,'2017-07-26 14:07:44','2017-07-26 09:02:44','Active'),(1346,8,179,3,NULL,'2017-07-26 14:07:44','2017-07-26 09:02:44','Active'),(1347,1,180,3,NULL,'2017-07-26 14:07:30','2017-07-26 09:09:30','Active'),(1348,2,180,3,NULL,'2017-07-26 14:07:30','2017-07-26 09:09:30','Active'),(1349,3,180,3,NULL,'2017-07-26 14:07:30','2017-07-26 09:09:30','Active'),(1350,4,180,3,NULL,'2017-07-26 14:07:30','2017-07-26 09:09:30','Active'),(1351,5,180,3,NULL,'2017-07-26 14:07:30','2017-07-26 09:09:30','Active'),(1352,6,180,3,NULL,'2017-07-26 14:07:30','2017-07-26 09:09:30','Active'),(1353,8,180,3,NULL,'2017-07-26 14:07:30','2017-07-26 09:09:30','Active'),(1354,1,181,3,NULL,'2017-08-16 23:08:45','2017-08-16 18:25:45','Active'),(1355,2,181,3,NULL,'2017-08-16 23:08:45','2017-08-16 18:25:45','Active'),(1356,3,181,3,NULL,'2017-08-16 23:08:45','2017-08-16 18:25:45','Active'),(1357,4,181,3,NULL,'2017-08-16 23:08:45','2017-08-16 18:25:45','Active'),(1358,5,181,3,NULL,'2017-08-16 23:08:45','2017-08-16 18:25:45','Active'),(1359,6,181,3,NULL,'2017-08-16 23:08:45','2017-08-16 18:25:45','Active'),(1360,8,181,3,NULL,'2017-08-16 23:08:45','2017-08-16 18:25:45','Active'),(1361,1,182,3,NULL,'2017-08-17 18:08:57','2017-08-17 13:05:57','Active'),(1362,2,182,3,NULL,'2017-08-17 18:08:57','2017-08-17 13:05:57','Active'),(1363,3,182,3,NULL,'2017-08-17 18:08:57','2017-08-17 13:05:57','Active'),(1364,4,182,3,NULL,'2017-08-17 18:08:57','2017-08-17 13:05:57','Active'),(1365,5,182,3,NULL,'2017-08-17 18:08:57','2017-08-17 13:05:57','Active'),(1366,6,182,3,NULL,'2017-08-17 18:08:57','2017-08-17 13:05:57','Active'),(1367,8,182,3,NULL,'2017-08-17 18:08:57','2017-08-17 13:05:57','Active'),(1368,1,183,3,NULL,'2017-09-06 14:09:57','2017-09-06 09:55:57','Active'),(1369,2,183,3,NULL,'2017-09-06 14:09:57','2017-09-06 09:55:57','Active'),(1370,3,183,3,NULL,'2017-09-06 14:09:57','2017-09-06 09:55:57','Active'),(1371,4,183,3,NULL,'2017-09-06 14:09:57','2017-09-06 09:55:57','Active'),(1372,5,183,3,NULL,'2017-09-06 14:09:57','2017-09-06 09:55:57','Active'),(1373,6,183,3,NULL,'2017-09-06 14:09:57','2017-09-06 09:55:57','Active'),(1374,8,183,3,NULL,'2017-09-06 14:09:57','2017-09-06 09:55:57','Active'),(1375,1,184,3,NULL,'2017-09-29 18:09:07','2017-09-29 13:01:07','Active'),(1376,2,184,3,NULL,'2017-09-29 18:09:07','2017-09-29 13:01:07','Active'),(1377,3,184,3,NULL,'2017-09-29 18:09:07','2017-09-29 13:01:07','Active'),(1378,4,184,3,NULL,'2017-09-29 18:09:07','2017-09-29 13:01:07','Active'),(1379,5,184,3,NULL,'2017-09-29 18:09:07','2017-09-29 13:01:07','Active'),(1380,6,184,3,NULL,'2017-09-29 18:09:07','2017-09-29 13:01:07','Active'),(1381,8,184,3,NULL,'2017-09-29 18:09:07','2017-09-29 13:01:07','Active');
/*!40000 ALTER TABLE `field_datas` ENABLE KEYS */;
UNLOCK TABLES;

--
-- Table structure for table `field_names`
--

DROP TABLE IF EXISTS `field_names`;
/*!40101 SET @saved_cs_client     = @@character_set_client */;
/*!40101 SET character_set_client = utf8 */;
CREATE TABLE `field_names` (
  `id` int(11) unsigned NOT NULL AUTO_INCREMENT,
  `catalog_names_id` int(11) unsigned DEFAULT NULL,
  `catalog_fields_id` int(11) unsigned DEFAULT NULL,
  `field_names` varchar(150) DEFAULT NULL,
  `field_description` text,
  `create` timestamp NOT NULL DEFAULT CURRENT_TIMESTAMP,
  `modified` datetime DEFAULT NULL,
  `status` enum('Active','Inactive') NOT NULL DEFAULT 'Active',
  PRIMARY KEY (`id`)
) ENGINE=MyISAM AUTO_INCREMENT=9 DEFAULT CHARSET=utf8;
/*!40101 SET character_set_client = @saved_cs_client */;

--
-- Dumping data for table `field_names`
--

LOCK TABLES `field_names` WRITE;
/*!40000 ALTER TABLE `field_names` DISABLE KEYS */;
INSERT INTO `field_names` VALUES (1,1,2,'direccion ip local','direccion ip local','0000-00-00 00:00:00','2015-12-08 13:28:00','Active'),(2,2,3,'extension','extension','0000-00-00 00:00:00','2016-04-08 12:44:46','Active'),(3,4,7,'Skype password','Skype pass app','0000-00-00 00:00:00','2016-07-04 15:29:54','Active'),(4,4,6,'email pass','email pass','0000-00-00 00:00:00','2016-07-04 15:30:18','Active'),(5,3,4,'Licencia Office 2010','office 2010','0000-00-00 00:00:00','2016-07-04 15:31:02','Active'),(6,3,5,'Licencia Office 2016','office 2016','0000-00-00 00:00:00','2016-07-04 15:31:17','Active'),(8,5,9,'Skype ID','Usuario Skype','0000-00-00 00:00:00','2016-07-04 16:08:19','Active');
/*!40000 ALTER TABLE `field_names` ENABLE KEYS */;
UNLOCK TABLES;

--
-- Table structure for table `field_views`
--

DROP TABLE IF EXISTS `field_views`;
/*!40101 SET @saved_cs_client     = @@character_set_client */;
/*!40101 SET character_set_client = utf8 */;
CREATE TABLE `field_views` (
  `id` int(11) unsigned NOT NULL AUTO_INCREMENT,
  `view_types_id` int(11) unsigned NOT NULL,
  `field_view_lenght` varchar(150) DEFAULT NULL,
  `field_view_description` text,
  `create` timestamp NOT NULL DEFAULT CURRENT_TIMESTAMP,
  `modified` datetime DEFAULT NULL,
  `status` enum('Active','Inactive') NOT NULL DEFAULT 'Active',
  PRIMARY KEY (`id`)
) ENGINE=MyISAM AUTO_INCREMENT=3 DEFAULT CHARSET=utf8;
/*!40101 SET character_set_client = @saved_cs_client */;

--
-- Dumping data for table `field_views`
--

LOCK TABLES `field_views` WRITE;
/*!40000 ALTER TABLE `field_views` DISABLE KEYS */;
INSERT INTO `field_views` VALUES (1,1,'6','horizontal header lenght','2015-12-08 19:06:09',NULL,'Active'),(2,1,'3','horizontal header lenght','2015-12-08 19:06:09',NULL,'Active');
/*!40000 ALTER TABLE `field_views` ENABLE KEYS */;
UNLOCK TABLES;

--
-- Table structure for table `view_types`
--

DROP TABLE IF EXISTS `view_types`;
/*!40101 SET @saved_cs_client     = @@character_set_client */;
/*!40101 SET character_set_client = utf8 */;
CREATE TABLE `view_types` (
  `id` int(11) unsigned NOT NULL AUTO_INCREMENT,
  `view_name` varchar(150) DEFAULT NULL,
  `view_media` varchar(255) DEFAULT NULL,
  `view_description` text,
  `create` timestamp NOT NULL DEFAULT CURRENT_TIMESTAMP,
  `modified` datetime DEFAULT NULL,
  `status` enum('Active','Inactive') NOT NULL DEFAULT 'Active',
  PRIMARY KEY (`id`)
) ENGINE=MyISAM AUTO_INCREMENT=3 DEFAULT CHARSET=utf8;
/*!40101 SET character_set_client = @saved_cs_client */;

--
-- Dumping data for table `view_types`
--

LOCK TABLES `view_types` WRITE;
/*!40000 ALTER TABLE `view_types` DISABLE KEYS */;
INSERT INTO `view_types` VALUES (1,'horizontal','desktop','horizontal lenght','2015-12-08 19:06:09',NULL,'Active'),(2,'vertical','desktop','vertical lenght','2015-12-08 19:06:09',NULL,'Active');
/*!40000 ALTER TABLE `view_types` ENABLE KEYS */;
UNLOCK TABLES;

--
-- Current Database: `policies`
--

CREATE DATABASE /*!32312 IF NOT EXISTS*/ `policies` /*!40100 DEFAULT CHARACTER SET utf8 */;

USE `policies`;

--
-- Table structure for table `business_units`
--

DROP TABLE IF EXISTS `business_units`;
/*!40101 SET @saved_cs_client     = @@character_set_client */;
/*!40101 SET character_set_client = utf8 */;
CREATE TABLE `business_units` (
  `id` int(11) unsigned NOT NULL AUTO_INCREMENT,
  `company_id` int(11) unsigned NOT NULL,
  `name` varchar(150) DEFAULT NULL,
  `description` text,
  `create` timestamp NOT NULL DEFAULT CURRENT_TIMESTAMP,
  `modified` datetime DEFAULT NULL,
  `status` enum('Active','Inactive') NOT NULL DEFAULT 'Active',
  PRIMARY KEY (`id`)
) ENGINE=MyISAM AUTO_INCREMENT=9 DEFAULT CHARSET=utf8;
/*!40101 SET character_set_client = @saved_cs_client */;

--
-- Dumping data for table `business_units`
--

LOCK TABLES `business_units` WRITE;
/*!40000 ALTER TABLE `business_units` DISABLE KEYS */;
INSERT INTO `business_units` VALUES (1,1,'TBKORI','Unidad de Negocio Orizaba','0000-00-00 00:00:00','2015-09-08 13:11:29','Active'),(2,1,'TBKGDL','Unidad de Negocio Guadalajara','0000-00-00 00:00:00','2015-09-08 13:12:05','Active'),(3,1,'TBKRAM','Unidad de Negocio Ramos Arizpe','0000-00-00 00:00:00','2015-09-08 13:12:29','Active'),(4,1,'TBKHER','Unidad de Negocio Hermosillo','0000-00-00 00:00:00','2015-09-08 13:13:43','Active'),(5,1,'TBKLAP','Unidad de Negocio La Paz','0000-00-00 00:00:00','2015-09-08 13:15:41','Active'),(6,1,'TBKMEX','Unidad de Negocio Mexicali','0000-00-00 00:00:00','2015-09-08 13:16:00','Active'),(7,2,'ATMMAC','Unidad de Negocio Macuspana','0000-00-00 00:00:00','2015-09-08 13:16:28','Active'),(8,3,'TEICUA','Unidad de Negocio Teisa','0000-00-00 00:00:00','2015-09-08 13:16:51','Active');
/*!40000 ALTER TABLE `business_units` ENABLE KEYS */;
UNLOCK TABLES;

--
-- Table structure for table `company`
--

DROP TABLE IF EXISTS `company`;
/*!40101 SET @saved_cs_client     = @@character_set_client */;
/*!40101 SET character_set_client = utf8 */;
CREATE TABLE `company` (
  `id` int(11) unsigned NOT NULL AUTO_INCREMENT,
  `user_id` int(11) unsigned NOT NULL,
  `group_id` int(11) unsigned NOT NULL,
  `name` varchar(150) DEFAULT NULL,
  `description` text,
  `create` timestamp NOT NULL DEFAULT CURRENT_TIMESTAMP,
  `modified` datetime DEFAULT NULL,
  `status` enum('Active','Inactive') NOT NULL DEFAULT 'Active',
  `nom_id` int(11) unsigned NOT NULL DEFAULT '0',
  PRIMARY KEY (`id`)
) ENGINE=MyISAM AUTO_INCREMENT=5 DEFAULT CHARSET=utf8;
/*!40101 SET character_set_client = @saved_cs_client */;

--
-- Dumping data for table `company`
--

LOCK TABLES `company` WRITE;
/*!40000 ALTER TABLE `company` DISABLE KEYS */;
INSERT INTO `company` VALUES (1,3,1,'TBK','Transportes Bonampak S.A. de C.V.','0000-00-00 00:00:00','2015-09-03 14:24:38','Active',2),(2,1,1,'ATM','Autotransportes Macuspana S.A de C.V.','0000-00-00 00:00:00','2015-09-03 14:25:21','Active',3),(3,3,1,'TEISA','Transportadora Especializada S.A. de C.V.','0000-00-00 00:00:00','2015-09-03 14:25:58','Active',1),(4,1,1,'GST','Grupo Servicios de Transporte S.A. de C.V. ','0000-00-00 00:00:00','2015-09-03 14:26:35','Active',4);
/*!40000 ALTER TABLE `company` ENABLE KEYS */;
UNLOCK TABLES;

--
-- Table structure for table `policies`
--

DROP TABLE IF EXISTS `policies`;
/*!40101 SET @saved_cs_client     = @@character_set_client */;
/*!40101 SET character_set_client = utf8 */;
CREATE TABLE `policies` (
  `id` int(11) unsigned NOT NULL AUTO_INCREMENT,
  `policies_type` int(11) NOT NULL DEFAULT '0',
  `policies_subtypes_id` int(11) unsigned NOT NULL DEFAULT '1',
  `format_id` int(11) unsigned NOT NULL DEFAULT '1',
  `user_id` int(11) unsigned NOT NULL,
  `group_id` int(11) unsigned NOT NULL,
  `empresa_id` int(11) unsigned NOT NULL,
  `policies_path` varchar(255) NOT NULL,
  `name` varchar(150) DEFAULT NULL,
  `description` text,
  `create` timestamp NOT NULL DEFAULT CURRENT_TIMESTAMP,
  `modified` datetime DEFAULT NULL,
  `status` enum('Active','Inactive') NOT NULL DEFAULT 'Active',
  PRIMARY KEY (`id`)
) ENGINE=MyISAM AUTO_INCREMENT=101 DEFAULT CHARSET=utf8;
/*!40101 SET character_set_client = @saved_cs_client */;

--
-- Dumping data for table `policies`
--

LOCK TABLES `policies` WRITE;
/*!40000 ALTER TABLE `policies` DISABLE KEYS */;
INSERT INTO `policies` VALUES (1,1,1,1,8,5,0,'943a1f6197ea58f75c44db31fc0a267d.pdf','Poltica de Bono','Poltica de Bono','0000-00-00 00:00:00','2016-06-14 13:51:48','Inactive'),(2,1,1,1,8,5,0,'96452effe413220871ae17764b35a3cf.pdf','Poltica Sobre Conflicto de Intereses','Poltica Sobre Conflicto de Intereses','0000-00-00 00:00:00','2017-01-06 12:19:43','Inactive'),(3,1,1,1,5,5,0,'f81e9ffc991fc661715071ade1c7451e.pdf','Poltica y Procedimiento de Auditora Interna','Politica y Procedimiento de Auditora Interna','0000-00-00 00:00:00','2016-06-15 11:17:13','Inactive'),(5,1,1,1,5,5,0,'98625f1e49af73827af4d84b4627f5a5.pdf','Poltica y Procedimiento de Gastos de Viaje','Poltica y Procedimiento de Gastos de Viaje','0000-00-00 00:00:00','2015-09-11 16:55:51','Inactive'),(6,1,1,1,5,5,0,'eae0cad20d149e7303e3c174605684f6.pdf','Poltica y Procedimiento de Tarjetas de Crdito Empresariales','Poltica y Procedimiento de Tarjetas de Crdito Empresariales','2015-07-28 19:29:00','2015-08-12 11:46:08','Active'),(7,1,1,1,5,5,0,'f8755dfb49f2c6e2107982ad138bcd20.pdf','Poltica y Procedimiento de Tesorera Centralizada','Poltica y Procedimiento de Tesorera Centralizada','2015-07-28 19:30:00','2015-08-12 11:46:36','Active'),(8,1,1,1,5,5,0,'08c7b2d421b404fab8e486b772162a9b.pdf','Poltica y Procedimiento de Venta de Activo Fijo','Poltica y Procedimiento de Venta de Activo Fijo','2015-07-28 19:30:00','2015-08-12 11:47:38','Active'),(9,1,1,1,5,1,0,'78050c6c9e14d459d8f67467a847a83c.pdf','Polticas de Tecnologas de Informacin y Sistemas','Polticas de Tecnologas de Informacin y Sistemas','2015-07-28 19:30:00','2015-08-12 11:47:59','Active'),(10,1,1,1,5,1,0,'ee319373deb5524ad97e90f3b66bed95.pdf','Polticas para el Manejo de Fondo Fijo y Caja Chica','Polticas para el Manejo de Fondo Fijo y Caja Chica','2015-07-28 19:31:00','2015-08-12 11:48:20','Active'),(11,1,1,1,5,1,0,'e6cec696ff9d5a052d9c68ec34d8e2ee.pdf','Polticas Sobre el Uso de Uniformes y Presentacin Personal Mayo 2014','Polticas Sobre el Uso de Uniformes y Presentacin Personal Mayo 2014','2015-07-28 19:31:00','2015-07-28 16:21:27','Active'),(14,1,1,1,5,5,0,'236ea2e6c8a6bd74a3e3877343c02009.pdf','Polticas y Procedimientos de Crdito y Cobranza GST','Polticas y Procedimientos de Crdito y Cobranza GST','2015-07-28 19:43:00','2015-07-28 16:21:33','Active'),(15,2,1,2,8,5,0,'7670d1315e7dfab735eb61bbdb1d9fef.pdf','F2-Manual-ATM','Manual de Imagen ATM','0000-00-00 00:00:00','2015-08-31 13:20:58','Inactive'),(16,2,2,2,8,5,0,'04b093b98c8f1fe9d752fbddc7ad3512.pdf','F2 Manual TEISA','Manual de Imagen Teisa','0000-00-00 00:00:00','2015-09-29 17:39:07','Active'),(17,2,2,2,8,5,0,'9ef5b6f1d3b907b12f1758d1b1b14913.pdf','F2 Manual TBK','Manual de imagen Bonampak','0000-00-00 00:00:00','2015-09-29 17:39:34','Active'),(18,2,2,2,8,5,0,'1c97de57a43192e1b0a333b01ffcac87.pdf','F2 Manual GST','Manual de Imagen GST','0000-00-00 00:00:00','2015-09-29 17:39:42','Active'),(19,2,2,2,8,5,0,'7670d1315e7dfab735eb61bbdb1d9fef.pdf','F2 Manual ATM','Manual  de Imagen ATM','0000-00-00 00:00:00','2015-09-29 17:39:49','Active'),(20,1,8,1,8,5,0,'9936f466ddaab6604b468c4199a1d1e8.pdf','POL-GST-SS-001 Seguridad y Salud Ocupacional','POL-GST-SS-001 Seguridad y Salud Ocupacional','0000-00-00 00:00:00','2016-01-14 15:37:26','Active'),(21,1,8,1,8,5,0,'d1621aa36cb749af9cfee8aafe96a2ce.pdf','POL-GST-SS-002 Cuadro de Sanciones','POL-GST-SS-002 Cuadro de Sanciones','0000-00-00 00:00:00','2016-01-14 15:37:39','Active'),(25,1,7,1,8,5,0,'2c7ccba873358eabbd0192d82ddef2f1.pdf','POL-GST-FA-001 Gastos de Viaje','POL-GST-FA-001 Gastos de Viaje ','0000-00-00 00:00:00','2016-01-14 15:33:27','Active'),(26,3,3,1,8,5,0,'dc3fa2a9a15ffbef9409132500e5c24e.pdf','PRO-GST-FA-001 Procedimiento para Comprobacion y Rembolso de Gastos de Viaje Personal de GST','PRO-GST-FA-001 Procedimiento para Comprobacion y Rembolso de Gastos de Viaje Personal de GST','0000-00-00 00:00:00','2015-09-29 17:43:53','Active'),(32,3,3,1,8,5,0,'d6b986675edb7b933aeee271d3e278e1.pdf','PRO-GST-FA-002 Procedimiento para Comprobacion y Rembolso de Gastos de Viaje Colaboradores ','PRO-GST-FA-002 Procedimiento para Comprobacion y Rembolso de Gastos de Viaje Colaboradores','0000-00-00 00:00:00','2015-09-29 17:44:08','Active'),(35,4,1,1,8,5,0,'01aec71bccdfba1ffb7abf1439f85b9f.pdf','Matriz de montos maximos autorizados para viajes','Matriz de montos maximos autorizados para viajes','0000-00-00 00:00:00','2015-11-23 16:30:04','Active'),(34,4,1,1,8,5,0,'01aec71bccdfba1ffb7abf1439f85b9f.pdf','Matriz de montos maximos autorizados para viajes','Matriz de montos maximos autorizados para viajes','0000-00-00 00:00:00','2015-11-26 18:12:46','Inactive'),(36,3,9,1,8,5,0,'3a266238decef0be2975ca4d0aa2d17b.pdf','PRO-GST-SS-001 Procedimiento Bitcora de Viaje','PRO-GST-SS-001 Procedimiento Bitcora de Viaje','0000-00-00 00:00:00','2016-01-14 16:11:26','Active'),(37,4,1,1,8,5,0,'700e4029a0469c3c323a9fe81c75461a.pdf','FOR-GST-SS-003 Bitcora de Viaje_TEI','FOR-GST-SS-003 Bitcora de Viaje_TEI','0000-00-00 00:00:00','2015-11-30 16:26:59','Active'),(38,4,1,1,8,5,0,'12978675889707072c25a25389e2ac78.pdf','FOR-GST-SS-003 Bitcora de Viaje_TBK','FOR-GST-SS-003 Bitcora de Viaje_TBK','0000-00-00 00:00:00','2015-11-30 16:27:37','Active'),(39,4,1,1,8,5,0,'eec193fbed032aa84738038a1745dcf4.pdf','FOR-GST-SS-003 Bitcora de Viaje_ATM','FOR-GST-SS-003 Bitcora de Viaje_ATM','0000-00-00 00:00:00','2015-11-30 16:31:17','Active'),(40,1,6,1,8,5,0,'e9f907a5ebba34185077b8dec29b6b33.pdf','POL-GST-TI-001 Asignacion de Telefono celular corporativo','POL-GST-TI-001 Asignacion de Telefono celular corporativo','0000-00-00 00:00:00','2016-01-14 15:38:02','Active'),(41,4,1,1,8,5,0,'b278c2cb70721c5dde5f78c13ee5ccb1.pdf','FOR-GST-TI-001 Tabla de planes de telefona celular','FOR-GST-TI-001 Tabla de planes de telefona celular','0000-00-00 00:00:00','2016-01-13 15:24:04','Active'),(42,1,10,1,8,5,0,'f32867e9fb0befc771a4ac27b7794a89.pdf','POL-GST-RH-002 VACACIONES PARA PERSONAL ADMINISTRATIVO GRUPO GST','POL-GST-RH-002 VACACIONES PARA PERSONAL ADMINISTRATIVO GRUPO GST','0000-00-00 00:00:00','2016-01-28 10:14:56','Active'),(43,4,1,2,8,5,0,'463d918f86c765f90e2e01a119ddc940.pdf','FOR-GST-RH-001 Programa de Vacaciones GST','FOR-GST-RH-001 Programa de Vacaciones GST','0000-00-00 00:00:00','2016-01-28 10:21:56','Active'),(44,4,1,2,8,5,0,'4435db4b738e3391e3753e3a3b5e72fc.pdf','FOR-GST-RH-001 Programa de Vacaciones Atm','FOR-GST-RH-001 Programa de Vacaciones Atm','0000-00-00 00:00:00','2016-01-28 10:26:06','Active'),(45,4,1,2,8,5,0,'af4f17cf4bd0a7301ffc47985a51f699.pdf','FOR-GST-RH-001 Programa de Vacaciones Tbk','FOR-GST-RH-001 Programa de Vacaciones Tbk','0000-00-00 00:00:00','2016-01-28 10:29:35','Active'),(46,4,1,2,8,5,0,'53803fc01e52c8ff59cd880930290884.pdf','FOR-GST-RH-001 Programa de Vacaciones Teisa','FOR-GST-RH-001 Programa de Vacaciones Teisa','0000-00-00 00:00:00','2016-01-28 10:30:17','Active'),(51,3,9,1,8,5,0,'de9ce354b2684af2b42c0ceafd47ebd9.pdf','PRO-GST-SS-002 Procedimiento Prueba de Alcoholemia Rev 00','PRO-GST-SS-002 Procedimiento Prueba de Alcoholemia Rev 00','0000-00-00 00:00:00','2016-09-23 18:16:05','Active'),(50,1,10,1,8,5,0,'131d0b7577a65c218aa362d3dfda6593.pdf','POL-GST-RH-003 POLITICA DE BONO ANUAL PARA PERSONAL NO SINDICALIZADO','POL-GST-RH-003 POLITICA DE BONO ANUAL PARA PERSONAL NO SINDICALIZADO','0000-00-00 00:00:00','2016-09-27 10:04:22','Active'),(52,3,9,1,8,5,0,'c0cc79730044193691958dda90edf484.pdf','PRO-GST-SS-003 Procedimiento Prueba de Antidoping','PRO-GST-SS-003 Procedimiento Prueba de Antidoping','0000-00-00 00:00:00','2016-10-03 19:13:00','Active'),(53,1,8,1,8,5,0,'d3d5d0ea97f2924a9942eaa18401a122.pdf','POL-GST-SS-003 REV 00 Seguridad vial','POL-GST-SS-003 REV 00 Seguridad vial','0000-00-00 00:00:00','2016-11-18 09:48:35','Active'),(54,3,9,1,8,5,0,'003cd7967cf3303b11739931e6280e83.pdf','PRO-GST-SS-004 REV 00 Procedimiento Notificacion y Reporte de Accidentes','PRO-GST-SS-004 REV 00 Procedimiento Notificacion y Reporte de Accidentes','0000-00-00 00:00:00','2016-11-18 09:55:21','Active'),(55,2,11,1,8,5,0,'5a9155ba7be73e8b6f7582a5bed9bad7.pdf','Manual de Contabilidad Grupo GST','Manual de Contabilidad Grupo GST','0000-00-00 00:00:00','2016-12-06 09:59:12','Active'),(56,1,12,1,8,5,0,'1fa44a51e1e5639a537adb3cf9e5ebc2.pdf','POL-GST-CO-003 Conflicto de Interes Rev 01','POL-GST-CO-003 Conflicto de Interes Rev 01','0000-00-00 00:00:00','2017-01-06 12:16:36','Active'),(57,1,6,1,8,5,0,'f7fddaefc459f13a56dd20d397af8f66.pdf','POL-GST-TI-002  POLITICA PARA LA ADMINISTRACION DE CLAVES DE ACCESO A LOS SISTEMAS DE GRUPO GST','POL-GST-TI-002  POLITICA PARA LA ADMINISTRACION DE CLAVES DE ACCESO A LOS SISTEMAS DE GRUPO GST','0000-00-00 00:00:00','2017-04-05 18:47:32','Active'),(58,2,13,1,8,5,0,'dff9178a9595afa3a028bb9b22cfc390.pdf','GUI-GST-CO-002 Guia de usuario de mantenimiento de proveedores','GUI-GST-CO-002 Guia de usuario de mantenimiento de proveedores','0000-00-00 00:00:00','2017-04-12 12:07:48','Active'),(61,2,13,1,8,5,0,'ec1ffd139779c8070631e7104607bd01.pdf','GUI-GST-CO-001 Guia de usuario de Suministros','GUI-GST-CO-001 Guia de usuario de Suministros.pdf','0000-00-00 00:00:00','2017-04-12 13:16:29','Active'),(62,3,14,1,8,5,0,'28caf9588b022f5efc975ebdc8b00983.pdf','PRO-GST-CO-002 Mantenimiento de proveedores','PRO-GST-CO-002 Mantenimiento de proveedores','0000-00-00 00:00:00','2017-04-12 13:30:39','Active'),(63,3,14,1,8,5,0,'e7ec96d67decff33653901f18d43a686.pdf','PRO-GST-CO-004 Soporte a usuarios','PRO-GST-CO-004 Soporte a usuarios','0000-00-00 00:00:00','2017-04-12 13:38:33','Active'),(64,3,14,1,8,5,0,'87af77391e82cd9a3b8212be3031423e.pdf','PRO-GST-CO-001 Procedimiento de Suministros','PRO-GST-CO-001 Procedimiento de Suministros','0000-00-00 00:00:00','2017-04-12 13:51:15','Active'),(65,1,12,1,8,5,0,'3ca9b1874d1a60e8d8afe02b022f68db.pdf','POL-GST-CO-004 Politica de Suministros','POL-GST-CO-004 Politica de Suministros','0000-00-00 00:00:00','2017-04-12 13:52:57','Active'),(66,3,9,1,8,5,0,'f953a14bd017376b97d7364d7c98be6f.pdf','PRO-GST-SS-010 Procedimiento Consignas de Vigilancia','PRO-GST-SS-010 Procedimiento Consignas de Vigilancia','0000-00-00 00:00:00','2017-04-27 18:29:12','Active'),(67,3,15,1,8,5,0,'1a802311e4fab53ea54ab3627557ca2a.pdf','Procedimiento de Conciliacion de Casetas I+D Mexico','Procedimiento de Conciliacion de Casetas I+D Mexico','0000-00-00 00:00:00','2017-05-12 17:06:24','Active'),(68,2,16,1,8,5,0,'3d097c95125d35d4a44194a4b1658745.pdf','Manual de Conciliacion de Casetas I+D','Manual de Conciliacion de Casetas I+D','0000-00-00 00:00:00','2017-05-12 17:50:46','Active'),(69,1,17,1,8,5,0,'0336eadb18ee995c5731ba959c4fecd3.pdf','POL-GST-OP-001 Politica de Viajes de Servicio al Cliente','POL-GST-OP-001 Politica de Viajes de Servicio al Cliente','0000-00-00 00:00:00','2017-05-16 16:24:40','Active'),(70,2,16,1,8,5,0,'6f331f00f43566efcb13ec9d0cb451a4.pdf','GUI-GST-OP-001 Guia de Usuario Operaciones','GUI-GST-OP-001 Guia de Usuario Operaciones','0000-00-00 00:00:00','2017-05-16 16:26:45','Active'),(71,2,16,1,8,5,0,'bdf542091bee23e832a67ea7d46a6598.pdf','GUI-GST-OP-002 Guia de usuario Liquidaciones','GUI-GST-OP-002 Guia de usuario Liquidaciones','0000-00-00 00:00:00','2017-05-16 16:29:40','Active'),(72,3,15,1,8,5,0,'ebd442921e462d9928776e53eb50e295.pdf','PRO-GST-OP-002 Procedimiento de Crear convenios y rutas','PRO-GST-OP-002 Procedimiento de Crear convenios y rutas','0000-00-00 00:00:00','2017-05-16 16:32:04','Active'),(73,3,15,1,8,5,0,'7740b8f277f3046a0b2d8990c44ee278.pdf','PRO-GST-OP-003 Procedimiento de Generar viaje cargado','PRO-GST-OP-003 Procedimiento de Generar viaje cargado','0000-00-00 00:00:00','2017-05-16 16:33:18','Active'),(74,3,15,1,8,5,0,'317d04284c610ddc19b82e1fb5842041.pdf','PRO-GST-OP-004 Procedimiento de Generar viaje vacio','PRO-GST-OP-004 Procedimiento de Generar viaje vacio','0000-00-00 00:00:00','2017-05-16 16:34:02','Active'),(75,3,15,1,8,5,0,'8675e3aef8411953beadd7102073b2bc.pdf','PRO-GST-OP-005 Procedimiento de Dar seguimiento al viaje','PRO-GST-OP-005 Procedimiento de Dar seguimiento al viaje','0000-00-00 00:00:00','2017-05-16 16:35:05','Active'),(76,3,15,1,8,5,0,'f82d1f935185971c3903463c70631294.pdf','PRO-GST-OP-006 Procedimiento de Recepcion de documentos','PRO-GST-OP-006 Procedimiento de Recepcion de documentos','0000-00-00 00:00:00','2017-05-16 16:35:49','Active'),(77,3,15,1,8,5,0,'ea9d2718d9362ca84e98f13beb5ff298.pdf','PRO-GST-OP-007 Procedimiento de Liquidacion de Viaje','PRO-GST-OP-007 Procedimiento de Liquidacion de Viaje','0000-00-00 00:00:00','2017-05-16 16:36:27','Active'),(78,1,10,1,8,5,0,'f6e2f5f3e221bcf2a063f529d3759bd4.pdf','POL-GST-RH-005 POLITICA DE PAGO DE NOMINA','POL-GST-RH-005 POLITICA DE PAGO DE NOMINA','0000-00-00 00:00:00','2017-05-16 17:11:01','Active'),(79,3,18,1,8,5,0,'a5c960426560aa1340ad59d22e440820.pdf','PRO-GST-RH-001 Procedimiento de Nomina','PRO-GST-RH-001 Procedimiento de Nomina','0000-00-00 00:00:00','2017-05-16 17:16:14','Active'),(80,1,7,1,8,5,0,'54bd6f0c1a3be2dc6c07c2f0962d25d2.pdf','POL-GST-FA-003 Politica de Tesoreria Centralizada','POL-GST-FA-003 Politica de Tesoreria Centralizada','0000-00-00 00:00:00','2017-05-16 17:20:43','Active'),(81,2,19,1,8,5,0,'cb8803f02cdefb655148a472fa62be53.pdf','GUI-GST-RH-001 Guia de usuario de Nomina','GUI-GST-RH-001 Guia de usuario de Nomina','0000-00-00 00:00:00','2017-05-16 17:24:08','Active'),(82,2,20,1,8,5,0,'b9d39f079e38bcd813574919500c91d0.pdf','GUI-GST-FA-001 Guia de usuario de Pago a Proveedores','GUI-GST-FA-001 Guia de usuario de Pago a Proveedores','0000-00-00 00:00:00','2017-05-16 17:28:02','Active'),(83,2,20,1,8,5,0,'eb0631c1de96fa11524e692793deb1dd.pdf','GUI-GST-FA-002 Guia de usuario de Anticipos y Gastos de Viaje','GUI-GST-FA-002 Guia de usuario de Anticipos y Gastos de Viaje','0000-00-00 00:00:00','2017-05-16 17:38:06','Active'),(84,3,3,1,8,5,0,'8824dcfa55c97db02ccf8304f27f71dd.pdf','PRO-GST-FA-003 Procedimiento de Pago a Proveedores','PRO-GST-FA-003 Procedimiento de Pago a Proveedores','0000-00-00 00:00:00','2017-05-17 11:37:07','Active'),(85,3,3,1,8,5,0,'f4dfbb792ca28beeebab390c9bffefde.pdf','PRO-GST-FA-004 Procedimiento de Anticipo y Gastos de Viaje','PRO-GST-FA-004 Procedimiento de Anticipo y Gastos de Viaje','0000-00-00 00:00:00','2017-05-17 11:37:21','Active'),(91,3,3,1,1,7,0,'3a5b24e19e6773b2cba3ee969901d5df.pdf','PRO-GST-FA-005 Procedimiento de Control de Ingresos y Egresos','PRO-GST-FA-005 Procedimiento de Control de Ingresos y Egresos (Tesorera)','2017-05-18 11:05:38','2017-05-18 18:37:38','Active'),(94,5,23,1,1,7,0,'361a57284dcb019d7a344cd4584acb4f.pdf','FOR-GST-RH-007 FORMATO DE REPORTE DE TRABAJO','FOR-GST-RH-007 FORMATO DE REPORTE DE TRABAJO','2017-07-10 15:07:56','2017-07-10 10:16:56','Active'),(100,5,23,1,1,7,0,'e9628a9ce19e496c745355041a3985fa.pdf','FOR-GST-RH-008 REQUISICIN DE PERSONAL','FOR-GST-RH-008 REQUISICIN DE PERSONAL','2017-08-31 14:08:12','2017-08-31 09:31:12','Active'),(96,5,23,1,1,7,0,'58b3d644651fc69ceb7347441f95b69c.pdf','FOR-GST-RH-009 AUTORIZACIN DE MOVIMIENTOS DE PERSONAL A NMINA','FOR-GST-RH-009 AUTORIZACIN DE MOVIMIENTOS DE PERSONAL A NMINA','2017-07-10 15:07:47','2017-07-10 10:19:47','Active'),(97,1,12,1,1,7,0,'e37c22f37ab1ccad87b214cf1b44a457.pdf','POL-GST-CO-001 Elaboracion de Politicas','POL-GST-CO-001 Elaboracion de Politicas','2017-08-15 07:08:19','2017-08-15 14:52:19','Active'),(99,1,12,1,1,7,0,'96494ae6688fa94bb27750f3b2085922.pdf','POL-GST-CO-002 Marco de Actuacin de Auditoria Interna','POL-GST-CO-002 Marco de Actuacin de Auditoria Interna','2017-08-18 09:08:57','2017-08-18 16:30:57','Active');
/*!40000 ALTER TABLE `policies` ENABLE KEYS */;
UNLOCK TABLES;

--
-- Table structure for table `policies_anexos`
--

DROP TABLE IF EXISTS `policies_anexos`;
/*!40101 SET @saved_cs_client     = @@character_set_client */;
/*!40101 SET character_set_client = utf8 */;
CREATE TABLE `policies_anexos` (
  `id` int(11) unsigned NOT NULL AUTO_INCREMENT,
  `policies_id` int(11) unsigned NOT NULL,
  `download` tinyint(1) NOT NULL DEFAULT '1',
  `anexo_path` varchar(100) NOT NULL,
  `name` varchar(200) NOT NULL,
  `description` text,
  `create` timestamp NOT NULL DEFAULT CURRENT_TIMESTAMP,
  `modified` datetime DEFAULT NULL,
  `status` enum('Active','Inactive') NOT NULL DEFAULT 'Active',
  PRIMARY KEY (`id`)
) ENGINE=MyISAM AUTO_INCREMENT=76 DEFAULT CHARSET=utf8;
/*!40101 SET character_set_client = @saved_cs_client */;

--
-- Dumping data for table `policies_anexos`
--

LOCK TABLES `policies_anexos` WRITE;
/*!40000 ALTER TABLE `policies_anexos` DISABLE KEYS */;
INSERT INTO `policies_anexos` VALUES (1,19,1,'acea769091323108189706d1f489a830.docx','Documento Portada Presentacin ATM','Portada de Presentacin ATM documento en word','0000-00-00 00:00:00','2015-08-31 13:25:09','Active'),(2,19,1,'36fb050c2c4bfe6684954b75851052fa.pptx','Presentacin Portada Presentacin ATM','Portada Presentacinn  ATM Diapositivas en powerpoint','0000-00-00 00:00:00','2015-08-31 13:25:40','Active'),(3,19,1,'7ff7226390afe199cea02070e5982e5e.docx','Documento Pgina Presentacin ATM','Documento en word Pgina Presentacin ATM','0000-00-00 00:00:00','2015-08-31 13:25:47','Active'),(4,19,1,'76ec0fdcdd74445022c51f41dceb3672.pptx','Diapositiva Presentacin','Diapositiva Pgina presentacin en powerpoint','0000-00-00 00:00:00','2015-08-31 13:25:56','Active'),(5,16,1,'75be0f4e86d476b35b6e2757a97ab68a.pptx','Diapositiva Portada Presentacin Teisa','Documento PowerPoint Portada Presentacin Teisa','0000-00-00 00:00:00','2015-08-31 13:32:46','Active'),(6,16,1,'656e1480b42d327f9bd8486a4bf08d9a.docx','Documento Portada Presentacin Teisa','Documento Portada Presentacin Teisa','0000-00-00 00:00:00','2015-08-31 13:30:07','Active'),(7,16,1,'1aaeb9079609809d909d49e7a9013797.pptx','Diapositiva Pgina Presentacin Teisa','Documento Power Point  Pgina Presentacin Teisa','2015-08-31 06:08:07','2015-08-31 13:32:07','Active'),(8,16,1,'d623fb53e957e9cfa1b3eefa9c42cbee.docx','Documento Pgina  Presentacin Teisa','Documento en word Pgina  Presentacin Teisa','2015-08-31 06:08:56','2015-08-31 13:33:56','Active'),(9,17,1,'0ee888d2183961d3f7745567330458df.docx','Documento Portada Presentacin TBK','Documento en word Portada Presentacin TBK','2015-08-31 06:08:13','2015-08-31 13:38:13','Active'),(10,17,1,'7cbd6a765ca604e4a2c8730d5344a0af.pptx','Diapositiva Portada Presentacin TBK','Diapositiva Portada Presentacin TBK','2015-08-31 06:08:34','2015-08-31 13:39:34','Active'),(11,17,1,'a0fa52411c0924daf8a7530c7ee63742.docx','Documento Pgina Presentacin TBK','Documento Pgina Presentacin TBK','2015-08-31 06:08:11','2015-08-31 13:51:11','Active'),(12,17,1,'30dc5ae7ff0b3a9567dd6a60a07cbe44.pptx','Diapositiva Pgina Presentacin TBK','Diapositiva Pgina Presentacin TBK','2015-08-31 06:08:07','2015-08-31 13:52:07','Active'),(13,18,1,'5ef39bbc03b455b6a34643543be0e2c5.docx','Documento Portada Presentacin GST','Documento Word Portada Presentacin GST','2015-08-31 06:08:07','2015-08-31 13:57:07','Active'),(14,18,1,'1437c0d3d1e1758ffc75f72953871140.pptx','Diapositiva Portada Presentacin GST','Diapositiva Power Point Portada Presentacin GST','2015-08-31 06:08:05','2015-08-31 13:58:05','Active'),(15,18,1,'5f41c08f5e9e2ec2a79eff7d372b6fa2.docx','Documento Pgina Presentacin GST','Documento Word Pgina Presentacin GST','2015-08-31 06:08:12','2015-08-31 13:59:12','Active'),(16,18,1,'1517be3c41c85862f7f61ba56c4f57b2.pptx','Diapositiva Pgina Presentacin GST','Diapositiva Power Point Pgina Presentacin GST','2015-08-31 06:08:58','2015-08-31 13:59:58','Active'),(34,36,0,'policies/view/type:4/id:38','FOR-GST-SS-003 Bitcora de Viaje_TBK','FOR-GST-SS-003 Bitcora de Viaje_TBK','0000-00-00 00:00:00','2015-11-30 16:30:22','Active'),(28,25,1,'019daf563b717863940360d4f1234a1b.xlsx','FOR-GST-FA-004 Formato gastos por Kilometraje','FOR-GST-FA-004 Formato gastos por Kilometraje','2015-09-23 14:09:01','2015-09-23 09:45:01','Active'),(27,25,1,'a572f77b84d3aed86bfd056e5030a044.xlsx','FOR-GST-FA-003 Formato de Comprobacin de Gastos en efectivo','FOR-GST-FA-003 Formato de Comprobacin de Gastos en efectivo','2015-09-23 14:09:35','2015-09-23 09:44:35','Active'),(26,25,1,'eed5815bb90218d7f0947f68b3f6ea97.xlsx','FOR-GST-FA-002 Formato de Comprobacin de Gastos Tarjeta Corporativa','FOR-GST-FA-002 Formato de Comprobacin de Gastos Tarjeta Corporativa','2015-09-23 14:09:16','2015-09-23 09:44:16','Active'),(25,25,1,'50fe676fd6628aeff77475a5a9c7191b.xlsx','FOR-GST-FA-001 Formato de Solicitud de Viaje y Anticipo de Gastos','FOR-GST-FA-001 Formato de Solicitud de Viaje y Anticipo de Gastos','2015-09-23 14:09:21','2015-09-23 09:43:21','Active'),(35,36,0,'policies/view/type:4/id:39','FOR-GST-SS-003 Bitcora de Viaje_ATM','FOR-GST-SS-003 Bitcora de Viaje_ATM','2015-11-30 10:11:17','2015-11-30 16:31:17','Active'),(30,25,0,'policies/view/type:4/id:35','Matriz de montos maximos autorizados para viajes','Matriz de montos maximos autorizados para viajes','2015-11-23 10:11:04','2015-11-23 16:30:04','Active'),(33,36,0,'policies/view/type:4/id:37','FOR-GST-SS-003 Bitcora de Viaje_TEI','FOR-GST-SS-003 Bitcora de Viaje_TEI','2015-11-30 10:11:59','2015-11-30 16:26:59','Active'),(36,36,1,'b087e8e6d976b88b68899224db3514f8.pdf','FOR-GST-SS-004 Instructivo para vaciar los datos en la bitcora de viaje','FOR-GST-SS-004 Instructivo para vaciar los datos en la bitcora de viaje','2015-11-30 11:11:22','2015-11-30 17:08:22','Active'),(37,40,0,'policies/view/type:4/id:41','FOR-GST-TI-001 Tabla de planes de telefona celular','FOR-GST-TI-001 Tabla de planes de telefona celular','2016-01-13 09:01:04','2016-01-13 15:24:04','Active'),(41,42,0,'policies/view/type:4/id:43','FOR-GST-RH-001 Programa de Vacaciones GST','FOR-GST-RH-001 Programa de Vacaciones GST','2016-01-28 16:01:56','2016-01-28 10:21:56','Active'),(42,42,0,'policies/view/type:4/id:44','FOR-GST-RH-001 Programa de Vacaciones Atm','FOR-GST-RH-001 Programa de Vacaciones Atm','2016-01-28 16:01:06','2016-01-28 10:26:06','Active'),(39,40,1,'e1b03238916a50742d5a0580a2ecd2e9.xlsx','FOR-GST-TI-002 Solicitud de telfono celular corporativo','FOR-GST-TI-002 Solicitud de telfono celular corporativo','0000-00-00 00:00:00','2016-01-13 15:27:16','Active'),(40,40,1,'551fb30ae8bc6bc14d63f32122176130.xlsx','FOR-GST-TI-003 Carta resguardo de telfono celular corporativo','FOR-GST-TI-003 Carta resguardo de telfono celular corporativo','2016-01-13 09:01:57','2016-01-13 15:34:57','Active'),(43,42,0,'policies/view/type:4/id:45','FOR-GST-RH-001 Programa de Vacaciones Tbk','FOR-GST-RH-001 Programa de Vacaciones Tbk','2016-01-28 16:01:35','2016-01-28 10:29:35','Active'),(44,42,0,'policies/view/type:4/id:46','FOR-GST-RH-001 Programa de Vacaciones Teisa','FOR-GST-RH-001 Programa de Vacaciones Teisa','2016-01-28 16:01:17','2016-01-28 10:30:17','Active'),(45,42,1,'daf702a97ff6388a456d56cf7c42fe90.xlsx','FOR-GST-RH-002 Formato Vacaciones_GST','FORMATO GST RH 002 Formato Vacaciones GST','2016-01-28 16:01:54','2016-01-28 10:31:54','Active'),(48,50,1,'b3ae71b289a10304fa4b8eedc37a8cfd.xlsx','FOR-GST-RH-005 EVALUACION DE DESEMPEO PARA BONO ANUAL PARA PERSONAL NO SINDICALIZADO','FOR-GST-RH-005 EVALUACION DE DESEMPEO PARA BONO ANUAL PARA PERSONAL NO SINDICALIZADO','2016-06-17 15:06:59','2016-06-17 10:38:59','Active'),(49,51,1,'0ee7da7e5caf8f0271d17b331700cdad.xlsx','Listado de aplicacin de prueba de alcoholemia','Listado de aplicacin de prueba de alcoholemia','2016-09-23 11:09:49','2016-09-23 18:12:49','Active'),(50,51,1,'760b6311c30fc107dd8f46945be0a8d0.xlsx','Consentimiento del Donante','Consentimiento del Donante\r\n','2016-09-23 11:09:43','2016-09-23 18:13:43','Active'),(51,52,1,'42942a80dd7bb352c2f51388b29b594c.xlsx','FOR-GST-SS-007 Cadena de custadia de aplicacin de antidoping','FOR-GST-SS-007 Cadena de custadia de aplicacin de antidoping','2016-10-03 12:10:59','2016-10-03 19:11:59','Active'),(52,53,1,'cefef83dc6f53e968ad553a538d4d484.pdf','FOR-GST-SS-008 REV 00 Documento de publicacin Poltica de Seguridad Vial','FOR-GST-SS-008 REV 00 Documento de publicacin Poltica de Seguridad Vial','2016-11-18 15:11:38','2016-11-18 09:52:38','Active'),(53,54,1,'9b0d15d6884d8c9d0ed1e099ff46e8c8.xlsx','FOR-GST-SS-009 REV 00 Registro de Incidente-Accidente y Robo','FOR-GST-SS-009 REV 00 Registro de Incidente-Accidente y Robo','2016-11-18 15:11:48','2016-11-18 09:56:48','Active'),(54,55,1,'5a9155ba7be73e8b6f7582a5bed9bad7.pdf','Manual de Contabilidad Grupo GST','Manual de Contabilidad','2016-12-06 16:12:11','2016-12-06 10:00:11','Active'),(55,56,1,'150d7ebefb5b6c20f530bebd5af07267.docx','FOR-GST-CO-001  MANIFIESTO DE CONFLICTO DE INTERES  GST REV 01','FOR-GST-CO-001  MANIFIESTO DE CONFLICTO DE INTERES  GST REV 01','2017-01-06 18:01:55','2017-01-06 12:17:55','Active'),(56,62,1,'5867f020946d2adb3a53e1ddd2af99d8.xlsx','FOR-GST-CO-002 Solicitud de movimiento al catalogo de proveedores','FOR-GST-CO-002 Solicitud de movimiento al catalogo de proveedores','2017-04-12 06:04:57','2017-04-12 13:32:57','Active'),(57,63,1,'ca3728f23b660c8f90f504cf7bb30d28.xlsx','FOR-GST-CO-004 Control de Tickets','FOR-GST-CO-004 Control de Tickets','2017-04-12 06:04:01','2017-04-12 13:46:01','Active'),(58,66,1,'0f570b0dec0500a8b3cc99390b57aaca.xlsx','FORMATOS PARA VIGILANCIA','FORMATOS PARA VIGILANCIA','2017-04-27 11:04:32','2017-04-27 18:31:32','Active'),(59,67,1,'8072ac2cc56c63b2ff37632196729d72.xlsx','FOR-GST-OP-006  CONCILIACION DE CASETAS','FOR-GST-OP-006  CONCILIACION DE CASETAS','2017-05-12 10:05:53','2017-05-12 17:17:53','Active'),(60,72,1,'666713046626ec7ce79445110d7f0a97.xlsx','FOR-GST-OP-002 Matriz de costos','FOR-GST-OP-002 Matriz de costos','2017-05-16 10:05:15','2017-05-16 17:07:15','Active'),(61,73,1,'4f5d6420a4bc896ef7e3dd456c11fd9f.xlsx','FOR-GST-OP-003 Solicitud de ruta','FOR-GST-OP-003 Solicitud de ruta','2017-05-16 10:05:31','2017-05-16 17:08:31','Active'),(62,74,1,'2c237dd4dac2161a4dd21abf75b6eaca.xlsx','FOR-GST-OP-004 Reporte de Liquidaciones','FOR-GST-OP-004 Reporte de Liquidaciones','2017-05-16 10:05:15','2017-05-16 17:09:15','Active'),(63,75,1,'e28505443a8d8117566e6658e2ee238d.xlsx','FOR-GST-OP-005 Estancias','FOR-GST-OP-005 Estancias','2017-05-16 10:05:51','2017-05-16 17:09:51','Active'),(70,79,1,'fef1b67de6e5456be7a7b821a2ce0dc0.xlsx','FOR-GST-RH-008 Solicitud de anticipo de nmina','FOR-GST-RH-008 Solicitud de anticipo de nmina','2017-05-16 11:05:35','2017-05-16 18:07:35','Active'),(69,85,1,'ecd5ec6d7f8c817660d644fa71808aae.xls','FOR-GST-FA-007 Solicitud de transferencia cheque','FOR-GST-FA-007 Solicitud de transferencia cheque','2017-05-16 10:05:04','2017-05-16 17:53:04','Active'),(68,84,1,'6945246c8c1b55f75342fcffabb4f111.xlsx','FOR-GST-FA-006 Pago proveedores','FOR-GST-FA-006 Pago proveedores','2017-05-16 10:05:48','2017-05-16 17:50:48','Active'),(71,79,1,'218168f4f73c1e00aefd452c78efeb19.xls','FOR-GST-RH-007 Reporte de movimientos e incidencias','FOR-GST-RH-007 Reporte de movimientos e incidencias','2017-05-16 11:05:32','2017-05-16 18:11:32','Active'),(72,94,1,'361a57284dcb019d7a344cd4584acb4f.docx','FOR-GST-RH-007 FORMATO DE REPORTE DE TRABAJO','FOR-GST-RH-007 FORMATO DE REPORTE DE TRABAJO','0000-00-00 00:00:00','2017-07-10 11:29:09','Active'),(75,100,1,'e9628a9ce19e496c745355041a3985fa.xlsx','FOR-GST-RH-008 REQUISICIN DE PERSONAL','FOR-GST-RH-008 REQUISICIN DE PERSONAL','2017-08-31 14:08:30','2017-08-31 09:39:30','Active'),(74,96,1,'58b3d644651fc69ceb7347441f95b69c.xlsx','FOR-GST-RH-009 AUTORIZACIN DE MOVIMIENTOS DE PERSONAL A NMINA','FOR-GST-RH-009 AUTORIZACIN DE MOVIMIENTOS DE PERSONAL A NMINA','2017-07-10 16:07:41','2017-07-10 11:30:41','Active');
/*!40000 ALTER TABLE `policies_anexos` ENABLE KEYS */;
UNLOCK TABLES;

--
-- Table structure for table `policies_filters`
--

DROP TABLE IF EXISTS `policies_filters`;
/*!40101 SET @saved_cs_client     = @@character_set_client */;
/*!40101 SET character_set_client = utf8 */;
CREATE TABLE `policies_filters` (
  `id` int(11) unsigned NOT NULL AUTO_INCREMENT,
  `policies_id` int(11) unsigned NOT NULL,
  `group_id` int(11) unsigned NOT NULL,
  `view` tinyint(1) NOT NULL DEFAULT '0',
  `create` timestamp NOT NULL DEFAULT CURRENT_TIMESTAMP,
  `modified` datetime DEFAULT NULL,
  `status` enum('Active','Inactive') NOT NULL DEFAULT 'Active',
  PRIMARY KEY (`id`)
) ENGINE=MyISAM AUTO_INCREMENT=606 DEFAULT CHARSET=utf8;
/*!40101 SET character_set_client = @saved_cs_client */;

--
-- Dumping data for table `policies_filters`
--

LOCK TABLES `policies_filters` WRITE;
/*!40000 ALTER TABLE `policies_filters` DISABLE KEYS */;
INSERT INTO `policies_filters` VALUES (1,15,1,1,'2015-08-26 14:08:09','2015-08-26 09:08:09','Inactive'),(2,15,2,0,'2015-08-26 14:08:09','2015-08-26 09:08:09','Active'),(3,15,3,0,'2015-08-26 14:08:09','2015-08-26 09:08:09','Active'),(4,15,4,0,'2015-08-26 14:08:09','2015-08-26 09:08:09','Active'),(5,15,5,0,'2015-08-26 14:08:09','2015-08-26 09:08:09','Active'),(6,16,1,1,'2015-08-31 06:08:04','2015-08-31 01:08:04','Inactive'),(7,16,2,0,'2015-08-31 06:08:04','2015-08-31 01:08:04','Active'),(8,16,3,0,'2015-08-31 06:08:04','2015-08-31 01:08:04','Active'),(9,16,4,0,'2015-08-31 06:08:04','2015-08-31 01:08:04','Active'),(10,16,5,0,'2015-08-31 06:08:04','2015-08-31 01:08:04','Active'),(11,17,1,1,'2015-08-31 06:08:25','2015-08-31 01:08:25','Inactive'),(12,17,2,0,'2015-08-31 06:08:25','2015-08-31 01:08:25','Active'),(13,17,3,0,'2015-08-31 06:08:25','2015-08-31 01:08:25','Active'),(14,17,4,0,'2015-08-31 06:08:25','2015-08-31 01:08:25','Active'),(15,17,5,0,'2015-08-31 06:08:25','2015-08-31 01:08:25','Active'),(16,18,1,1,'2015-08-31 06:08:36','2015-08-31 01:08:36','Inactive'),(17,18,2,0,'2015-08-31 06:08:36','2015-08-31 01:08:36','Active'),(18,18,3,0,'2015-08-31 06:08:36','2015-08-31 01:08:36','Active'),(19,18,4,0,'2015-08-31 06:08:36','2015-08-31 01:08:36','Active'),(20,18,5,0,'2015-08-31 06:08:36','2015-08-31 01:08:36','Active'),(21,19,1,1,'2015-08-31 06:08:01','2015-08-31 01:08:01','Inactive'),(22,19,2,0,'2015-08-31 06:08:01','2015-08-31 01:08:01','Active'),(23,19,3,0,'2015-08-31 06:08:01','2015-08-31 01:08:01','Active'),(24,19,4,0,'2015-08-31 06:08:01','2015-08-31 01:08:01','Active'),(25,19,5,0,'2015-08-31 06:08:01','2015-08-31 01:08:01','Active'),(26,20,1,1,'2015-08-31 10:08:21','2015-08-31 05:08:21','Inactive'),(27,20,2,0,'2015-08-31 10:08:21','2015-08-31 05:08:21','Active'),(28,20,3,0,'2015-08-31 10:08:21','2015-08-31 05:08:21','Active'),(29,20,4,0,'2015-08-31 10:08:21','2015-08-31 05:08:21','Active'),(30,20,5,0,'2015-08-31 10:08:21','2015-08-31 05:08:21','Active'),(31,21,1,1,'2015-08-31 10:08:12','2015-08-31 05:08:12','Inactive'),(32,21,2,0,'2015-08-31 10:08:12','2015-08-31 05:08:12','Active'),(33,21,3,0,'2015-08-31 10:08:12','2015-08-31 05:08:12','Active'),(34,21,4,0,'2015-08-31 10:08:12','2015-08-31 05:08:12','Active'),(35,21,5,0,'2015-08-31 10:08:12','2015-08-31 05:08:12','Active'),(110,33,7,0,'2015-09-22 11:09:50','2015-09-22 06:09:50','Active'),(109,33,6,0,'2015-09-22 11:09:50','2015-09-22 06:09:50','Active'),(108,33,5,0,'2015-09-22 11:09:50','2015-09-22 06:09:50','Active'),(107,33,4,0,'2015-09-22 11:09:50','2015-09-22 06:09:50','Active'),(106,33,3,0,'2015-09-22 11:09:50','2015-09-22 06:09:50','Active'),(105,33,2,0,'2015-09-22 11:09:50','2015-09-22 06:09:50','Active'),(104,33,1,1,'2015-09-22 11:09:50','2015-09-22 06:09:50','Inactive'),(62,26,1,1,'2015-09-11 11:09:43','2015-09-11 06:09:43','Inactive'),(63,26,2,0,'2015-09-11 11:09:43','2015-09-11 06:09:43','Active'),(64,26,3,0,'2015-09-11 11:09:43','2015-09-11 06:09:43','Active'),(65,26,4,0,'2015-09-11 11:09:43','2015-09-11 06:09:43','Active'),(66,26,5,0,'2015-09-11 11:09:43','2015-09-11 06:09:43','Active'),(67,26,6,0,'2015-09-11 11:09:43','2015-09-11 06:09:43','Active'),(68,26,7,0,'2015-09-11 11:09:43','2015-09-11 06:09:43','Active'),(103,32,7,0,'2015-09-15 11:09:33','2015-09-15 06:09:33','Active'),(102,32,6,0,'2015-09-15 11:09:33','2015-09-15 06:09:33','Active'),(101,32,5,0,'2015-09-15 11:09:33','2015-09-15 06:09:33','Active'),(100,32,4,0,'2015-09-15 11:09:33','2015-09-15 06:09:33','Active'),(99,32,3,0,'2015-09-15 11:09:33','2015-09-15 06:09:33','Active'),(98,32,2,0,'2015-09-15 11:09:33','2015-09-15 06:09:33','Active'),(97,32,1,1,'2015-09-15 11:09:33','2015-09-15 06:09:33','Inactive'),(117,36,7,0,'2015-11-30 10:11:12','2015-11-30 04:11:12','Active'),(116,36,6,0,'2015-11-30 10:11:12','2015-11-30 04:11:12','Active'),(115,36,5,0,'2015-11-30 10:11:12','2015-11-30 04:11:12','Active'),(114,36,4,0,'2015-11-30 10:11:12','2015-11-30 04:11:12','Active'),(113,36,3,0,'2015-11-30 10:11:12','2015-11-30 04:11:12','Active'),(112,36,2,0,'2015-11-30 10:11:12','2015-11-30 04:11:12','Active'),(111,36,1,1,'2015-11-30 10:11:12','2015-11-30 04:11:12','Inactive'),(118,40,1,1,'2016-01-13 09:01:06','2016-01-13 03:01:06','Inactive'),(119,40,2,0,'2016-01-13 09:01:06','2016-01-13 03:01:06','Active'),(120,40,3,0,'2016-01-13 09:01:06','2016-01-13 03:01:06','Active'),(121,40,4,0,'2016-01-13 09:01:06','2016-01-13 03:01:06','Active'),(122,40,5,0,'2016-01-13 09:01:06','2016-01-13 03:01:06','Active'),(123,40,6,0,'2016-01-13 09:01:06','2016-01-13 03:01:06','Active'),(124,40,7,0,'2016-01-13 09:01:06','2016-01-13 03:01:06','Active'),(125,42,1,1,'2016-01-28 16:01:12','2016-01-28 10:01:12','Inactive'),(126,42,2,0,'2016-01-28 16:01:12','2016-01-28 10:01:12','Active'),(127,42,3,0,'2016-01-28 16:01:12','2016-01-28 10:01:12','Active'),(128,42,4,0,'2016-01-28 16:01:12','2016-01-28 10:01:12','Active'),(129,42,5,0,'2016-01-28 16:01:12','2016-01-28 10:01:12','Active'),(130,42,6,0,'2016-01-28 16:01:12','2016-01-28 10:01:12','Active'),(131,42,7,0,'2016-01-28 16:01:12','2016-01-28 10:01:12','Active'),(171,51,8,0,'2016-09-23 11:09:19','2016-09-23 06:09:19','Active'),(170,51,7,0,'2016-09-23 11:09:19','2016-09-23 06:09:19','Active'),(169,51,6,0,'2016-09-23 11:09:19','2016-09-23 06:09:19','Active'),(168,51,5,0,'2016-09-23 11:09:19','2016-09-23 06:09:19','Active'),(167,51,4,0,'2016-09-23 11:09:19','2016-09-23 06:09:19','Active'),(166,51,3,0,'2016-09-23 11:09:19','2016-09-23 06:09:19','Active'),(165,51,2,0,'2016-09-23 11:09:19','2016-09-23 06:09:19','Active'),(164,51,1,1,'2016-09-23 11:09:19','2016-09-23 06:09:19','Inactive'),(163,50,8,0,'2016-06-17 15:06:45','2016-06-17 10:06:45','Active'),(162,50,7,0,'2016-06-17 15:06:45','2016-06-17 10:06:45','Active'),(161,50,6,0,'2016-06-17 15:06:45','2016-06-17 10:06:45','Active'),(160,50,5,0,'2016-06-17 15:06:45','2016-06-17 10:06:45','Active'),(159,50,4,0,'2016-06-17 15:06:45','2016-06-17 10:06:45','Active'),(158,50,3,0,'2016-06-17 15:06:45','2016-06-17 10:06:45','Active'),(157,50,2,0,'2016-06-17 15:06:45','2016-06-17 10:06:45','Active'),(156,50,1,1,'2016-06-17 15:06:45','2016-06-17 10:06:45','Inactive'),(172,52,1,1,'2016-10-03 12:10:31','2016-10-03 07:10:31','Inactive'),(173,52,2,0,'2016-10-03 12:10:31','2016-10-03 07:10:31','Active'),(174,52,3,0,'2016-10-03 12:10:31','2016-10-03 07:10:31','Active'),(175,52,4,0,'2016-10-03 12:10:31','2016-10-03 07:10:31','Active'),(176,52,5,0,'2016-10-03 12:10:31','2016-10-03 07:10:31','Active'),(177,52,6,0,'2016-10-03 12:10:31','2016-10-03 07:10:31','Active'),(178,52,7,0,'2016-10-03 12:10:31','2016-10-03 07:10:31','Active'),(179,52,8,0,'2016-10-03 12:10:31','2016-10-03 07:10:31','Active'),(180,53,1,1,'2016-11-18 15:11:45','2016-11-18 09:11:45','Inactive'),(181,53,2,0,'2016-11-18 15:11:45','2016-11-18 09:11:45','Active'),(182,53,3,0,'2016-11-18 15:11:45','2016-11-18 09:11:45','Active'),(183,53,4,0,'2016-11-18 15:11:45','2016-11-18 09:11:45','Active'),(184,53,5,0,'2016-11-18 15:11:45','2016-11-18 09:11:45','Active'),(185,53,6,0,'2016-11-18 15:11:45','2016-11-18 09:11:45','Active'),(186,53,7,0,'2016-11-18 15:11:45','2016-11-18 09:11:45','Active'),(187,53,8,0,'2016-11-18 15:11:45','2016-11-18 09:11:45','Active'),(188,53,9,0,'2016-11-18 15:11:45','2016-11-18 09:11:45','Active'),(189,54,1,1,'2016-11-18 15:11:47','2016-11-18 09:11:47','Inactive'),(190,54,2,0,'2016-11-18 15:11:47','2016-11-18 09:11:47','Active'),(191,54,3,0,'2016-11-18 15:11:47','2016-11-18 09:11:47','Active'),(192,54,4,0,'2016-11-18 15:11:47','2016-11-18 09:11:47','Active'),(193,54,5,0,'2016-11-18 15:11:47','2016-11-18 09:11:47','Active'),(194,54,6,0,'2016-11-18 15:11:47','2016-11-18 09:11:47','Active'),(195,54,7,0,'2016-11-18 15:11:47','2016-11-18 09:11:47','Active'),(196,54,8,0,'2016-11-18 15:11:47','2016-11-18 09:11:47','Active'),(197,54,9,0,'2016-11-18 15:11:47','2016-11-18 09:11:47','Active'),(198,55,1,1,'2016-12-06 15:12:51','2016-12-06 09:12:51','Inactive'),(199,55,2,0,'2016-12-06 15:12:51','2016-12-06 09:12:51','Active'),(200,55,3,0,'2016-12-06 15:12:51','2016-12-06 09:12:51','Active'),(201,55,4,0,'2016-12-06 15:12:51','2016-12-06 09:12:51','Active'),(202,55,5,0,'2016-12-06 15:12:51','2016-12-06 09:12:51','Active'),(203,55,6,0,'2016-12-06 15:12:51','2016-12-06 09:12:51','Active'),(204,55,7,0,'2016-12-06 15:12:51','2016-12-06 09:12:51','Active'),(205,55,8,0,'2016-12-06 15:12:51','2016-12-06 09:12:51','Active'),(206,55,9,0,'2016-12-06 15:12:51','2016-12-06 09:12:51','Active'),(207,56,1,1,'2017-01-06 18:01:13','2017-01-06 12:01:13','Inactive'),(208,56,2,0,'2017-01-06 18:01:14','2017-01-06 12:01:14','Active'),(209,56,3,0,'2017-01-06 18:01:14','2017-01-06 12:01:14','Active'),(210,56,4,0,'2017-01-06 18:01:14','2017-01-06 12:01:14','Active'),(211,56,5,0,'2017-01-06 18:01:14','2017-01-06 12:01:14','Active'),(212,56,6,0,'2017-01-06 18:01:14','2017-01-06 12:01:14','Active'),(213,56,7,0,'2017-01-06 18:01:14','2017-01-06 12:01:14','Active'),(214,56,8,0,'2017-01-06 18:01:14','2017-01-06 12:01:14','Active'),(215,56,9,0,'2017-01-06 18:01:14','2017-01-06 12:01:14','Active'),(216,57,1,1,'2017-04-05 11:04:56','2017-04-05 06:04:56','Inactive'),(217,57,2,0,'2017-04-05 11:04:56','2017-04-05 06:04:56','Active'),(218,57,3,0,'2017-04-05 11:04:56','2017-04-05 06:04:56','Active'),(219,57,4,0,'2017-04-05 11:04:56','2017-04-05 06:04:56','Active'),(220,57,5,0,'2017-04-05 11:04:56','2017-04-05 06:04:56','Active'),(221,57,6,0,'2017-04-05 11:04:56','2017-04-05 06:04:56','Active'),(222,57,7,0,'2017-04-05 11:04:56','2017-04-05 06:04:56','Active'),(223,57,8,0,'2017-04-05 11:04:56','2017-04-05 06:04:56','Active'),(224,57,9,0,'2017-04-05 11:04:56','2017-04-05 06:04:56','Active'),(225,57,10,0,'2017-04-05 11:04:56','2017-04-05 06:04:56','Active'),(226,58,1,1,'2017-04-12 17:04:35','2017-04-12 12:04:35','Inactive'),(227,58,2,0,'2017-04-12 17:04:35','2017-04-12 12:04:35','Active'),(228,58,3,0,'2017-04-12 17:04:35','2017-04-12 12:04:35','Active'),(229,58,4,0,'2017-04-12 17:04:35','2017-04-12 12:04:35','Active'),(230,58,5,0,'2017-04-12 17:04:35','2017-04-12 12:04:35','Active'),(231,58,6,0,'2017-04-12 17:04:35','2017-04-12 12:04:35','Active'),(232,58,7,0,'2017-04-12 17:04:35','2017-04-12 12:04:35','Active'),(233,58,8,0,'2017-04-12 17:04:35','2017-04-12 12:04:35','Active'),(234,58,9,0,'2017-04-12 17:04:35','2017-04-12 12:04:35','Active'),(235,58,10,0,'2017-04-12 17:04:35','2017-04-12 12:04:35','Active'),(265,61,10,0,'2017-04-12 17:04:30','2017-04-12 12:04:30','Active'),(264,61,9,0,'2017-04-12 17:04:30','2017-04-12 12:04:30','Active'),(263,61,8,0,'2017-04-12 17:04:30','2017-04-12 12:04:30','Active'),(262,61,7,0,'2017-04-12 17:04:30','2017-04-12 12:04:30','Active'),(261,61,6,0,'2017-04-12 17:04:30','2017-04-12 12:04:30','Active'),(260,61,5,0,'2017-04-12 17:04:30','2017-04-12 12:04:30','Active'),(259,61,4,0,'2017-04-12 17:04:30','2017-04-12 12:04:30','Active'),(258,61,3,0,'2017-04-12 17:04:30','2017-04-12 12:04:30','Active'),(257,61,2,0,'2017-04-12 17:04:30','2017-04-12 12:04:30','Active'),(256,61,1,1,'2017-04-12 17:04:30','2017-04-12 12:04:30','Inactive'),(275,62,10,0,'2017-04-12 06:04:46','2017-04-12 01:04:46','Active'),(274,62,9,0,'2017-04-12 06:04:46','2017-04-12 01:04:46','Active'),(273,62,8,0,'2017-04-12 06:04:46','2017-04-12 01:04:46','Active'),(272,62,7,0,'2017-04-12 06:04:46','2017-04-12 01:04:46','Active'),(271,62,6,0,'2017-04-12 06:04:46','2017-04-12 01:04:46','Active'),(270,62,5,0,'2017-04-12 06:04:46','2017-04-12 01:04:46','Active'),(269,62,4,0,'2017-04-12 06:04:46','2017-04-12 01:04:46','Active'),(268,62,3,0,'2017-04-12 06:04:46','2017-04-12 01:04:46','Active'),(267,62,2,0,'2017-04-12 06:04:46','2017-04-12 01:04:46','Active'),(266,62,1,1,'2017-04-12 06:04:46','2017-04-12 01:04:46','Inactive'),(276,63,1,1,'2017-04-12 06:04:10','2017-04-12 01:04:10','Inactive'),(277,63,2,0,'2017-04-12 06:04:10','2017-04-12 01:04:10','Active'),(278,63,3,0,'2017-04-12 06:04:10','2017-04-12 01:04:10','Active'),(279,63,4,0,'2017-04-12 06:04:10','2017-04-12 01:04:10','Active'),(280,63,5,0,'2017-04-12 06:04:10','2017-04-12 01:04:10','Active'),(281,63,6,0,'2017-04-12 06:04:10','2017-04-12 01:04:10','Active'),(282,63,7,0,'2017-04-12 06:04:10','2017-04-12 01:04:10','Active'),(283,63,8,0,'2017-04-12 06:04:10','2017-04-12 01:04:10','Active'),(284,63,9,0,'2017-04-12 06:04:10','2017-04-12 01:04:10','Active'),(285,63,10,0,'2017-04-12 06:04:10','2017-04-12 01:04:10','Active'),(286,64,1,1,'2017-04-12 06:04:42','2017-04-12 01:04:42','Inactive'),(287,64,2,0,'2017-04-12 06:04:42','2017-04-12 01:04:42','Active'),(288,64,3,0,'2017-04-12 06:04:42','2017-04-12 01:04:42','Active'),(289,64,4,0,'2017-04-12 06:04:42','2017-04-12 01:04:42','Active'),(290,64,5,0,'2017-04-12 06:04:42','2017-04-12 01:04:42','Active'),(291,64,6,0,'2017-04-12 06:04:42','2017-04-12 01:04:42','Active'),(292,64,7,0,'2017-04-12 06:04:42','2017-04-12 01:04:42','Active'),(293,64,8,0,'2017-04-12 06:04:42','2017-04-12 01:04:42','Active'),(294,64,9,0,'2017-04-12 06:04:42','2017-04-12 01:04:42','Active'),(295,64,10,0,'2017-04-12 06:04:42','2017-04-12 01:04:42','Active'),(296,65,1,1,'2017-04-12 06:04:42','2017-04-12 01:04:42','Inactive'),(297,65,2,0,'2017-04-12 06:04:42','2017-04-12 01:04:42','Active'),(298,65,3,0,'2017-04-12 06:04:42','2017-04-12 01:04:42','Active'),(299,65,4,0,'2017-04-12 06:04:42','2017-04-12 01:04:42','Active'),(300,65,5,0,'2017-04-12 06:04:42','2017-04-12 01:04:42','Active'),(301,65,6,0,'2017-04-12 06:04:42','2017-04-12 01:04:42','Active'),(302,65,7,0,'2017-04-12 06:04:42','2017-04-12 01:04:42','Active'),(303,65,8,0,'2017-04-12 06:04:42','2017-04-12 01:04:42','Active'),(304,65,9,0,'2017-04-12 06:04:42','2017-04-12 01:04:42','Active'),(305,65,10,0,'2017-04-12 06:04:42','2017-04-12 01:04:42','Active'),(306,66,1,1,'2017-04-27 11:04:46','2017-04-27 06:04:46','Inactive'),(307,66,2,0,'2017-04-27 11:04:46','2017-04-27 06:04:46','Active'),(308,66,3,0,'2017-04-27 11:04:46','2017-04-27 06:04:46','Active'),(309,66,4,0,'2017-04-27 11:04:46','2017-04-27 06:04:46','Active'),(310,66,5,0,'2017-04-27 11:04:46','2017-04-27 06:04:46','Active'),(311,66,6,0,'2017-04-27 11:04:46','2017-04-27 06:04:46','Active'),(312,66,7,0,'2017-04-27 11:04:46','2017-04-27 06:04:46','Active'),(313,66,8,0,'2017-04-27 11:04:46','2017-04-27 06:04:46','Active'),(314,66,9,0,'2017-04-27 11:04:46','2017-04-27 06:04:46','Active'),(315,66,10,0,'2017-04-27 11:04:46','2017-04-27 06:04:46','Active'),(316,67,1,1,'2017-05-12 10:05:05','2017-05-12 05:05:05','Inactive'),(317,67,2,0,'2017-05-12 10:05:05','2017-05-12 05:05:05','Active'),(318,67,3,0,'2017-05-12 10:05:05','2017-05-12 05:05:05','Active'),(319,67,4,0,'2017-05-12 10:05:05','2017-05-12 05:05:05','Active'),(320,67,5,0,'2017-05-12 10:05:05','2017-05-12 05:05:05','Active'),(321,67,6,0,'2017-05-12 10:05:05','2017-05-12 05:05:05','Active'),(322,67,7,0,'2017-05-12 10:05:05','2017-05-12 05:05:05','Active'),(323,67,8,0,'2017-05-12 10:05:05','2017-05-12 05:05:05','Active'),(324,67,9,0,'2017-05-12 10:05:05','2017-05-12 05:05:05','Active'),(325,67,10,0,'2017-05-12 10:05:05','2017-05-12 05:05:05','Active'),(326,68,1,1,'2017-05-12 10:05:32','2017-05-12 05:05:32','Inactive'),(327,68,2,0,'2017-05-12 10:05:32','2017-05-12 05:05:32','Active'),(328,68,3,0,'2017-05-12 10:05:32','2017-05-12 05:05:32','Active'),(329,68,4,0,'2017-05-12 10:05:32','2017-05-12 05:05:32','Active'),(330,68,5,0,'2017-05-12 10:05:32','2017-05-12 05:05:32','Active'),(331,68,6,0,'2017-05-12 10:05:32','2017-05-12 05:05:32','Active'),(332,68,7,0,'2017-05-12 10:05:32','2017-05-12 05:05:32','Active'),(333,68,8,0,'2017-05-12 10:05:32','2017-05-12 05:05:32','Active'),(334,68,9,0,'2017-05-12 10:05:32','2017-05-12 05:05:32','Active'),(335,68,10,0,'2017-05-12 10:05:32','2017-05-12 05:05:32','Active'),(336,69,1,1,'2017-05-16 09:05:21','2017-05-16 04:05:21','Inactive'),(337,69,2,0,'2017-05-16 09:05:21','2017-05-16 04:05:21','Active'),(338,69,3,0,'2017-05-16 09:05:21','2017-05-16 04:05:21','Active'),(339,69,4,0,'2017-05-16 09:05:21','2017-05-16 04:05:21','Active'),(340,69,5,0,'2017-05-16 09:05:21','2017-05-16 04:05:21','Active'),(341,69,6,0,'2017-05-16 09:05:21','2017-05-16 04:05:21','Active'),(342,69,7,0,'2017-05-16 09:05:21','2017-05-16 04:05:21','Active'),(343,69,8,0,'2017-05-16 09:05:21','2017-05-16 04:05:21','Active'),(344,69,9,0,'2017-05-16 09:05:21','2017-05-16 04:05:21','Active'),(345,69,10,0,'2017-05-16 09:05:21','2017-05-16 04:05:21','Active'),(346,70,1,1,'2017-05-16 09:05:01','2017-05-16 04:05:01','Inactive'),(347,70,2,0,'2017-05-16 09:05:01','2017-05-16 04:05:01','Active'),(348,70,3,0,'2017-05-16 09:05:01','2017-05-16 04:05:01','Active'),(349,70,4,0,'2017-05-16 09:05:01','2017-05-16 04:05:01','Active'),(350,70,5,0,'2017-05-16 09:05:01','2017-05-16 04:05:01','Active'),(351,70,6,0,'2017-05-16 09:05:01','2017-05-16 04:05:01','Active'),(352,70,7,0,'2017-05-16 09:05:01','2017-05-16 04:05:01','Active'),(353,70,8,0,'2017-05-16 09:05:01','2017-05-16 04:05:01','Active'),(354,70,9,0,'2017-05-16 09:05:01','2017-05-16 04:05:01','Active'),(355,70,10,0,'2017-05-16 09:05:01','2017-05-16 04:05:01','Active'),(356,71,1,1,'2017-05-16 09:05:11','2017-05-16 04:05:11','Inactive'),(357,71,2,0,'2017-05-16 09:05:11','2017-05-16 04:05:11','Active'),(358,71,3,0,'2017-05-16 09:05:11','2017-05-16 04:05:11','Active'),(359,71,4,0,'2017-05-16 09:05:11','2017-05-16 04:05:11','Active'),(360,71,5,0,'2017-05-16 09:05:11','2017-05-16 04:05:11','Active'),(361,71,6,0,'2017-05-16 09:05:11','2017-05-16 04:05:11','Active'),(362,71,7,0,'2017-05-16 09:05:11','2017-05-16 04:05:11','Active'),(363,71,8,0,'2017-05-16 09:05:11','2017-05-16 04:05:11','Active'),(364,71,9,0,'2017-05-16 09:05:11','2017-05-16 04:05:11','Active'),(365,71,10,0,'2017-05-16 09:05:11','2017-05-16 04:05:11','Active'),(366,72,1,1,'2017-05-16 09:05:44','2017-05-16 04:05:44','Inactive'),(367,72,2,0,'2017-05-16 09:05:44','2017-05-16 04:05:44','Active'),(368,72,3,0,'2017-05-16 09:05:44','2017-05-16 04:05:44','Active'),(369,72,4,0,'2017-05-16 09:05:44','2017-05-16 04:05:44','Active'),(370,72,5,0,'2017-05-16 09:05:44','2017-05-16 04:05:44','Active'),(371,72,6,0,'2017-05-16 09:05:44','2017-05-16 04:05:44','Active'),(372,72,7,0,'2017-05-16 09:05:44','2017-05-16 04:05:44','Active'),(373,72,8,0,'2017-05-16 09:05:44','2017-05-16 04:05:44','Active'),(374,72,9,0,'2017-05-16 09:05:44','2017-05-16 04:05:44','Active'),(375,72,10,0,'2017-05-16 09:05:44','2017-05-16 04:05:44','Active'),(376,73,1,1,'2017-05-16 09:05:07','2017-05-16 04:05:07','Inactive'),(377,73,2,0,'2017-05-16 09:05:07','2017-05-16 04:05:07','Active'),(378,73,3,0,'2017-05-16 09:05:07','2017-05-16 04:05:07','Active'),(379,73,4,0,'2017-05-16 09:05:07','2017-05-16 04:05:07','Active'),(380,73,5,0,'2017-05-16 09:05:07','2017-05-16 04:05:07','Active'),(381,73,6,0,'2017-05-16 09:05:07','2017-05-16 04:05:07','Active'),(382,73,7,0,'2017-05-16 09:05:07','2017-05-16 04:05:07','Active'),(383,73,8,0,'2017-05-16 09:05:07','2017-05-16 04:05:07','Active'),(384,73,9,0,'2017-05-16 09:05:07','2017-05-16 04:05:07','Active'),(385,73,10,0,'2017-05-16 09:05:07','2017-05-16 04:05:07','Active'),(386,74,1,1,'2017-05-16 09:05:52','2017-05-16 04:05:52','Inactive'),(387,74,2,0,'2017-05-16 09:05:52','2017-05-16 04:05:52','Active'),(388,74,3,0,'2017-05-16 09:05:52','2017-05-16 04:05:52','Active'),(389,74,4,0,'2017-05-16 09:05:52','2017-05-16 04:05:52','Active'),(390,74,5,0,'2017-05-16 09:05:52','2017-05-16 04:05:52','Active'),(391,74,6,0,'2017-05-16 09:05:52','2017-05-16 04:05:52','Active'),(392,74,7,0,'2017-05-16 09:05:52','2017-05-16 04:05:52','Active'),(393,74,8,0,'2017-05-16 09:05:52','2017-05-16 04:05:52','Active'),(394,74,9,0,'2017-05-16 09:05:52','2017-05-16 04:05:52','Active'),(395,74,10,0,'2017-05-16 09:05:52','2017-05-16 04:05:52','Active'),(396,75,1,1,'2017-05-16 09:05:54','2017-05-16 04:05:54','Inactive'),(397,75,2,0,'2017-05-16 09:05:54','2017-05-16 04:05:54','Active'),(398,75,3,0,'2017-05-16 09:05:54','2017-05-16 04:05:54','Active'),(399,75,4,0,'2017-05-16 09:05:54','2017-05-16 04:05:54','Active'),(400,75,5,0,'2017-05-16 09:05:54','2017-05-16 04:05:54','Active'),(401,75,6,0,'2017-05-16 09:05:54','2017-05-16 04:05:54','Active'),(402,75,7,0,'2017-05-16 09:05:54','2017-05-16 04:05:54','Active'),(403,75,8,0,'2017-05-16 09:05:54','2017-05-16 04:05:54','Active'),(404,75,9,0,'2017-05-16 09:05:54','2017-05-16 04:05:54','Active'),(405,75,10,0,'2017-05-16 09:05:54','2017-05-16 04:05:54','Active'),(406,76,1,1,'2017-05-16 09:05:38','2017-05-16 04:05:38','Inactive'),(407,76,2,0,'2017-05-16 09:05:38','2017-05-16 04:05:38','Active'),(408,76,3,0,'2017-05-16 09:05:38','2017-05-16 04:05:38','Active'),(409,76,4,0,'2017-05-16 09:05:38','2017-05-16 04:05:38','Active'),(410,76,5,0,'2017-05-16 09:05:38','2017-05-16 04:05:38','Active'),(411,76,6,0,'2017-05-16 09:05:38','2017-05-16 04:05:38','Active'),(412,76,7,0,'2017-05-16 09:05:38','2017-05-16 04:05:38','Active'),(413,76,8,0,'2017-05-16 09:05:38','2017-05-16 04:05:38','Active'),(414,76,9,0,'2017-05-16 09:05:38','2017-05-16 04:05:38','Active'),(415,76,10,0,'2017-05-16 09:05:38','2017-05-16 04:05:38','Active'),(416,77,1,1,'2017-05-16 09:05:17','2017-05-16 04:05:17','Inactive'),(417,77,2,0,'2017-05-16 09:05:17','2017-05-16 04:05:17','Active'),(418,77,3,0,'2017-05-16 09:05:17','2017-05-16 04:05:17','Active'),(419,77,4,0,'2017-05-16 09:05:17','2017-05-16 04:05:17','Active'),(420,77,5,0,'2017-05-16 09:05:17','2017-05-16 04:05:17','Active'),(421,77,6,0,'2017-05-16 09:05:17','2017-05-16 04:05:17','Active'),(422,77,7,0,'2017-05-16 09:05:17','2017-05-16 04:05:17','Active'),(423,77,8,0,'2017-05-16 09:05:17','2017-05-16 04:05:17','Active'),(424,77,9,0,'2017-05-16 09:05:17','2017-05-16 04:05:17','Active'),(425,77,10,0,'2017-05-16 09:05:17','2017-05-16 04:05:17','Active'),(426,78,1,1,'2017-05-16 10:05:47','2017-05-16 05:05:47','Inactive'),(427,78,2,0,'2017-05-16 10:05:47','2017-05-16 05:05:47','Active'),(428,78,3,0,'2017-05-16 10:05:47','2017-05-16 05:05:47','Active'),(429,78,4,0,'2017-05-16 10:05:47','2017-05-16 05:05:47','Active'),(430,78,5,0,'2017-05-16 10:05:47','2017-05-16 05:05:47','Active'),(431,78,6,0,'2017-05-16 10:05:47','2017-05-16 05:05:47','Active'),(432,78,7,0,'2017-05-16 10:05:47','2017-05-16 05:05:47','Active'),(433,78,8,0,'2017-05-16 10:05:47','2017-05-16 05:05:47','Active'),(434,78,9,0,'2017-05-16 10:05:47','2017-05-16 05:05:47','Active'),(435,78,10,0,'2017-05-16 10:05:47','2017-05-16 05:05:47','Active'),(436,79,1,1,'2017-05-16 10:05:10','2017-05-16 05:05:10','Inactive'),(437,79,2,0,'2017-05-16 10:05:10','2017-05-16 05:05:10','Active'),(438,79,3,0,'2017-05-16 10:05:10','2017-05-16 05:05:10','Active'),(439,79,4,0,'2017-05-16 10:05:10','2017-05-16 05:05:10','Active'),(440,79,5,0,'2017-05-16 10:05:10','2017-05-16 05:05:10','Active'),(441,79,6,0,'2017-05-16 10:05:10','2017-05-16 05:05:10','Active'),(442,79,7,0,'2017-05-16 10:05:10','2017-05-16 05:05:10','Active'),(443,79,8,0,'2017-05-16 10:05:10','2017-05-16 05:05:10','Active'),(444,79,9,0,'2017-05-16 10:05:10','2017-05-16 05:05:10','Active'),(445,79,10,0,'2017-05-16 10:05:10','2017-05-16 05:05:10','Active'),(446,80,1,1,'2017-05-16 10:05:31','2017-05-16 05:05:31','Inactive'),(447,80,2,0,'2017-05-16 10:05:31','2017-05-16 05:05:31','Active'),(448,80,3,0,'2017-05-16 10:05:31','2017-05-16 05:05:31','Active'),(449,80,4,0,'2017-05-16 10:05:31','2017-05-16 05:05:31','Active'),(450,80,5,0,'2017-05-16 10:05:31','2017-05-16 05:05:31','Active'),(451,80,6,0,'2017-05-16 10:05:31','2017-05-16 05:05:31','Active'),(452,80,7,0,'2017-05-16 10:05:31','2017-05-16 05:05:31','Active'),(453,80,8,0,'2017-05-16 10:05:31','2017-05-16 05:05:31','Active'),(454,80,9,0,'2017-05-16 10:05:31','2017-05-16 05:05:31','Active'),(455,80,10,0,'2017-05-16 10:05:31','2017-05-16 05:05:31','Active'),(456,81,1,1,'2017-05-16 10:05:23','2017-05-16 05:05:23','Inactive'),(457,81,2,0,'2017-05-16 10:05:23','2017-05-16 05:05:23','Active'),(458,81,3,0,'2017-05-16 10:05:23','2017-05-16 05:05:23','Active'),(459,81,4,0,'2017-05-16 10:05:23','2017-05-16 05:05:23','Active'),(460,81,5,0,'2017-05-16 10:05:23','2017-05-16 05:05:23','Active'),(461,81,6,0,'2017-05-16 10:05:23','2017-05-16 05:05:23','Active'),(462,81,7,0,'2017-05-16 10:05:23','2017-05-16 05:05:23','Active'),(463,81,8,0,'2017-05-16 10:05:23','2017-05-16 05:05:23','Active'),(464,81,9,0,'2017-05-16 10:05:23','2017-05-16 05:05:23','Active'),(465,81,10,0,'2017-05-16 10:05:23','2017-05-16 05:05:23','Active'),(466,82,1,1,'2017-05-16 10:05:47','2017-05-16 05:05:47','Inactive'),(467,82,2,0,'2017-05-16 10:05:47','2017-05-16 05:05:47','Active'),(468,82,3,0,'2017-05-16 10:05:47','2017-05-16 05:05:47','Active'),(469,82,4,0,'2017-05-16 10:05:47','2017-05-16 05:05:47','Active'),(470,82,5,0,'2017-05-16 10:05:47','2017-05-16 05:05:47','Active'),(471,82,6,0,'2017-05-16 10:05:47','2017-05-16 05:05:47','Active'),(472,82,7,0,'2017-05-16 10:05:47','2017-05-16 05:05:47','Active'),(473,82,8,0,'2017-05-16 10:05:47','2017-05-16 05:05:47','Active'),(474,82,9,0,'2017-05-16 10:05:47','2017-05-16 05:05:47','Active'),(475,82,10,0,'2017-05-16 10:05:47','2017-05-16 05:05:47','Active'),(476,83,1,1,'2017-05-16 10:05:40','2017-05-16 05:05:40','Inactive'),(477,83,2,0,'2017-05-16 10:05:40','2017-05-16 05:05:40','Active'),(478,83,3,0,'2017-05-16 10:05:40','2017-05-16 05:05:40','Active'),(479,83,4,0,'2017-05-16 10:05:40','2017-05-16 05:05:40','Active'),(480,83,5,0,'2017-05-16 10:05:40','2017-05-16 05:05:40','Active'),(481,83,6,0,'2017-05-16 10:05:40','2017-05-16 05:05:40','Active'),(482,83,7,0,'2017-05-16 10:05:40','2017-05-16 05:05:40','Active'),(483,83,8,0,'2017-05-16 10:05:40','2017-05-16 05:05:40','Active'),(484,83,9,0,'2017-05-16 10:05:40','2017-05-16 05:05:40','Active'),(485,83,10,0,'2017-05-16 10:05:40','2017-05-16 05:05:40','Active'),(486,84,1,1,'2017-05-16 10:05:57','2017-05-16 05:05:57','Inactive'),(487,84,2,0,'2017-05-16 10:05:57','2017-05-16 05:05:57','Active'),(488,84,3,0,'2017-05-16 10:05:57','2017-05-16 05:05:57','Active'),(489,84,4,0,'2017-05-16 10:05:57','2017-05-16 05:05:57','Active'),(490,84,5,0,'2017-05-16 10:05:57','2017-05-16 05:05:57','Active'),(491,84,6,0,'2017-05-16 10:05:57','2017-05-16 05:05:57','Active'),(492,84,7,0,'2017-05-16 10:05:57','2017-05-16 05:05:57','Active'),(493,84,8,0,'2017-05-16 10:05:57','2017-05-16 05:05:57','Active'),(494,84,9,0,'2017-05-16 10:05:57','2017-05-16 05:05:57','Active'),(495,84,10,0,'2017-05-16 10:05:57','2017-05-16 05:05:57','Active'),(496,85,1,1,'2017-05-16 10:05:22','2017-05-16 05:05:22','Inactive'),(497,85,2,0,'2017-05-16 10:05:22','2017-05-16 05:05:22','Active'),(498,85,3,0,'2017-05-16 10:05:22','2017-05-16 05:05:22','Active'),(499,85,4,0,'2017-05-16 10:05:22','2017-05-16 05:05:22','Active'),(500,85,5,0,'2017-05-16 10:05:22','2017-05-16 05:05:22','Active'),(501,85,6,0,'2017-05-16 10:05:22','2017-05-16 05:05:22','Active'),(502,85,7,0,'2017-05-16 10:05:22','2017-05-16 05:05:22','Active'),(503,85,8,0,'2017-05-16 10:05:22','2017-05-16 05:05:22','Active'),(504,85,9,0,'2017-05-16 10:05:22','2017-05-16 05:05:22','Active'),(505,85,10,0,'2017-05-16 10:05:22','2017-05-16 05:05:22','Active'),(535,91,10,0,'2017-05-18 11:05:38','2017-05-18 06:05:38','Active'),(534,91,9,0,'2017-05-18 11:05:38','2017-05-18 06:05:38','Active'),(533,91,8,0,'2017-05-18 11:05:38','2017-05-18 06:05:38','Active'),(532,91,7,0,'2017-05-18 11:05:38','2017-05-18 06:05:38','Active'),(531,91,6,0,'2017-05-18 11:05:38','2017-05-18 06:05:38','Active'),(530,91,5,0,'2017-05-18 11:05:38','2017-05-18 06:05:38','Active'),(529,91,4,0,'2017-05-18 11:05:38','2017-05-18 06:05:38','Active'),(528,91,3,0,'2017-05-18 11:05:38','2017-05-18 06:05:38','Active'),(527,91,2,0,'2017-05-18 11:05:38','2017-05-18 06:05:38','Active'),(526,91,1,1,'2017-05-18 11:05:38','2017-05-18 06:05:38','Inactive'),(536,94,1,1,'2017-07-10 15:07:56','2017-07-10 10:07:56','Inactive'),(537,94,2,0,'2017-07-10 15:07:56','2017-07-10 10:07:56','Active'),(538,94,3,0,'2017-07-10 15:07:56','2017-07-10 10:07:56','Active'),(539,94,4,0,'2017-07-10 15:07:56','2017-07-10 10:07:56','Active'),(540,94,5,0,'2017-07-10 15:07:56','2017-07-10 10:07:56','Active'),(541,94,6,0,'2017-07-10 15:07:56','2017-07-10 10:07:56','Active'),(542,94,7,0,'2017-07-10 15:07:56','2017-07-10 10:07:56','Active'),(543,94,8,0,'2017-07-10 15:07:56','2017-07-10 10:07:56','Active'),(544,94,9,0,'2017-07-10 15:07:56','2017-07-10 10:07:56','Active'),(545,94,10,0,'2017-07-10 15:07:56','2017-07-10 10:07:56','Active'),(605,100,10,0,'2017-08-31 14:08:12','2017-08-31 09:08:12','Active'),(604,100,9,0,'2017-08-31 14:08:12','2017-08-31 09:08:12','Active'),(603,100,8,0,'2017-08-31 14:08:12','2017-08-31 09:08:12','Active'),(602,100,7,0,'2017-08-31 14:08:12','2017-08-31 09:08:12','Active'),(601,100,6,0,'2017-08-31 14:08:12','2017-08-31 09:08:12','Active'),(600,100,5,0,'2017-08-31 14:08:12','2017-08-31 09:08:12','Active'),(599,100,4,0,'2017-08-31 14:08:12','2017-08-31 09:08:12','Active'),(598,100,3,0,'2017-08-31 14:08:12','2017-08-31 09:08:12','Active'),(597,100,2,0,'2017-08-31 14:08:12','2017-08-31 09:08:12','Active'),(596,100,1,1,'2017-08-31 14:08:12','2017-08-31 09:08:12','Inactive'),(556,96,1,1,'2017-07-10 15:07:47','2017-07-10 10:07:47','Inactive'),(557,96,2,0,'2017-07-10 15:07:47','2017-07-10 10:07:47','Active'),(558,96,3,0,'2017-07-10 15:07:47','2017-07-10 10:07:47','Active'),(559,96,4,0,'2017-07-10 15:07:47','2017-07-10 10:07:47','Active'),(560,96,5,0,'2017-07-10 15:07:47','2017-07-10 10:07:47','Active'),(561,96,6,0,'2017-07-10 15:07:47','2017-07-10 10:07:47','Active'),(562,96,7,0,'2017-07-10 15:07:47','2017-07-10 10:07:47','Active'),(563,96,8,0,'2017-07-10 15:07:47','2017-07-10 10:07:47','Active'),(564,96,9,0,'2017-07-10 15:07:47','2017-07-10 10:07:47','Active'),(565,96,10,0,'2017-07-10 15:07:47','2017-07-10 10:07:47','Active'),(566,97,1,1,'2017-08-15 07:08:19','2017-08-15 02:08:19','Inactive'),(567,97,2,0,'2017-08-15 07:08:19','2017-08-15 02:08:19','Active'),(568,97,3,0,'2017-08-15 07:08:19','2017-08-15 02:08:19','Active'),(569,97,4,0,'2017-08-15 07:08:19','2017-08-15 02:08:19','Active'),(570,97,5,0,'2017-08-15 07:08:19','2017-08-15 02:08:19','Active'),(571,97,6,0,'2017-08-15 07:08:19','2017-08-15 02:08:19','Active'),(572,97,7,0,'2017-08-15 07:08:19','2017-08-15 02:08:19','Active'),(573,97,8,0,'2017-08-15 07:08:19','2017-08-15 02:08:19','Active'),(574,97,9,0,'2017-08-15 07:08:19','2017-08-15 02:08:19','Active'),(575,97,10,0,'2017-08-15 07:08:19','2017-08-15 02:08:19','Active'),(595,99,10,0,'2017-08-18 09:08:57','2017-08-18 04:08:57','Active'),(594,99,9,0,'2017-08-18 09:08:57','2017-08-18 04:08:57','Active'),(593,99,8,0,'2017-08-18 09:08:57','2017-08-18 04:08:57','Active'),(592,99,7,0,'2017-08-18 09:08:57','2017-08-18 04:08:57','Active'),(591,99,6,0,'2017-08-18 09:08:57','2017-08-18 04:08:57','Active'),(590,99,5,0,'2017-08-18 09:08:57','2017-08-18 04:08:57','Active'),(589,99,4,0,'2017-08-18 09:08:57','2017-08-18 04:08:57','Active'),(588,99,3,0,'2017-08-18 09:08:57','2017-08-18 04:08:57','Active'),(587,99,2,0,'2017-08-18 09:08:57','2017-08-18 04:08:57','Active'),(586,99,1,1,'2017-08-18 09:08:57','2017-08-18 04:08:57','Inactive');
/*!40000 ALTER TABLE `policies_filters` ENABLE KEYS */;
UNLOCK TABLES;

--
-- Table structure for table `policies_formats`
--

DROP TABLE IF EXISTS `policies_formats`;
/*!40101 SET @saved_cs_client     = @@character_set_client */;
/*!40101 SET character_set_client = utf8 */;
CREATE TABLE `policies_formats` (
  `id` int(11) unsigned NOT NULL AUTO_INCREMENT,
  `name` varchar(150) DEFAULT NULL,
  `description` text,
  `create` timestamp NOT NULL DEFAULT CURRENT_TIMESTAMP,
  `modified` datetime DEFAULT NULL,
  `status` enum('Active','Inactive') NOT NULL DEFAULT 'Active',
  PRIMARY KEY (`id`)
) ENGINE=MyISAM AUTO_INCREMENT=3 DEFAULT CHARSET=utf8;
/*!40101 SET character_set_client = @saved_cs_client */;

--
-- Dumping data for table `policies_formats`
--

LOCK TABLES `policies_formats` WRITE;
/*!40000 ALTER TABLE `policies_formats` DISABLE KEYS */;
INSERT INTO `policies_formats` VALUES (1,'portrait','Vista Vertical del Documento','0000-00-00 00:00:00','2015-08-31 12:17:57','Active'),(2,'landscape','Vista horizontal del Documento','0000-00-00 00:00:00','2015-08-31 12:03:19','Active');
/*!40000 ALTER TABLE `policies_formats` ENABLE KEYS */;
UNLOCK TABLES;

--
-- Table structure for table `policies_subtypes`
--

DROP TABLE IF EXISTS `policies_subtypes`;
/*!40101 SET @saved_cs_client     = @@character_set_client */;
/*!40101 SET character_set_client = utf8 */;
CREATE TABLE `policies_subtypes` (
  `id` int(11) unsigned NOT NULL AUTO_INCREMENT,
  `policies_type_id` int(11) unsigned NOT NULL,
  `policies_subtypes_definitions_id` int(11) unsigned DEFAULT NULL,
  `description` text,
  `create` timestamp NOT NULL DEFAULT CURRENT_TIMESTAMP,
  `modified` datetime DEFAULT NULL,
  `status` enum('Active','Inactive') NOT NULL DEFAULT 'Active',
  PRIMARY KEY (`id`)
) ENGINE=MyISAM AUTO_INCREMENT=23 DEFAULT CHARSET=utf8;
/*!40101 SET character_set_client = @saved_cs_client */;

--
-- Dumping data for table `policies_subtypes`
--

LOCK TABLES `policies_subtypes` WRITE;
/*!40000 ALTER TABLE `policies_subtypes` DISABLE KEYS */;
INSERT INTO `policies_subtypes` VALUES (1,1,1,'Politicas Corporativas','0000-00-00 00:00:00','2015-09-25 12:14:04','Active'),(2,2,11,'Manuales Corporativos','0000-00-00 00:00:00','2016-12-06 09:58:09','Active'),(3,3,9,'Procedimientos Corporativos','0000-00-00 00:00:00','2016-01-14 16:07:56','Active'),(4,2,2,'Manuales de Imagen','0000-00-00 00:00:00','2015-09-25 12:21:10','Active'),(5,3,3,'Procedimientos de Finanzas y Administracion','0000-00-00 00:00:00','2017-05-17 11:39:55','Active'),(6,1,7,'Policies FA','0000-00-00 00:00:00','2016-01-14 15:32:27','Active'),(7,1,8,'policies ss','0000-00-00 00:00:00','2016-01-14 15:36:36','Active'),(8,1,6,'policies ti','0000-00-00 00:00:00','2016-01-14 15:36:03','Active'),(9,1,10,'Policies rh','0000-00-00 00:00:00','2016-01-28 10:13:09','Active'),(11,1,12,'Corporativas','0000-00-00 00:00:00','2017-01-06 12:04:43','Active'),(12,2,13,'Manual Corporativo','0000-00-00 00:00:00','2017-04-12 12:04:15','Active'),(13,3,14,'Corporativos','0000-00-00 00:00:00','2017-04-12 13:27:46','Active'),(14,3,15,'Procedimientos Operativos','0000-00-00 00:00:00','2017-05-12 17:04:48','Active'),(15,2,16,'Manuales Operativos','0000-00-00 00:00:00','2017-05-12 17:49:37','Active'),(16,1,17,'Operaciones','0000-00-00 00:00:00','2017-05-16 16:22:21','Active'),(17,3,18,'Procedimientos Recursos Humanos','0000-00-00 00:00:00','2017-05-16 17:15:44','Active'),(18,2,19,'Manuales Recursos Humanos','0000-00-00 00:00:00','2017-05-16 17:23:54','Active'),(19,2,20,'Manuales de Finanzas y Administracion','0000-00-00 00:00:00','2017-05-16 17:26:15','Active'),(21,3,22,'Procedimientos que pertenecen a las Tecnologas de la Informacin','0000-00-00 00:00:00','2017-05-18 12:53:18','Active'),(22,5,23,'Formatos de Recursos Humanos ','0000-00-00 00:00:00','2017-07-10 10:14:33','Active');
/*!40000 ALTER TABLE `policies_subtypes` ENABLE KEYS */;
UNLOCK TABLES;

--
-- Table structure for table `policies_subtypes_definitions`
--

DROP TABLE IF EXISTS `policies_subtypes_definitions`;
/*!40101 SET @saved_cs_client     = @@character_set_client */;
/*!40101 SET character_set_client = utf8 */;
CREATE TABLE `policies_subtypes_definitions` (
  `id` int(11) unsigned NOT NULL AUTO_INCREMENT,
  `name` varchar(150) DEFAULT NULL,
  `description` text,
  `create` timestamp NOT NULL DEFAULT CURRENT_TIMESTAMP,
  `modified` datetime DEFAULT NULL,
  `status` enum('Active','Inactive') NOT NULL DEFAULT 'Active',
  PRIMARY KEY (`id`)
) ENGINE=MyISAM AUTO_INCREMENT=24 DEFAULT CHARSET=utf8;
/*!40101 SET character_set_client = @saved_cs_client */;

--
-- Dumping data for table `policies_subtypes_definitions`
--

LOCK TABLES `policies_subtypes_definitions` WRITE;
/*!40000 ALTER TABLE `policies_subtypes_definitions` DISABLE KEYS */;
INSERT INTO `policies_subtypes_definitions` VALUES (1,'Policies','Polticas','0000-00-00 00:00:00','2015-09-23 11:59:24','Active'),(2,'Manuals','Imagen Corporativa','0000-00-00 00:00:00','2016-01-14 16:16:25','Active'),(3,'Procedimientos Finanzas y Administracion','Finanzas y Administracin ','0000-00-00 00:00:00','2017-05-17 11:39:19','Active'),(4,'Politicas CO','Corporativas','0000-00-00 00:00:00','2016-01-14 15:28:46','Active'),(5,'Politicas OP','Operativas','0000-00-00 00:00:00','2016-01-14 15:29:01','Active'),(6,'Politicas TI','Tecnologas de la Informacin','0000-00-00 00:00:00','2016-01-14 15:29:30','Active'),(7,'Politicas FA','Finanzas y Administracin','0000-00-00 00:00:00','2016-01-14 15:29:52','Active'),(8,'Politicas SS','Salud y Seguridad Ocupacional','0000-00-00 00:00:00','2016-01-14 15:30:20','Active'),(9,'Procesos de Salud y Seguridad Ocupacional','Salud y Seguridad Ocupacional','0000-00-00 00:00:00','2017-05-18 12:22:27','Active'),(10,'Politicas RH','Recursos Humanos','0000-00-00 00:00:00','2016-01-28 10:12:06','Active'),(11,'Manuals GST','Contabilidad','0000-00-00 00:00:00','2016-12-06 09:58:52','Active'),(12,'Corporativas','Corporativas','0000-00-00 00:00:00','2017-01-06 12:03:59','Active'),(13,'Manuales y Guias Corporativas','Corporativos','0000-00-00 00:00:00','2017-04-12 12:12:31','Active'),(14,'Procedimientos Corporativos','Corporativos','0000-00-00 00:00:00','2017-04-12 13:26:00','Active'),(15,'Procedimientos Operativos','Operaciones','0000-00-00 00:00:00','2017-05-16 16:22:56','Active'),(16,'Manuales Operativos','Operaciones','0000-00-00 00:00:00','2017-05-16 16:20:42','Active'),(17,'Politicas Operaciones','Operaciones','0000-00-00 00:00:00','2017-05-16 16:21:31','Active'),(18,'Procedimientos Recursos Humanos','Recursos Humanos','0000-00-00 00:00:00','2017-05-16 17:15:15','Active'),(19,'Manuales Recursos Humanos','Recursos Humanos','0000-00-00 00:00:00','2017-05-16 17:23:23','Active'),(20,'Manuales Finanzas y Administracion','Finanzas y Administracin','0000-00-00 00:00:00','2017-05-16 17:25:48','Active'),(22,'Procedimientos de las Tecnologas de la infomacin','Tecnologas de la infomacin','0000-00-00 00:00:00','2017-05-17 17:37:51','Active'),(23,'FormatosRecusrsosHumanos','Recursos Humanos','0000-00-00 00:00:00','2017-07-10 10:12:48','Active');
/*!40000 ALTER TABLE `policies_subtypes_definitions` ENABLE KEYS */;
UNLOCK TABLES;

--
-- Table structure for table `policies_type`
--

DROP TABLE IF EXISTS `policies_type`;
/*!40101 SET @saved_cs_client     = @@character_set_client */;
/*!40101 SET character_set_client = utf8 */;
CREATE TABLE `policies_type` (
  `id` int(11) unsigned NOT NULL AUTO_INCREMENT,
  `name` varchar(150) DEFAULT NULL,
  `description` text,
  `create` timestamp NOT NULL DEFAULT CURRENT_TIMESTAMP,
  `modified` datetime DEFAULT NULL,
  `status` enum('Active','Inactive') NOT NULL DEFAULT 'Active',
  PRIMARY KEY (`id`)
) ENGINE=MyISAM AUTO_INCREMENT=6 DEFAULT CHARSET=utf8;
/*!40101 SET character_set_client = @saved_cs_client */;

--
-- Dumping data for table `policies_type`
--

LOCK TABLES `policies_type` WRITE;
/*!40000 ALTER TABLE `policies_type` DISABLE KEYS */;
INSERT INTO `policies_type` VALUES (1,'Poltica','Polticas','0000-00-00 00:00:00','2015-09-11 13:19:35','Active'),(2,'Manual','Manuales','0000-00-00 00:00:00','2015-09-11 13:19:27','Active'),(3,'Procedimiento','Procedimientos','0000-00-00 00:00:00','2015-09-11 18:14:06','Active'),(4,'Formato','anexo no descargable , no imprimible , pero si visible','0000-00-00 00:00:00','2015-09-14 12:38:44','Inactive'),(5,'FormatoDescargable','Formatos','0000-00-00 00:00:00','2017-07-10 10:03:31','Active');
/*!40000 ALTER TABLE `policies_type` ENABLE KEYS */;
UNLOCK TABLES;

--
-- Current Database: `portal_company`
--

CREATE DATABASE /*!32312 IF NOT EXISTS*/ `portal_company` /*!40100 DEFAULT CHARACTER SET utf8 */;

USE `portal_company`;

--
-- Table structure for table `business_units`
--

DROP TABLE IF EXISTS `business_units`;
/*!40101 SET @saved_cs_client     = @@character_set_client */;
/*!40101 SET character_set_client = utf8 */;
CREATE TABLE `business_units` (
  `id` int(11) unsigned NOT NULL AUTO_INCREMENT,
  `company_id` int(11) unsigned NOT NULL,
  `name` varchar(150) DEFAULT NULL,
  `description` text,
  `create` timestamp NOT NULL DEFAULT CURRENT_TIMESTAMP,
  `modified` datetime DEFAULT NULL,
  `status` enum('Active','Inactive') NOT NULL DEFAULT 'Active',
  PRIMARY KEY (`id`)
) ENGINE=MyISAM AUTO_INCREMENT=11 DEFAULT CHARSET=utf8;
/*!40101 SET character_set_client = @saved_cs_client */;

--
-- Dumping data for table `business_units`
--

LOCK TABLES `business_units` WRITE;
/*!40000 ALTER TABLE `business_units` DISABLE KEYS */;
INSERT INTO `business_units` VALUES (1,1,'TBKORI','unidad de negocio orizaba','0000-00-00 00:00:00','2015-09-08 11:28:35','Active'),(2,1,'TBKGDL','unidad de negocio guadalajara','0000-00-00 00:00:00','2015-09-08 11:28:50','Active'),(3,1,'TBKRAM','unidad de negocio ramos','0000-00-00 00:00:00','2015-09-08 11:29:11','Active'),(4,1,'TBKHER','unidad de negocio hermosillo','0000-00-00 00:00:00','2015-09-08 11:32:08','Active'),(5,1,'TBKLAP','unidad de negocio la paz','0000-00-00 00:00:00','2015-09-08 11:32:29','Active'),(6,1,'TBKTIJ','unidad de negocio mexicali','0000-00-00 00:00:00','2015-09-08 11:32:49','Active'),(7,2,'ATMMAC','unidad de negocio macuspana','0000-00-00 00:00:00','2015-09-08 11:33:21','Active'),(8,3,'TEICUA','unidad de negocio teisa','0000-00-00 00:00:00','2015-09-08 11:33:52','Active'),(9,1,'TBKCUL','TBK culiacan','0000-00-00 00:00:00','2016-01-07 15:46:33','Active'),(10,3,'TCGTUL','unidad de negocio  geminis','0000-00-00 00:00:00','2017-01-19 10:12:08','Active');
/*!40000 ALTER TABLE `business_units` ENABLE KEYS */;
UNLOCK TABLES;

--
-- Table structure for table `company`
--

DROP TABLE IF EXISTS `company`;
/*!40101 SET @saved_cs_client     = @@character_set_client */;
/*!40101 SET character_set_client = utf8 */;
CREATE TABLE `company` (
  `id` int(11) unsigned NOT NULL AUTO_INCREMENT,
  `user_id` int(11) unsigned NOT NULL,
  `group_id` int(11) unsigned NOT NULL,
  `name` varchar(150) DEFAULT NULL,
  `description` text,
  `create` timestamp NOT NULL DEFAULT CURRENT_TIMESTAMP,
  `modified` datetime DEFAULT NULL,
  `status` enum('Active','Inactive') NOT NULL DEFAULT 'Active',
  `nom_id` int(11) unsigned NOT NULL DEFAULT '0',
  PRIMARY KEY (`id`)
) ENGINE=MyISAM AUTO_INCREMENT=5 DEFAULT CHARSET=utf8;
/*!40101 SET character_set_client = @saved_cs_client */;

--
-- Dumping data for table `company`
--

LOCK TABLES `company` WRITE;
/*!40000 ALTER TABLE `company` DISABLE KEYS */;
INSERT INTO `company` VALUES (1,3,1,'TBK','Transportes Bonampak S.A de C.V','0000-00-00 00:00:00','2015-08-24 13:04:21','Active',2),(2,3,1,'ATM','Autotransportes Macuspana S.A. de C.V.','0000-00-00 00:00:00','2015-08-24 13:06:12','Active',3),(3,3,1,'TEISA','Transportadora Especializada S.A. de C.V.','0000-00-00 00:00:00','2015-08-24 13:07:03','Active',1),(4,3,1,'GST','Grupo Servicios de Transporte S.A. de C.V.','0000-00-00 00:00:00','2015-08-24 13:07:44','Active',4);
/*!40000 ALTER TABLE `company` ENABLE KEYS */;
UNLOCK TABLES;

--
-- Current Database: `portal_secure`
--

CREATE DATABASE /*!32312 IF NOT EXISTS*/ `portal_secure` /*!40100 DEFAULT CHARACTER SET utf8 */;

USE `portal_secure`;

--
-- Table structure for table `secure_calendars`
--

DROP TABLE IF EXISTS `secure_calendars`;
/*!40101 SET @saved_cs_client     = @@character_set_client */;
/*!40101 SET character_set_client = utf8 */;
CREATE TABLE `secure_calendars` (
  `id` int(11) unsigned NOT NULL AUTO_INCREMENT,
  `title` varchar(255) DEFAULT NULL,
  `allday` tinyint(1) NOT NULL DEFAULT '0',
  `editable` tinyint(1) NOT NULL DEFAULT '0',
  `start` timestamp NULL DEFAULT NULL,
  `end` timestamp NULL DEFAULT NULL,
  `url` varchar(255) DEFAULT NULL,
  `constraint` varchar(255) DEFAULT NULL,
  `color` varchar(255) DEFAULT NULL,
  `rendering` varchar(255) DEFAULT NULL,
  `overlap` varchar(255) DEFAULT NULL,
  `description` text,
  `create` timestamp NOT NULL DEFAULT CURRENT_TIMESTAMP,
  `modified` datetime DEFAULT NULL,
  `status` tinyint(1) NOT NULL DEFAULT '1',
  PRIMARY KEY (`id`)
) ENGINE=MyISAM AUTO_INCREMENT=5 DEFAULT CHARSET=utf8;
/*!40101 SET character_set_client = @saved_cs_client */;

--
-- Dumping data for table `secure_calendars`
--

LOCK TABLES `secure_calendars` WRITE;
/*!40000 ALTER TABLE `secure_calendars` DISABLE KEYS */;
INSERT INTO `secure_calendars` VALUES (1,'Induccin a personal de nuevo ingreso',0,1,'2016-04-06 05:00:00','2016-04-06 06:00:00',NULL,NULL,'#12677b',NULL,NULL,'Induccin a personal de nuevo ingreso\r\n','0000-00-00 00:00:00','2016-04-06 17:12:48',1),(2,'Politica de Seguridad',0,1,'2016-04-07 05:00:00','2016-04-07 06:00:00',NULL,NULL,'#924390',NULL,NULL,'Poltica de Seguridad\r\n','0000-00-00 00:00:00','2016-04-06 17:14:01',1),(3,'test_event',0,1,'2017-08-22 05:00:00','2017-08-22 06:00:00',NULL,NULL,'#ff0000',NULL,NULL,'all events','0000-00-00 00:00:00','2017-08-22 17:52:12',1),(4,'test_2',0,1,'2017-08-31 05:00:00','2017-08-31 06:00:00',NULL,NULL,'#9499b5',NULL,NULL,'test_two','0000-00-00 00:00:00','2017-08-22 18:01:00',1);
/*!40000 ALTER TABLE `secure_calendars` ENABLE KEYS */;
UNLOCK TABLES;

--
-- Table structure for table `secure_control_users`
--

DROP TABLE IF EXISTS `secure_control_users`;
/*!40101 SET @saved_cs_client     = @@character_set_client */;
/*!40101 SET character_set_client = utf8 */;
CREATE TABLE `secure_control_users` (
  `id` int(11) unsigned NOT NULL AUTO_INCREMENT,
  `secure_structures_id` int(11) unsigned NOT NULL,
  `view_get_payrolls_id` int(11) unsigned NOT NULL,
  `secure_calendars_id` int(11) unsigned NOT NULL,
  `course_is_taken` tinyint(4) NOT NULL DEFAULT '0',
  `description` text,
  `create` timestamp NOT NULL DEFAULT CURRENT_TIMESTAMP,
  `modified` timestamp NOT NULL DEFAULT '0000-00-00 00:00:00',
  `status` tinyint(1) NOT NULL DEFAULT '1',
  PRIMARY KEY (`id`)
) ENGINE=MyISAM DEFAULT CHARSET=utf8;
/*!40101 SET character_set_client = @saved_cs_client */;

--
-- Dumping data for table `secure_control_users`
--

LOCK TABLES `secure_control_users` WRITE;
/*!40000 ALTER TABLE `secure_control_users` DISABLE KEYS */;
/*!40000 ALTER TABLE `secure_control_users` ENABLE KEYS */;
UNLOCK TABLES;

--
-- Table structure for table `secure_goes`
--

DROP TABLE IF EXISTS `secure_goes`;
/*!40101 SET @saved_cs_client     = @@character_set_client */;
/*!40101 SET character_set_client = utf8 */;
CREATE TABLE `secure_goes` (
  `id` int(11) unsigned NOT NULL AUTO_INCREMENT,
  `group_id` int(11) unsigned NOT NULL,
  `name` varchar(255) NOT NULL,
  `description` text,
  `create` timestamp NOT NULL DEFAULT CURRENT_TIMESTAMP,
  `modified` datetime DEFAULT NULL,
  `status` tinyint(1) NOT NULL DEFAULT '1',
  PRIMARY KEY (`id`)
) ENGINE=MyISAM AUTO_INCREMENT=2 DEFAULT CHARSET=utf8;
/*!40101 SET character_set_client = @saved_cs_client */;

--
-- Dumping data for table `secure_goes`
--

LOCK TABLES `secure_goes` WRITE;
/*!40000 ALTER TABLE `secure_goes` DISABLE KEYS */;
INSERT INTO `secure_goes` VALUES (1,1,'Operadores de Tractocamiones','Operadores de Tractocamiones\r\n','0000-00-00 00:00:00','2016-02-25 17:35:22',1);
/*!40000 ALTER TABLE `secure_goes` ENABLE KEYS */;
UNLOCK TABLES;

--
-- Table structure for table `secure_gpo_chiefs`
--

DROP TABLE IF EXISTS `secure_gpo_chiefs`;
/*!40101 SET @saved_cs_client     = @@character_set_client */;
/*!40101 SET character_set_client = utf8 */;
CREATE TABLE `secure_gpo_chiefs` (
  `id` int(11) unsigned NOT NULL AUTO_INCREMENT,
  `group_id` int(11) unsigned NOT NULL,
  `name` varchar(255) NOT NULL,
  `description` text,
  `create` timestamp NOT NULL DEFAULT CURRENT_TIMESTAMP,
  `modified` datetime DEFAULT NULL,
  `status` tinyint(1) NOT NULL DEFAULT '1',
  PRIMARY KEY (`id`)
) ENGINE=MyISAM AUTO_INCREMENT=2 DEFAULT CHARSET=utf8;
/*!40101 SET character_set_client = @saved_cs_client */;

--
-- Dumping data for table `secure_gpo_chiefs`
--

LOCK TABLES `secure_gpo_chiefs` WRITE;
/*!40000 ALTER TABLE `secure_gpo_chiefs` DISABLE KEYS */;
INSERT INTO `secure_gpo_chiefs` VALUES (1,1,'Seguridad e Higiene','Seguridad e Higiene','0000-00-00 00:00:00','2016-02-25 17:33:46',1);
/*!40000 ALTER TABLE `secure_gpo_chiefs` ENABLE KEYS */;
UNLOCK TABLES;

--
-- Table structure for table `secure_presenters`
--

DROP TABLE IF EXISTS `secure_presenters`;
/*!40101 SET @saved_cs_client     = @@character_set_client */;
/*!40101 SET character_set_client = utf8 */;
CREATE TABLE `secure_presenters` (
  `id` int(11) unsigned NOT NULL AUTO_INCREMENT,
  `group_id` int(11) unsigned NOT NULL,
  `user_id` int(11) unsigned NOT NULL,
  `description` text,
  `create` timestamp NOT NULL DEFAULT CURRENT_TIMESTAMP,
  `modified` datetime DEFAULT NULL,
  `status` tinyint(1) NOT NULL DEFAULT '1',
  PRIMARY KEY (`id`)
) ENGINE=MyISAM AUTO_INCREMENT=4 DEFAULT CHARSET=utf8;
/*!40101 SET character_set_client = @saved_cs_client */;

--
-- Dumping data for table `secure_presenters`
--

LOCK TABLES `secure_presenters` WRITE;
/*!40000 ALTER TABLE `secure_presenters` DISABLE KEYS */;
INSERT INTO `secure_presenters` VALUES (1,4,53,'user of secure ','0000-00-00 00:00:00','2016-04-06 17:15:35',1),(2,4,63,'test user for secure','0000-00-00 00:00:00','2016-03-08 16:35:31',1),(3,4,5,'aa','0000-00-00 00:00:00','2016-03-08 17:12:41',1);
/*!40000 ALTER TABLE `secure_presenters` ENABLE KEYS */;
UNLOCK TABLES;

--
-- Table structure for table `secure_structures`
--

DROP TABLE IF EXISTS `secure_structures`;
/*!40101 SET @saved_cs_client     = @@character_set_client */;
/*!40101 SET character_set_client = utf8 */;
CREATE TABLE `secure_structures` (
  `id` int(11) unsigned NOT NULL AUTO_INCREMENT,
  `group_id` int(11) unsigned NOT NULL,
  `user_id` int(11) unsigned NOT NULL,
  `secure_topics_id` int(11) unsigned NOT NULL,
  `secure_topics_types_id` int(11) unsigned NOT NULL,
  `secure_gpo_chiefs_id` int(11) unsigned NOT NULL,
  `secure_goes_id` int(11) unsigned NOT NULL,
  `secure_calendars_id` int(11) unsigned NOT NULL,
  `start_real` timestamp NULL DEFAULT NULL,
  `end_real` timestamp NULL DEFAULT NULL,
  `description` text,
  `create` timestamp NOT NULL DEFAULT CURRENT_TIMESTAMP,
  `modified` datetime DEFAULT NULL,
  `status` tinyint(1) NOT NULL DEFAULT '1',
  PRIMARY KEY (`id`)
) ENGINE=MyISAM AUTO_INCREMENT=5 DEFAULT CHARSET=utf8;
/*!40101 SET character_set_client = @saved_cs_client */;

--
-- Dumping data for table `secure_structures`
--

LOCK TABLES `secure_structures` WRITE;
/*!40000 ALTER TABLE `secure_structures` DISABLE KEYS */;
INSERT INTO `secure_structures` VALUES (1,3,63,1,1,1,1,1,NULL,NULL,'Induccin a personal de nuevo ingreso\r\n','2016-04-06 10:04:48','2016-04-06 17:12:48',1),(2,3,5,2,1,1,1,2,NULL,NULL,'Poltica de Seguridad\r\n','2016-04-06 10:04:01','2016-04-06 17:14:01',1),(3,1,5,2,1,1,1,3,NULL,NULL,'all events','2017-08-22 10:08:12','2017-08-22 17:52:12',1),(4,1,5,1,1,1,1,4,NULL,NULL,'test_two','2017-08-22 10:08:44','2017-08-22 17:52:44',1);
/*!40000 ALTER TABLE `secure_structures` ENABLE KEYS */;
UNLOCK TABLES;

--
-- Table structure for table `secure_topics`
--

DROP TABLE IF EXISTS `secure_topics`;
/*!40101 SET @saved_cs_client     = @@character_set_client */;
/*!40101 SET character_set_client = utf8 */;
CREATE TABLE `secure_topics` (
  `id` int(11) unsigned NOT NULL AUTO_INCREMENT,
  `group_id` int(11) unsigned NOT NULL,
  `name` varchar(255) NOT NULL,
  `description` text,
  `create` timestamp NOT NULL DEFAULT CURRENT_TIMESTAMP,
  `modified` datetime DEFAULT NULL,
  `status` tinyint(1) NOT NULL DEFAULT '1',
  PRIMARY KEY (`id`)
) ENGINE=MyISAM AUTO_INCREMENT=3 DEFAULT CHARSET=utf8;
/*!40101 SET character_set_client = @saved_cs_client */;

--
-- Dumping data for table `secure_topics`
--

LOCK TABLES `secure_topics` WRITE;
/*!40000 ALTER TABLE `secure_topics` DISABLE KEYS */;
INSERT INTO `secure_topics` VALUES (1,3,'Induccion a personal de nuevo ingreso','Induccion a personal de nuevo ingreso\r\n','0000-00-00 00:00:00','2016-04-06 17:14:40',1),(2,3,'Politica de Seguridad','Politica de Seguridad ','0000-00-00 00:00:00','2016-04-07 11:23:56',1);
/*!40000 ALTER TABLE `secure_topics` ENABLE KEYS */;
UNLOCK TABLES;

--
-- Table structure for table `secure_topics_types`
--

DROP TABLE IF EXISTS `secure_topics_types`;
/*!40101 SET @saved_cs_client     = @@character_set_client */;
/*!40101 SET character_set_client = utf8 */;
CREATE TABLE `secure_topics_types` (
  `id` int(11) unsigned NOT NULL AUTO_INCREMENT,
  `group_id` int(11) unsigned NOT NULL,
  `name` varchar(255) NOT NULL,
  `description` text,
  `create` timestamp NOT NULL DEFAULT CURRENT_TIMESTAMP,
  `modified` datetime DEFAULT NULL,
  `status` tinyint(1) NOT NULL DEFAULT '1',
  PRIMARY KEY (`id`)
) ENGINE=MyISAM AUTO_INCREMENT=2 DEFAULT CHARSET=utf8;
/*!40101 SET character_set_client = @saved_cs_client */;

--
-- Dumping data for table `secure_topics_types`
--

LOCK TABLES `secure_topics_types` WRITE;
/*!40000 ALTER TABLE `secure_topics_types` DISABLE KEYS */;
INSERT INTO `secure_topics_types` VALUES (1,3,'Documental','Documental','0000-00-00 00:00:00','2016-04-06 17:14:49',1);
/*!40000 ALTER TABLE `secure_topics_types` ENABLE KEYS */;
UNLOCK TABLES;
/*!40103 SET TIME_ZONE=@OLD_TIME_ZONE */;

/*!40101 SET SQL_MODE=@OLD_SQL_MODE */;
/*!40014 SET FOREIGN_KEY_CHECKS=@OLD_FOREIGN_KEY_CHECKS */;
/*!40014 SET UNIQUE_CHECKS=@OLD_UNIQUE_CHECKS */;
/*!40101 SET CHARACTER_SET_CLIENT=@OLD_CHARACTER_SET_CLIENT */;
/*!40101 SET CHARACTER_SET_RESULTS=@OLD_CHARACTER_SET_RESULTS */;
/*!40101 SET COLLATION_CONNECTION=@OLD_COLLATION_CONNECTION */;
/*!40111 SET SQL_NOTES=@OLD_SQL_NOTES */;

-- Dump completed on 2017-10-03 14:26:06
